tag,freq,method,score,uri,label,candidates,score_band,mention_band,stratum,stratum_size,stratum_mentions,sampled_in_stratum,example_titles,split
back office,293,embedding,0.6552,http://data.europa.eu/esco/skill/6a609f8f-1451-4102-ad2d-62c5270e1237,office administration,"[{""uri"": ""http://data.europa.eu/esco/skill/6a609f8f-1451-4102-ad2d-62c5270e1237"", ""label"": ""office administration"", ""score"": 0.6552}, {""uri"": ""http://data.europa.eu/esco/skill/20697183-d42a-45fc-b8ad-03e49bdb7d9e"", ""label"": ""manage front operations"", ""score"": 0.5713}, {""uri"": ""http://data.europa.eu/esco/skill/58783f72-5098-4807-b1d1-954ec2ae94c4"", ""label"": ""Backbox (penetration testing tool)"", ""score"": 0.5408}, {""uri"": ""http://data.europa.eu/esco/skill/5a234b3b-63b4-482f-b481-a1ff9d95bbf8"", ""label"": ""office equipment"", ""score"": 0.5358}, {""uri"": ""http://data.europa.eu/esco/skill/fbca4e43-3816-44cf-81a5-d7b5ae320c00"", ""label"": ""guide staff"", ""score"": 0.5311}]",0.60-0.70,high,0.60-0.70|high,101,50598,13,Clerk | Calypso Business Analyst L3 - Bangalore | Sales Support Executive -Security & Surveillance,dev
compliance,1174,embedding,0.6431,http://data.europa.eu/esco/skill/afbc401c-cad8-43b6-8d61-775d2c7b58d5,prepare compliance documents,"[{""uri"": ""http://data.europa.eu/esco/skill/afbc401c-cad8-43b6-8d61-775d2c7b58d5"", ""label"": ""prepare compliance documents"", ""score"": 0.6431}, {""uri"": ""http://data.europa.eu/esco/skill/5b8a3dd2-de10-48a0-8ce5-522f1fff8450"", ""label"": ""perform contract compliance audits"", ""score"": 0.6388}, {""uri"": ""http://data.europa.eu/esco/skill/3ff589b7-68df-4ea5-ae41-b395bdb2378f"", ""label"": ""ICT security standards"", ""score"": 0.6376}, {""uri"": ""http://data.europa.eu/esco/skill/b618584f-6bdf-4d8f-89a7-f28c2c95afc2"", ""label"": ""comply with regulations"", ""score"": 0.635}, {""uri"": ""http://data.europa.eu/esco/skill/415f816c-07ae-4ac1-9ddb-ecaa9957a249"", ""label"": ""law enforcement"", ""score"": 0.6215}]",0.60-0.70,high,0.60-0.70|high,101,50598,13,Manager - Fraud Regulatory Reporting & MIS | CBG: SBB Relationship Manager - Working Capital | Channel Sales Manager - Agency Health,test
content writing,790,embedding,0.684,http://data.europa.eu/esco/skill/b63ba4e4-ebf4-4e17-b0d6-662244022a4f,provide guidelines for content development,"[{""uri"": ""http://data.europa.eu/esco/skill/b63ba4e4-ebf4-4e17-b0d6-662244022a4f"", ""label"": ""provide guidelines for content development"", ""score"": 0.684}, {""uri"": ""http://data.europa.eu/esco/skill/91dd8397-063d-499c-83b9-0603a10d94ac"", ""label"": ""writing techniques"", ""score"": 0.6662}, {""uri"": ""http://data.europa.eu/esco/skill/e74f4f21-8d45-412c-b5c3-652e6167ee32"", ""label"": ""content development processes"", ""score"": 0.6556}, {""uri"": ""http://data.europa.eu/esco/skill/be40c4c3-a855-4d67-9ca5-6f4428c34b0d"", ""label"": ""provide written content"", ""score"": 0.6519}, {""uri"": ""http://data.europa.eu/esco/skill/f5369f2f-e52b-43d8-8d31-79a6c11188d8"", ""label"": ""digital content creation"", ""score"": 0.6265}]",0.60-0.70,high,0.60-0.70|high,101,50598,13,Assistant manager - Content Writer | Content Writing | Market Research - Content Creation (6 months internship),dev
field,423,embedding,0.6292,http://data.europa.eu/esco/skill/ec18652e-c6c9-496b-9360-aabbbcaa0fa0,construct greens and grounds,"[{""uri"": ""http://data.europa.eu/esco/skill/ec18652e-c6c9-496b-9360-aabbbcaa0fa0"", ""label"": ""construct greens and grounds"", ""score"": 0.6292}, {""uri"": ""http://data.europa.eu/esco/skill/bc54eee1-a858-4f80-afdc-0442a617ef50"", ""label"": ""conduct field work"", ""score"": 0.5687}, {""uri"": ""http://data.europa.eu/esco/skill/70f89c90-0290-4fbb-a91a-d433a5f28b15"", ""label"": ""monitor fields"", ""score"": 0.5596}, {""uri"": ""http://data.europa.eu/esco/skill/9d8ff89d-728d-4875-9fbf-f6f1a22dce8b"", ""label"": ""inspect agricultural fields"", ""score"": 0.5499}, {""uri"": ""http://data.europa.eu/esco/skill/fe7cf77c-812c-49cd-9448-6e347f0ad040"", ""label"": ""inspect sport stadium"", ""score"": 0.54}]",0.60-0.70,high,0.60-0.70|high,101,50598,13,Sales Executive | Field Executive | Relationship Manager,test
international,380,embedding,0.6641,http://data.europa.eu/esco/skill/77931759-69af-4637-8b26-c8376f9240e2,international business,"[{""uri"": ""http://data.europa.eu/esco/skill/77931759-69af-4637-8b26-c8376f9240e2"", ""label"": ""international business"", ""score"": 0.6641}, {""uri"": ""http://data.europa.eu/esco/skill/11cbcf7f-8dc3-4c9a-9ec1-37f51b5cbc19"", ""label"": ""international trade"", ""score"": 0.6175}, {""uri"": ""http://data.europa.eu/esco/skill/a3aa300b-6636-40fc-abe7-4ab3808dd742"", ""label"": ""international law"", ""score"": 0.5954}, {""uri"": ""http://data.europa.eu/esco/skill/21a3967a-dca2-4efa-9e5f-943f15527a47"", ""label"": ""international tariffs"", ""score"": 0.5571}, {""uri"": ""http://data.europa.eu/esco/skill/21d2f96d-35f7-4e3f-9745-c533d2dd6e97"", ""label"": ""computer programming"", ""score"": 0.5472}]",0.60-0.70,high,0.60-0.70|high,101,50598,13,PART TIME Associates | International Process Associate | HR Kayenat - Walk-In Reference CODE | International Sales Executive,dev
international bpo,1020,embedding,0.6665,http://data.europa.eu/esco/skill/77931759-69af-4637-8b26-c8376f9240e2,international business,"[{""uri"": ""http://data.europa.eu/esco/skill/77931759-69af-4637-8b26-c8376f9240e2"", ""label"": ""international business"", ""score"": 0.6665}, {""uri"": ""http://data.europa.eu/esco/skill/658605f2-1c95-49f0-bd98-0af7b15ad0b0"", ""label"": ""entrepreneurship"", ""score"": 0.5814}, {""uri"": ""http://data.europa.eu/esco/skill/2d140a3a-45a6-4248-80dd-b3760ebc9cc6"", ""label"": ""operations management"", ""score"": 0.5642}, {""uri"": ""http://data.europa.eu/esco/skill/9e84a506-df06-4be3-874a-fa01293e3dd5"", ""label"": ""business processes"", ""score"": 0.5539}, {""uri"": ""http://data.europa.eu/esco/skill/98301d4a-2cc3-439d-8d7f-0b6ac76302bb"", ""label"": ""business process modelling"", ""score"": 0.5536}]",0.60-0.70,high,0.60-0.70|high,101,50598,13,International Voice Process || Customer Care & Upselling (UK Shift) | Cognizant | Customer Service | International Process | Upto 5.5 LPA | Hiring | US Customer Service Voice Process | Fresher& Exp| Gurgaon,dev
lead generation,1800,embedding,0.671,http://data.europa.eu/esco/skill/10026df1-670d-4c75-b3d5-ee0037f9d59b,lead process optimisation,"[{""uri"": ""http://data.europa.eu/esco/skill/10026df1-670d-4c75-b3d5-ee0037f9d59b"", ""label"": ""lead process optimisation"", ""score"": 0.671}, {""uri"": ""http://data.europa.eu/esco/skill/75d8e5d9-bef3-418b-9011-01bff9f27207"", ""label"": ""lead others"", ""score"": 0.6548}, {""uri"": ""http://data.europa.eu/esco/skill/12c82224-6394-4c3c-9831-2a8198ed1274"", ""label"": ""optical character recognition software"", ""score"": 0.6274}, {""uri"": ""http://data.europa.eu/esco/skill/b91535d7-1265-455d-a565-901e2eafa883"", ""label"": ""lead technology development of an organisation"", ""score"": 0.5945}, {""uri"": ""http://data.europa.eu/esco/skill/30a494f3-117e-4181-949f-9b11ef5da730"", ""label"": ""lead healthcare services changes"", ""score"": 0.5807}]",0.60-0.70,high,0.60-0.70|high,101,50598,13,RB-LS: Business Development Associate | RL - Rural Lending:Gold Loan Officer | Marketing Coordinator,dev
manager technology,617,embedding,0.6925,http://data.europa.eu/esco/skill/b1ef509e-f191-405a-8419-51663b08922e,implement a management system,"[{""uri"": ""http://data.europa.eu/esco/skill/b1ef509e-f191-405a-8419-51663b08922e"", ""label"": ""implement a management system"", ""score"": 0.6925}, {""uri"": ""http://data.europa.eu/esco/skill/953445c0-4770-4be0-91cf-270a64c0e297"", ""label"": ""implement strategic management"", ""score"": 0.6217}, {""uri"": ""http://data.europa.eu/esco/skill/4bd6e2ad-bf69-4198-b3ac-3baabd9da46e"", ""label"": ""support managers"", ""score"": 0.6198}, {""uri"": ""http://data.europa.eu/esco/skill/848b5879-10af-4e3a-bfbf-263956b4ebf3"", ""label"": ""management department processes"", ""score"": 0.6116}, {""uri"": ""http://data.europa.eu/esco/skill/fd082998-8cea-4abc-8504-03f7e4b7088e"", ""label"": ""design a building management system"", ""score"": 0.5968}]",0.60-0.70,high,0.60-0.70|high,101,50598,13,Engineer - Design (Engine Installation & Cooling) | Design Engineer (Engine Installation & Cooling) | Design Engineer - Configuration,dev
mis reporting,308,embedding,0.6438,http://data.europa.eu/esco/skill/9bcfccac-8920-4024-9aef-a06f8c035063,follow reporting procedures,"[{""uri"": ""http://data.europa.eu/esco/skill/9bcfccac-8920-4024-9aef-a06f8c035063"", ""label"": ""follow reporting procedures"", ""score"": 0.6438}, {""uri"": ""http://data.europa.eu/esco/skill/3391d6dd-d584-4c8c-9af9-d2f0c45e2b4b"", ""label"": ""journalism"", ""score"": 0.6418}, {""uri"": ""http://data.europa.eu/esco/skill/be6ab363-3de1-427f-a8ef-85d5b0250822"", ""label"": ""report facts"", ""score"": 0.6275}, {""uri"": ""http://data.europa.eu/esco/skill/3f54dea5-0bef-4229-8a7c-e277be134499"", ""label"": ""report misfires"", ""score"": 0.5973}, {""uri"": ""http://data.europa.eu/esco/skill/bad614fb-fc66-4401-b75b-3d366013a493"", ""label"": ""write security reports"", ""score"": 0.5727}]",0.60-0.70,high,0.60-0.70|high,101,50598,13,Hiring For MIS Executive- US Staffing @Noida | FP&A Analyst | Senior Executive - KPI,dev
new client acquisition,338,embedding,0.6814,http://data.europa.eu/esco/skill/6d97bf55-6fb6-4795-8282-3ef915ae0bb8,prospect new customers,"[{""uri"": ""http://data.europa.eu/esco/skill/6d97bf55-6fb6-4795-8282-3ef915ae0bb8"", ""label"": ""prospect new customers"", ""score"": 0.6814}, {""uri"": ""http://data.europa.eu/esco/skill/8330c86e-63cf-4be6-849f-4f77628cc5c5"", ""label"": ""satisfy customers"", ""score"": 0.668}, {""uri"": ""http://data.europa.eu/esco/skill/f43ee9cc-7284-406f-b23f-3eedb0581141"", ""label"": ""identify clients' needs"", ""score"": 0.6515}, {""uri"": ""http://data.europa.eu/esco/skill/fcd7dbd4-095d-448d-b605-89e8ac6a3d92"", ""label"": ""coach clients"", ""score"": 0.6479}, {""uri"": ""http://data.europa.eu/esco/skill/a3e7ebba-5183-4df8-9203-35b9b9b8f4fa"", ""label"": ""collect customer data"", ""score"": 0.6465}]",0.60-0.70,high,0.60-0.70|high,101,50598,13,Business Development Manager - Gorakhpur | Sales Manager - Ahmedabad || Gujarat | Urgently looking For Preferred Head RM - PAN India,test
shell scripting,298,embedding,0.6667,http://data.europa.eu/esco/skill/5ef0c719-5bcb-49f8-b8eb-824388225333,use scripting programming,"[{""uri"": ""http://data.europa.eu/esco/skill/5ef0c719-5bcb-49f8-b8eb-824388225333"", ""label"": ""use scripting programming"", ""score"": 0.6667}, {""uri"": ""http://data.europa.eu/esco/skill/21d2f96d-35f7-4e3f-9745-c533d2dd6e97"", ""label"": ""computer programming"", ""score"": 0.6351}, {""uri"": ""http://data.europa.eu/esco/skill/97db841c-31bf-4aa0-85b9-0ddd0a77b7a5"", ""label"": ""analyse a script"", ""score"": 0.6236}, {""uri"": ""http://data.europa.eu/esco/skill/65209d28-1ba7-4b39-9d89-cadf9493c3be"", ""label"": ""adapt a script"", ""score"": 0.6026}, {""uri"": ""http://data.europa.eu/esco/skill/fc67df93-0a32-4a87-95d9-cb210531929e"", ""label"": ""edit scripts"", ""score"": 0.574}]",0.60-0.70,high,0.60-0.70|high,101,50598,13,Senior Technical Lead | Team Lead - DevOps | Migration Lead - OSM,test
social media,662,embedding,0.6881,http://data.europa.eu/esco/skill/67dbfc2a-3dd4-41a1-90bd-97035e7add60,stay up to date with social media,"[{""uri"": ""http://data.europa.eu/esco/skill/67dbfc2a-3dd4-41a1-90bd-97035e7add60"", ""label"": ""stay up to date with social media"", ""score"": 0.6881}, {""uri"": ""http://data.europa.eu/esco/skill/64e09849-a7db-4d6b-a932-66264420eb97"", ""label"": ""apply social media marketing"", ""score"": 0.6147}, {""uri"": ""http://data.europa.eu/esco/skill/509909a2-4a8f-4ead-8ad0-968df63b77cc"", ""label"": ""social media marketing techniques"", ""score"": 0.5793}, {""uri"": ""http://data.europa.eu/esco/skill/c8ab7e5b-b786-412f-a519-dfd93517b698"", ""label"": ""study media sources"", ""score"": 0.5523}, {""uri"": ""http://data.europa.eu/esco/skill/2f4cdc7e-d98d-4e6c-9811-3dc28255c7ff"", ""label"": ""social entreprise"", ""score"": 0.5396}]",0.60-0.70,high,0.60-0.70|high,101,50598,13,SEO Analyst | Business Development Executive - CASA | Business Development Executive - Gold Loan| Udupi,test
spring,886,embedding,0.6556,http://data.europa.eu/esco/skill/c4dcfe3a-a8b0-4352-ba82-a5e345d88c08,types of spring,"[{""uri"": ""http://data.europa.eu/esco/skill/c4dcfe3a-a8b0-4352-ba82-a5e345d88c08"", ""label"": ""types of spring"", ""score"": 0.6556}, {""uri"": ""http://data.europa.eu/esco/skill/92250612-bc35-4ba3-904f-a98d9fb3f2de"", ""label"": ""install spring suspension"", ""score"": 0.4404}, {""uri"": ""http://data.europa.eu/esco/skill/7823cab7-0be2-4113-a50e-6d1d5c8937c1"", ""label"": ""tend spring making machine"", ""score"": 0.4351}, {""uri"": ""http://data.europa.eu/esco/skill/dbf4392b-820c-447a-93a1-29d38dcdd441"", ""label"": ""types of tyres"", ""score"": 0.4081}, {""uri"": ""http://data.europa.eu/esco/skill/e9074972-04aa-4570-be94-f0d2b6ba6e1c"", ""label"": ""consider weather conditions in flight decisions"", ""score"": 0.3539}]",0.60-0.70,high,0.60-0.70|high,101,50598,13,Java Developer | Opportunity For Java trainer - Bangalore/Chennai | Java Developer_Hybrid,test
b2g,1,embedding,0.6882,http://data.europa.eu/esco/skill/9d2e926f-53d9-41f5-98f3-19dfaa687f3f,tools for software configuration management,"[{""uri"": ""http://data.europa.eu/esco/skill/9d2e926f-53d9-41f5-98f3-19dfaa687f3f"", ""label"": ""tools for software configuration management"", ""score"": 0.6882}, {""uri"": ""http://data.europa.eu/esco/skill/0dd4d328-f015-463d-9a7e-06b7041f0b26"", ""label"": ""consumer goods industry"", ""score"": 0.5175}, {""uri"": ""http://data.europa.eu/esco/skill/6fa0f0de-5630-4a08-a042-a2e07de9208e"", ""label"": ""obstetrics and gynaecology"", ""score"": 0.5012}, {""uri"": ""http://data.europa.eu/esco/skill/604f62cc-0f04-4903-b9f9-7128f72d4e5a"", ""label"": ""Brightspace (learning management systems)"", ""score"": 0.4893}, {""uri"": ""http://data.europa.eu/esco/skill/6709e92c-7546-46a4-aa57-5e951bd4cb0f"", ""label"": ""building automation"", ""score"": 0.4852}]",0.60-0.70,low,0.60-0.70|low,11680,39222,14,Deputy General Manager - Business Development -Municipal Business,dev
capative unit settlement,1,embedding,0.6047,http://data.europa.eu/esco/skill/d4199178-81a1-40dd-a8c8-0f91b0489913,negotiate settlements,"[{""uri"": ""http://data.europa.eu/esco/skill/d4199178-81a1-40dd-a8c8-0f91b0489913"", ""label"": ""negotiate settlements"", ""score"": 0.6047}, {""uri"": ""http://data.europa.eu/esco/skill/bc24fe02-d93c-4191-8897-ca2c593bc84b"", ""label"": ""propose settlements"", ""score"": 0.5471}, {""uri"": ""http://data.europa.eu/esco/skill/fe726e85-33fd-4982-b09f-bcd432d1491b"", ""label"": ""negotiate land acquisition"", ""score"": 0.4617}, {""uri"": ""http://data.europa.eu/esco/skill/77fd9d65-2eab-45f6-a488-d36541ef3cf0"", ""label"": ""settle concrete"", ""score"": 0.4269}, {""uri"": ""http://data.europa.eu/esco/skill/23b97a3e-dfde-4627-9d97-114a9f3e4cd0"", ""label"": ""negotiate in legal cases"", ""score"": 0.4191}]",0.60-0.70,low,0.60-0.70|low,11680,39222,14,Liasioning Executive - Renewable Energy exp (Male Only),dev
consumer finance,1,embedding,0.6294,http://data.europa.eu/esco/skill/2d008d5a-b7bd-46f7-bbb1-5d70a0af9c84,control financial resources,"[{""uri"": ""http://data.europa.eu/esco/skill/2d008d5a-b7bd-46f7-bbb1-5d70a0af9c84"", ""label"": ""control financial resources"", ""score"": 0.6294}, {""uri"": ""http://data.europa.eu/esco/skill/73d95ec0-d7fb-45e5-8134-b2ee1c0be8af"", ""label"": ""manage personal finances"", ""score"": 0.6289}, {""uri"": ""http://data.europa.eu/esco/skill/905b6acd-377b-46b9-9d80-e47e9ca789ca"", ""label"": ""financial markets"", ""score"": 0.6284}, {""uri"": ""http://data.europa.eu/esco/skill/52e53619-fa77-4f72-b237-5e4aae784dc2"", ""label"": ""financial management"", ""score"": 0.6273}, {""uri"": ""http://data.europa.eu/esco/skill/b895bd42-0009-4815-a150-eb9eb5caec21"", ""label"": ""stock market"", ""score"": 0.6232}]",0.60-0.70,low,0.60-0.70|low,11680,39222,14,Relationship Manager,test
echo,8,embedding,0.6073,http://data.europa.eu/esco/skill/a32c2a6d-02ea-42ec-b2b7-66659ce1811c,operate echo sounding equipment,"[{""uri"": ""http://data.europa.eu/esco/skill/a32c2a6d-02ea-42ec-b2b7-66659ce1811c"", ""label"": ""operate echo sounding equipment"", ""score"": 0.6073}, {""uri"": ""http://data.europa.eu/esco/skill/4350c38d-0fe9-4ca7-bab9-40ed7f72b04f"", ""label"": ""PHP"", ""score"": 0.4364}, {""uri"": ""http://data.europa.eu/esco/skill/e50a68c5-2a5d-4815-8bd1-e4334aed7683"", ""label"": ""sing"", ""score"": 0.4345}, {""uri"": ""http://data.europa.eu/esco/skill/21d2f96d-35f7-4e3f-9745-c533d2dd6e97"", ""label"": ""computer programming"", ""score"": 0.4268}, {""uri"": ""http://data.europa.eu/esco/skill/26879b10-1df9-4071-a4c5-cb8e32eddb99"", ""label"": ""acoustics"", ""score"": 0.4234}]",0.60-0.70,low,0.60-0.70|low,11680,39222,14,Urgent Requirement of Cardiologists | Senior Resident Cardiology | Echo Technician,dev
event handling,4,embedding,0.6854,http://data.europa.eu/esco/skill/c08ec608-48cd-4cd5-ac39-171fce1c0ce5,evaluate events,"[{""uri"": ""http://data.europa.eu/esco/skill/c08ec608-48cd-4cd5-ac39-171fce1c0ce5"", ""label"": ""evaluate events"", ""score"": 0.6854}, {""uri"": ""http://data.europa.eu/esco/skill/03a0ab28-ce99-4e14-baf8-a66c55da28f8"", ""label"": ""carry out event management"", ""score"": 0.6651}, {""uri"": ""http://data.europa.eu/esco/skill/2111dff8-f830-46ad-80ce-7885893b3134"", ""label"": ""coordinate events"", ""score"": 0.6505}, {""uri"": ""http://data.europa.eu/esco/skill/a571791c-50aa-40d1-ba82-b3f1f4185426"", ""label"": ""monitor event activities"", ""score"": 0.6137}, {""uri"": ""http://data.europa.eu/esco/skill/51b27007-ddb2-45a8-8103-0ec8c95e6313"", ""label"": ""inspect event facilities"", ""score"": 0.6124}]",0.60-0.70,low,0.60-0.70|low,11680,39222,14,Tourism Manager | AV Residential Engineer | Hiring Anchor,test
flat sales,4,embedding,0.6379,http://data.europa.eu/esco/skill/e7219848-a27a-4bf4-8775-d367707be7c9,sales strategies,"[{""uri"": ""http://data.europa.eu/esco/skill/e7219848-a27a-4bf4-8775-d367707be7c9"", ""label"": ""sales strategies"", ""score"": 0.6379}, {""uri"": ""http://data.europa.eu/esco/skill/450de541-797a-4da0-9fe4-a81471c8047d"", ""label"": ""sales activities"", ""score"": 0.6163}, {""uri"": ""http://data.europa.eu/esco/skill/0c0488b3-fca5-4deb-865b-8dc605c3d909"", ""label"": ""sales argumentation"", ""score"": 0.6159}, {""uri"": ""http://data.europa.eu/esco/skill/b99aa3b8-0066-46b2-a027-30afae444ad8"", ""label"": ""implement sales strategies"", ""score"": 0.5931}, {""uri"": ""http://data.europa.eu/esco/skill/2dd6ecdf-8a08-438b-8b4b-e0374f7b523b"", ""label"": ""carry out sales analysis"", ""score"": 0.5925}]",0.60-0.70,low,0.60-0.70|low,11680,39222,14,Telecalling Sales Executive | Channel Sales Manager | Real Estate sales // Sales - Real estate -Noida,dev
git/ci-cd,1,embedding,0.6193,http://data.europa.eu/esco/skill/9d2e926f-53d9-41f5-98f3-19dfaa687f3f,tools for software configuration management,"[{""uri"": ""http://data.europa.eu/esco/skill/9d2e926f-53d9-41f5-98f3-19dfaa687f3f"", ""label"": ""tools for software configuration management"", ""score"": 0.6193}, {""uri"": ""http://data.europa.eu/esco/skill/f47a1998-0beb-43be-9f46-380aa4d183da"", ""label"": ""Jenkins (tools for software configuration management)"", ""score"": 0.5048}, {""uri"": ""http://data.europa.eu/esco/skill/770d4956-b5e0-4d44-bf42-3a766b232c5d"", ""label"": ""maintain a central project repository"", ""score"": 0.4414}, {""uri"": ""http://data.europa.eu/esco/skill/f39ea734-faef-48a7-9544-14e691aed6ab"", ""label"": ""set up media storage"", ""score"": 0.4221}, {""uri"": ""http://data.europa.eu/esco/skill/21d2f96d-35f7-4e3f-9745-c533d2dd6e97"", ""label"": ""computer programming"", ""score"": 0.385}]",0.60-0.70,low,0.60-0.70|low,11680,39222,14,Front-End Developer  React.js and Next.js,dev
mlflow,8,embedding,0.6082,http://data.europa.eu/esco/skill/a4d336a6-9ffd-402a-91cc-f359716ba4e0,ML (computer programming),"[{""uri"": ""http://data.europa.eu/esco/skill/a4d336a6-9ffd-402a-91cc-f359716ba4e0"", ""label"": ""ML (computer programming)"", ""score"": 0.6082}, {""uri"": ""http://data.europa.eu/esco/skill/3a2d5b45-56e4-4f5a-a55a-4a4a65afdc43"", ""label"": ""machine learning"", ""score"": 0.6082}, {""uri"": ""http://data.europa.eu/esco/skill/7b0d5000-00da-4864-b776-6de49a87a669"", ""label"": ""computer vision"", ""score"": 0.5323}, {""uri"": ""http://data.europa.eu/esco/skill/adeeed0d-25cd-4e7b-bcb2-ef63bea7e491"", ""label"": ""regulate the flow of substances in pipelines"", ""score"": 0.4994}, {""uri"": ""http://data.europa.eu/esco/skill/2e6379be-59ad-414a-8d81-68102b6b77b1"", ""label"": ""set management priorities in pipeline networks"", ""score"": 0.488}]",0.60-0.70,low,0.60-0.70|low,11680,39222,14,Senior AI/ML Engineer | AI Ml Engineer | Lead Data Scientist,dev
mrcem,1,embedding,0.6583,http://data.europa.eu/esco/skill/fafe0b9d-dbd9-46bd-b770-26299539ce66,ICT process quality models,"[{""uri"": ""http://data.europa.eu/esco/skill/fafe0b9d-dbd9-46bd-b770-26299539ce66"", ""label"": ""ICT process quality models"", ""score"": 0.6583}, {""uri"": ""http://data.europa.eu/esco/skill/6cb9c23b-e3bc-4917-b588-26c4cef9d920"", ""label"": ""maintenance operations"", ""score"": 0.6106}, {""uri"": ""http://data.europa.eu/esco/skill/e437eba1-3e22-41f2-8703-741e94785cba"", ""label"": ""human resource management"", ""score"": 0.5505}, {""uri"": ""http://data.europa.eu/esco/skill/b8b2a035-38f0-4c0e-94ee-edefc266c643"", ""label"": ""microelectromechanical systems"", ""score"": 0.5422}, {""uri"": ""http://data.europa.eu/esco/skill/af5e7f45-325f-4424-8724-5692d62caada"", ""label"": ""physical medicine"", ""score"": 0.5411}]",0.60-0.70,low,0.60-0.70|low,11680,39222,14,"Consultant - Emergency Physician - Manipal Hospital, Mysore",test
new account processing,2,embedding,0.6655,http://data.europa.eu/esco/skill/08371fe9-c658-4f6a-966f-71dbb0ab683d,accounting department processes,"[{""uri"": ""http://data.europa.eu/esco/skill/08371fe9-c658-4f6a-966f-71dbb0ab683d"", ""label"": ""accounting department processes"", ""score"": 0.6655}, {""uri"": ""http://data.europa.eu/esco/skill/4ab4e298-4e35-4e2e-938c-da2c1e11864c"", ""label"": ""create banking accounts"", ""score"": 0.6034}, {""uri"": ""http://data.europa.eu/esco/skill/3fc5a30d-d493-44ed-a2b5-ff9a50f84de3"", ""label"": ""solve bank account problems"", ""score"": 0.5982}, {""uri"": ""http://data.europa.eu/esco/skill/e2e15494-65b9-4af5-8b86-53fb51e7e022"", ""label"": ""manage accounts"", ""score"": 0.5926}, {""uri"": ""http://data.europa.eu/esco/skill/e717b036-2c0c-4c11-99e9-0cb4ce084fed"", ""label"": ""perform account allocation"", ""score"": 0.5419}]",0.60-0.70,low,0.60-0.70|low,11680,39222,14,Transaction Processing Executive | US Wealth - Brokerage Operations,test
oracle cloud functional,1,embedding,0.6156,http://data.europa.eu/esco/skill/ab1e97ed-2319-4293-a8b7-072d2648822f,database management systems,"[{""uri"": ""http://data.europa.eu/esco/skill/ab1e97ed-2319-4293-a8b7-072d2648822f"", ""label"": ""database management systems"", ""score"": 0.6156}, {""uri"": ""http://data.europa.eu/esco/skill/580660a6-5d3a-421d-a54f-d85b706c2b2f"", ""label"": ""use online tools to collaborate"", ""score"": 0.6052}, {""uri"": ""http://data.europa.eu/esco/skill/8764d4b1-e069-44f2-8baa-fb1eee1850ec"", ""label"": ""Oracle Application Development Framework"", ""score"": 0.5796}, {""uri"": ""http://data.europa.eu/esco/skill/de9f85ba-e77f-48fd-8c66-f5ebaf32d655"", ""label"": ""Oracle Relational Database"", ""score"": 0.5252}, {""uri"": ""http://data.europa.eu/esco/skill/bb99af26-71ff-4dca-bde7-1eb1f6194426"", ""label"": ""SAP R3"", ""score"": 0.4985}]",0.60-0.70,low,0.60-0.70|low,11680,39222,14,HCL tech Hiring For Oracle Cloud Functional Role,test
radiology coder,4,embedding,0.6886,http://data.europa.eu/esco/skill/30281a0e-a82a-4d13-bd74-4b0fd9964e02,radiology,"[{""uri"": ""http://data.europa.eu/esco/skill/30281a0e-a82a-4d13-bd74-4b0fd9964e02"", ""label"": ""radiology"", ""score"": 0.6886}, {""uri"": ""http://data.europa.eu/esco/skill/cf0b92de-4bd0-46ee-b383-7765b4cbcac9"", ""label"": ""clinical coding"", ""score"": 0.6671}, {""uri"": ""http://data.europa.eu/esco/skill/f022b5ff-8496-4722-a7a3-ef3c072f01f6"", ""label"": ""perform clinical coding procedures"", ""score"": 0.6613}, {""uri"": ""http://data.europa.eu/esco/skill/0b84762c-e400-4a0b-9870-f0221708eac2"", ""label"": ""make radiographic images"", ""score"": 0.6164}, {""uri"": ""http://data.europa.eu/esco/skill/64d1250f-1c2b-4bea-929e-626ba927ea35"", ""label"": ""evidence-based radiography practice"", ""score"": 0.616}]",0.60-0.70,low,0.60-0.70|low,11680,39222,14,Hiring For Radiology Coder(WFO) - Chennai - Global Healthcare Billing | Medical Coders Job IVR/Radiology/Denial - Certified or Non Certified | Radiologist Coder,test
rockwell software,5,embedding,0.608,http://data.europa.eu/esco/skill/a2b5dcf3-5b6a-453d-876c-cff540c0faf1,CAD software,"[{""uri"": ""http://data.europa.eu/esco/skill/a2b5dcf3-5b6a-453d-876c-cff540c0faf1"", ""label"": ""CAD software"", ""score"": 0.608}, {""uri"": ""http://data.europa.eu/esco/skill/3a33cec3-4b44-471a-8864-5cc8567a8b1f"", ""label"": ""CADD software"", ""score"": 0.6059}, {""uri"": ""http://data.europa.eu/esco/skill/41ec47dd-08b3-464a-9c45-c706f3e74467"", ""label"": ""industrial software"", ""score"": 0.5813}, {""uri"": ""http://data.europa.eu/esco/skill/b34e2ba1-9080-48c9-9b42-ee9192a4d3f1"", ""label"": ""use CAD software"", ""score"": 0.5687}, {""uri"": ""http://data.europa.eu/esco/skill/27065048-bca8-4b0a-891a-b192b9ceadfd"", ""label"": ""CAM software"", ""score"": 0.5648}]",0.60-0.70,low,0.60-0.70|low,11680,39222,14,Plc Programmer | Project Automation Engineer | Engineering Specialist - Programming,dev
ui automation,22,embedding,0.6797,http://data.europa.eu/esco/skill/1019423b-3368-4f83-b24f-19e5fa23e816,software UI design patterns,"[{""uri"": ""http://data.europa.eu/esco/skill/1019423b-3368-4f83-b24f-19e5fa23e816"", ""label"": ""software UI design patterns"", ""score"": 0.6797}, {""uri"": ""http://data.europa.eu/esco/skill/f96f5aa5-6ed7-40dc-a431-68b0a09d6d4b"", ""label"": ""design automation components"", ""score"": 0.6212}, {""uri"": ""http://data.europa.eu/esco/skill/0a0532c2-ee60-4410-8e07-70e4d69370ec"", ""label"": ""operate automated process control"", ""score"": 0.5956}, {""uri"": ""http://data.europa.eu/esco/skill/e97733e8-5bf1-4c21-93c4-8bebbdabc394"", ""label"": ""perform manual work autonomously"", ""score"": 0.5901}, {""uri"": ""http://data.europa.eu/esco/skill/6709e92c-7546-46a4-aa57-5e951bd4cb0f"", ""label"": ""building automation"", ""score"": 0.5738}]",0.60-0.70,low,0.60-0.70|low,11680,39222,14,QA Engineer | Urgent Opening For API Automation & UI Automation | Tosca,dev
aiml,137,embedding,0.6338,http://data.europa.eu/esco/skill/58d7a289-dafd-4363-833f-d1dc4140885e,APL,"[{""uri"": ""http://data.europa.eu/esco/skill/58d7a289-dafd-4363-833f-d1dc4140885e"", ""label"": ""APL"", ""score"": 0.6338}, {""uri"": ""http://data.europa.eu/esco/skill/21d2f96d-35f7-4e3f-9745-c533d2dd6e97"", ""label"": ""computer programming"", ""score"": 0.566}, {""uri"": ""http://data.europa.eu/esco/skill/7193cb6d-8334-494f-86e5-21e6d03a47c3"", ""label"": ""unified modelling language"", ""score"": 0.5457}, {""uri"": ""http://data.europa.eu/esco/skill/9d0d89be-bffa-4393-b6f6-8d05bea49051"", ""label"": ""data extraction, transformation and loading tools"", ""score"": 0.5453}, {""uri"": ""http://data.europa.eu/esco/skill/bedd8fa7-5a64-4134-9095-58f5709e25e4"", ""label"": ""Moodle"", ""score"": 0.5432}]",0.60-0.70,mid,0.60-0.70|mid,574,46497,13,AI Engineer/ AI | Engineer (AI/ML)- Helpbot/Chatbot | AI/ML Engineer - Generative AI & LLMs,test
business transformation,128,embedding,0.6792,http://data.europa.eu/esco/skill/9e84a506-df06-4be3-874a-fa01293e3dd5,business processes,"[{""uri"": ""http://data.europa.eu/esco/skill/9e84a506-df06-4be3-874a-fa01293e3dd5"", ""label"": ""business processes"", ""score"": 0.6792}, {""uri"": ""http://data.europa.eu/esco/skill/958b8802-ec3e-4813-97f7-6c8f48610dbd"", ""label"": ""identify process improvements"", ""score"": 0.648}, {""uri"": ""http://data.europa.eu/esco/skill/2daa2d63-07ef-4c16-b0f3-697bbb6fc205"", ""label"": ""adapt to change in marketing"", ""score"": 0.6291}, {""uri"": ""http://data.europa.eu/esco/skill/7eb4c570-9dc7-4f4d-83d2-f4c4c87b6e49"", ""label"": ""handle mergers and acquisitions"", ""score"": 0.6285}, {""uri"": ""http://data.europa.eu/esco/skill/3c03ee71-4a23-448f-b79e-81fd75d27dca"", ""label"": ""apply change management"", ""score"": 0.6181}]",0.60-0.70,mid,0.60-0.70|mid,574,46497,13,Manager PFF Consolidated Funds | Sr. Associate | Document Control Specialist,dev
customer retention,135,embedding,0.6539,http://data.europa.eu/esco/skill/2239694b-771a-4586-8b54-2794e361a9ae,maintain relationship with customers,"[{""uri"": ""http://data.europa.eu/esco/skill/2239694b-771a-4586-8b54-2794e361a9ae"", ""label"": ""maintain relationship with customers"", ""score"": 0.6539}, {""uri"": ""http://data.europa.eu/esco/skill/75dfe1ee-5935-42ce-b820-697f827825c3"", ""label"": ""maintain customer service"", ""score"": 0.6227}, {""uri"": ""http://data.europa.eu/esco/skill/64f2c90c-4144-418e-82c6-3150e03d29a3"", ""label"": ""assess customers"", ""score"": 0.6188}, {""uri"": ""http://data.europa.eu/esco/skill/8330c86e-63cf-4be6-849f-4f77628cc5c5"", ""label"": ""satisfy customers"", ""score"": 0.6163}, {""uri"": ""http://data.europa.eu/esco/skill/6d97bf55-6fb6-4795-8282-3ef915ae0bb8"", ""label"": ""prospect new customers"", ""score"": 0.6125}]",0.60-0.70,mid,0.60-0.70|mid,574,46497,13,Assistant Vice President - Contact Centre | Customer Success Manager | Cluster Head- IndiaMart( Customer  Re-acquisition ),test
dotnet development,58,embedding,0.671,http://data.europa.eu/esco/skill/13bdd41a-2a18-441f-96db-41252c519413,Visual Basic,"[{""uri"": ""http://data.europa.eu/esco/skill/13bdd41a-2a18-441f-96db-41252c519413"", ""label"": ""Visual Basic"", ""score"": 0.671}, {""uri"": ""http://data.europa.eu/esco/skill/56a7f561-1d55-43c9-9cd7-36a0a9bc6c50"", ""label"": ""ASP.NET"", ""score"": 0.6207}, {""uri"": ""http://data.europa.eu/esco/skill/21d2f96d-35f7-4e3f-9745-c533d2dd6e97"", ""label"": ""computer programming"", ""score"": 0.5556}, {""uri"": ""http://data.europa.eu/esco/skill/f0de4973-0a70-4644-8fd4-3a97080476f4"", ""label"": ""DevOps"", ""score"": 0.5326}, {""uri"": ""http://data.europa.eu/esco/skill/89f6560b-2194-45c9-9ece-d33049a73eef"", ""label"": ""computer engineering"", ""score"": 0.5034}]",0.60-0.70,mid,0.60-0.70|mid,574,46497,13,"Dot Net Developer + Mongo DB | BSC Global is Looking For Software Developers | WE ARE Hiring Software Tester, SQL, JAVA Developer & AWS CLOUD.",test
environment,48,embedding,0.6416,http://data.europa.eu/esco/skill/b1b118c4-3291-484e-b64d-6d51fd5da8b3,environmental engineering,"[{""uri"": ""http://data.europa.eu/esco/skill/b1b118c4-3291-484e-b64d-6d51fd5da8b3"", ""label"": ""environmental engineering"", ""score"": 0.6416}, {""uri"": ""http://data.europa.eu/esco/skill/a8429098-ddac-481b-91e7-688d021c092e"", ""label"": ""ecology"", ""score"": 0.6408}, {""uri"": ""http://data.europa.eu/esco/skill/dab7c301-2a33-454e-8fed-23218fa28eee"", ""label"": ""environmental design"", ""score"": 0.624}, {""uri"": ""http://data.europa.eu/esco/skill/ddbf25f1-b91a-4083-9ef1-cc113a46e4c0"", ""label"": ""ecosystems"", ""score"": 0.5793}, {""uri"": ""http://data.europa.eu/esco/skill/73785a70-9774-416e-8763-e88debc07ca3"", ""label"": ""ensure the appropriate atmosphere"", ""score"": 0.5645}]",0.60-0.70,mid,0.60-0.70|mid,574,46497,13,"Azure Administrator (AVD Specialist) | Associate - Safety, Health & Environment | Corporate Compliance and Sustainability Manager",dev
exit interviews,37,embedding,0.6478,http://data.europa.eu/esco/skill/af76c813-5c7f-4a08-a560-b4b70f96f3ff,evaluate interview reports,"[{""uri"": ""http://data.europa.eu/esco/skill/af76c813-5c7f-4a08-a560-b4b70f96f3ff"", ""label"": ""evaluate interview reports"", ""score"": 0.6478}, {""uri"": ""http://data.europa.eu/esco/skill/4d313147-b39d-413f-a5e2-b12d5f0dc9e6"", ""label"": ""give interviews to media"", ""score"": 0.6304}, {""uri"": ""http://data.europa.eu/esco/skill/66d47084-9437-48b2-819b-c4c8214ed650"", ""label"": ""interview people"", ""score"": 0.6064}, {""uri"": ""http://data.europa.eu/esco/skill/324f0243-1a21-4f5c-9f71-52eebc2596ed"", ""label"": ""interview techniques"", ""score"": 0.559}, {""uri"": ""http://data.europa.eu/esco/skill/f2eed0ad-6572-461a-b1a6-a4d2b5c2e6b5"", ""label"": ""interview insurance claimants"", ""score"": 0.5345}]",0.60-0.70,mid,0.60-0.70|mid,574,46497,13,HR Trainee | Senior Hr Executive And Generalist | Sr. HR Executive,test
formulation,72,embedding,0.6061,http://data.europa.eu/esco/skill/6b69101a-0e51-45c6-a7e5-5a60a1c85da0,composition of diets,"[{""uri"": ""http://data.europa.eu/esco/skill/6b69101a-0e51-45c6-a7e5-5a60a1c85da0"", ""label"": ""composition of diets"", ""score"": 0.6061}, {""uri"": ""http://data.europa.eu/esco/skill/54924a2c-daca-40d3-9716-4b38ceb04f38"", ""label"": ""algorithms"", ""score"": 0.5732}, {""uri"": ""http://data.europa.eu/esco/skill/bb992d83-2d7d-4618-9109-0f0e04881a8e"", ""label"": ""food product ingredients"", ""score"": 0.5623}, {""uri"": ""http://data.europa.eu/esco/skill/180e6498-2663-4e65-95d7-a86928662a2c"", ""label"": ""mix treating materials"", ""score"": 0.5271}, {""uri"": ""http://data.europa.eu/esco/skill/3b856e4d-5afa-495e-bee2-a42920742d1c"", ""label"": ""prepare chemical ingredients"", ""score"": 0.5221}]",0.60-0.70,mid,0.60-0.70|mid,574,46497,13,Assistant Manager R&D (Construction Chemicals) | Regulatory Affairs Manager | Sr. Executive/Asst. Manager/Deputy Manager-Regulatory Affairs,test
hni sales,53,embedding,0.6307,http://data.europa.eu/esco/skill/5a1b8a2b-53de-4827-be41-f0caffc40928,sell hardware,"[{""uri"": ""http://data.europa.eu/esco/skill/5a1b8a2b-53de-4827-be41-f0caffc40928"", ""label"": ""sell hardware"", ""score"": 0.6307}, {""uri"": ""http://data.europa.eu/esco/skill/450de541-797a-4da0-9fe4-a81471c8047d"", ""label"": ""sales activities"", ""score"": 0.6141}, {""uri"": ""http://data.europa.eu/esco/skill/9136cbf1-7916-4f1c-bc9a-0318ee1d6016"", ""label"": ""human-computer interaction"", ""score"": 0.5829}, {""uri"": ""http://data.europa.eu/esco/skill/0c0488b3-fca5-4deb-865b-8dc605c3d909"", ""label"": ""sales argumentation"", ""score"": 0.5822}, {""uri"": ""http://data.europa.eu/esco/skill/bea8009d-7d73-4daf-bbe8-39870aa3cceb"", ""label"": ""medical sales industry"", ""score"": 0.5666}]",0.60-0.70,mid,0.60-0.70|mid,574,46497,13,Vice President | Hiring-Thane & Mumbai - Sales Manager at HomeBazaar.com | Wealth RM - upto 35 Lac @ Leading Wealth Company,dev
international calling,188,embedding,0.6522,http://data.europa.eu/esco/skill/580660a6-5d3a-421d-a54f-d85b706c2b2f,use online tools to collaborate,"[{""uri"": ""http://data.europa.eu/esco/skill/580660a6-5d3a-421d-a54f-d85b706c2b2f"", ""label"": ""use online tools to collaborate"", ""score"": 0.6522}, {""uri"": ""http://data.europa.eu/esco/skill/5a0bffcf-4ff6-49cf-a7db-4142e63f5f04"", ""label"": ""answer incoming calls"", ""score"": 0.6379}, {""uri"": ""http://data.europa.eu/esco/skill/57e3ba39-4e77-4ec3-a4cf-980cc7453c71"", ""label"": ""visit places of work"", ""score"": 0.6258}, {""uri"": ""http://data.europa.eu/esco/skill/8a8c1c9a-abaf-41b1-860e-1d9264b94d38"", ""label"": ""redirect callers"", ""score"": 0.6232}, {""uri"": ""http://data.europa.eu/esco/skill/2b285a57-4add-453e-af5d-3d986a65c8fe"", ""label"": ""use computer telephony integration"", ""score"": 0.6018}]",0.60-0.70,mid,0.60-0.70|mid,574,46497,13,Walkin Interview For International Voice Process | 42K CTC | Kolkata | Customer Support Executive | International Voice Process - (Night Shift),dev
letter drafting,43,embedding,0.6549,http://data.europa.eu/esco/skill/ec0bbf39-0edd-4015-a2c3-82ad563ce3a8,draft corporate emails,"[{""uri"": ""http://data.europa.eu/esco/skill/ec0bbf39-0edd-4015-a2c3-82ad563ce3a8"", ""label"": ""draft corporate emails"", ""score"": 0.6549}, {""uri"": ""http://data.europa.eu/esco/skill/432ab648-aece-4237-969f-8bca94fe181c"", ""label"": ""use manual draughting techniques"", ""score"": 0.6488}, {""uri"": ""http://data.europa.eu/esco/skill/e83ec793-3fbc-42e0-9729-d4bd92d454b3"", ""label"": ""draw up professional texts"", ""score"": 0.6487}, {""uri"": ""http://data.europa.eu/esco/skill/8dd2806f-6dcf-477c-a5bf-66b5d6e02637"", ""label"": ""prepare correspondence for customers"", ""score"": 0.6464}, {""uri"": ""http://data.europa.eu/esco/skill/cbd9cd0f-6c22-4bbc-8af2-dc9c7f5efcb5"", ""label"": ""write manuals"", ""score"": 0.6202}]",0.60-0.70,mid,0.60-0.70|mid,574,46497,13,"Executive Assistant To Managing Director | Urgent hiring For Executive Assistant To MD ( Malad West, Mumbai) | Sr. HR Executive",dev
machine operating,65,embedding,0.6838,http://data.europa.eu/esco/skill/9983816d-cc78-4d3f-9e3c-c7baa9ebc77a,computer equipment,"[{""uri"": ""http://data.europa.eu/esco/skill/9983816d-cc78-4d3f-9e3c-c7baa9ebc77a"", ""label"": ""computer equipment"", ""score"": 0.6838}, {""uri"": ""http://data.europa.eu/esco/skill/f5750c05-7b15-4e0b-8591-f9a1bb95aaac"", ""label"": ""operate machine tools"", ""score"": 0.6758}, {""uri"": ""http://data.europa.eu/esco/skill/0868eef3-2213-4572-9343-74931345a7d3"", ""label"": ""administer ICT system"", ""score"": 0.6295}, {""uri"": ""http://data.europa.eu/esco/skill/75d2ac62-700a-41d1-b920-5cd7aaa78553"", ""label"": ""operate control systems"", ""score"": 0.6034}, {""uri"": ""http://data.europa.eu/esco/skill/9ea652f6-accf-45bb-b9a8-590f06f7bd51"", ""label"": ""supply machine"", ""score"": 0.6025}]",0.60-0.70,mid,0.60-0.70|mid,574,46497,13,Diploma Fresher | Technician/Operator | Machine Operator,dev
purchase entry,69,embedding,0.6824,http://data.europa.eu/esco/skill/73225018-7139-433b-bdba-2b90774761d9,issue purchase orders,"[{""uri"": ""http://data.europa.eu/esco/skill/73225018-7139-433b-bdba-2b90774761d9"", ""label"": ""issue purchase orders"", ""score"": 0.6824}, {""uri"": ""http://data.europa.eu/esco/skill/9e9a4209-c7cf-4f6e-973e-dc2ffadccc74"", ""label"": ""perform procurement processes"", ""score"": 0.668}, {""uri"": ""http://data.europa.eu/esco/skill/378caeec-10a0-4162-b75c-ab374a42e93d"", ""label"": ""e-procurement"", ""score"": 0.6113}, {""uri"": ""http://data.europa.eu/esco/skill/39b2f4dc-86b7-4bf9-94df-01771a56e042"", ""label"": ""arrange ordering of products for customers"", ""score"": 0.6089}, {""uri"": ""http://data.europa.eu/esco/skill/2fb2d647-05c1-4e6f-9d4f-62e813db2954"", ""label"": ""price product"", ""score"": 0.5628}]",0.60-0.70,mid,0.60-0.70|mid,574,46497,13,"Account Executive | Junior Accountant -Alandi markal road , solu | Account Executive -Pune Alandi markal road ,Solu",dev
retail management,45,embedding,0.6745,http://data.europa.eu/esco/skill/791e2eea-3380-4aed-b996-4bcabbe88591,market participants,"[{""uri"": ""http://data.europa.eu/esco/skill/791e2eea-3380-4aed-b996-4bcabbe88591"", ""label"": ""market participants"", ""score"": 0.6745}, {""uri"": ""http://data.europa.eu/esco/skill/5bbaa0e6-0fd7-4df2-9db7-34f78b40dc34"", ""label"": ""marketing management"", ""score"": 0.6533}, {""uri"": ""http://data.europa.eu/esco/skill/953c0b65-537a-42fe-a90b-26cd36c64361"", ""label"": ""manage logistics"", ""score"": 0.6416}, {""uri"": ""http://data.europa.eu/esco/skill/d6e800ae-bbbb-453f-8ac6-19973a8ecea9"", ""label"": ""sell insurance"", ""score"": 0.6276}, {""uri"": ""http://data.europa.eu/esco/skill/c2617b44-886a-485e-8393-bc0fc6339539"", ""label"": ""management consulting"", ""score"": 0.6189}]",0.60-0.70,mid,0.60-0.70|mid,574,46497,13,"Store Manager | Automotive Store Manager  (Gujarat) | RCO Manager Investigations, SIV",dev
client acquisition,574,embedding,0.7327,http://data.europa.eu/esco/skill/8330c86e-63cf-4be6-849f-4f77628cc5c5,satisfy customers,"[{""uri"": ""http://data.europa.eu/esco/skill/8330c86e-63cf-4be6-849f-4f77628cc5c5"", ""label"": ""satisfy customers"", ""score"": 0.7327}, {""uri"": ""http://data.europa.eu/esco/skill/a3e7ebba-5183-4df8-9203-35b9b9b8f4fa"", ""label"": ""collect customer data"", ""score"": 0.7266}, {""uri"": ""http://data.europa.eu/esco/skill/fcd7dbd4-095d-448d-b605-89e8ac6a3d92"", ""label"": ""coach clients"", ""score"": 0.7031}, {""uri"": ""http://data.europa.eu/esco/skill/25a7fc25-f2fc-4bfd-9999-943c03d53372"", ""label"": ""protect client interests"", ""score"": 0.6999}, {""uri"": ""http://data.europa.eu/esco/skill/0da516ee-e70e-4384-be13-f5ff80be8127"", ""label"": ""communicate with customers"", ""score"": 0.6907}]",0.70-0.80,high,0.70-0.80|high,135,96563,13,Business Development Manager - Gorakhpur | Business Development Manager- Steel Industry | Cluster Head- IndiaMart( Customer  Re-acquisition ),dev
editing,344,embedding,0.7689,http://data.europa.eu/esco/skill/890f090f-e03f-465e-ad16-f332b2a80c95,postediting,"[{""uri"": ""http://data.europa.eu/esco/skill/890f090f-e03f-465e-ad16-f332b2a80c95"", ""label"": ""postediting"", ""score"": 0.7689}, {""uri"": ""http://data.europa.eu/esco/skill/94e3fa6e-54d7-42a8-a3fe-7f1b5f6d14e4"", ""label"": ""consult with editor"", ""score"": 0.5951}, {""uri"": ""http://data.europa.eu/esco/skill/c8c8f437-21dc-474a-aea6-f0a9946aef05"", ""label"": ""rewrite articles"", ""score"": 0.5675}, {""uri"": ""http://data.europa.eu/esco/skill/935f7adb-b7fb-474f-a509-cddee89889d1"", ""label"": ""review unpublished articles"", ""score"": 0.5675}, {""uri"": ""http://data.europa.eu/esco/skill/91ba97f5-7518-4638-b2d2-308996db3cf8"", ""label"": ""perform image editing"", ""score"": 0.5617}]",0.70-0.80,high,0.70-0.80|high,135,96563,13,"Assistant Operations Manager | Openings For Process Executive!!! | Walk-in Drive For Freshers at Straive, Trichy | Copy Editing",test
education,328,embedding,0.7086,http://data.europa.eu/esco/skill/a117f32c-662b-4dd9-b739-1230dd04cb60,pedagogy,"[{""uri"": ""http://data.europa.eu/esco/skill/a117f32c-662b-4dd9-b739-1230dd04cb60"", ""label"": ""pedagogy"", ""score"": 0.7086}, {""uri"": ""http://data.europa.eu/esco/skill/60856bbb-e5db-4398-babb-300a24a7fe97"", ""label"": ""adult education"", ""score"": 0.7014}, {""uri"": ""http://data.europa.eu/esco/skill/99c90174-eb03-4221-b1b6-1ad8b7035e15"", ""label"": ""health education"", ""score"": 0.6767}, {""uri"": ""http://data.europa.eu/esco/skill/90ca7668-7c14-417d-9cd9-89fbdf29f731"", ""label"": ""promote education programmes"", ""score"": 0.6739}, {""uri"": ""http://data.europa.eu/esco/skill/8215234e-d2eb-45cf-8a1a-c57c2ebef1b7"", ""label"": ""analyse education system"", ""score"": 0.6719}]",0.70-0.80,high,0.70-0.80|high,135,96563,13,Junior Computer (Only Female Candidates) | Junior Maths Teacher (Only Female Candidates) | Primary: Computers (Only Female Candidates),test
fabrication,329,embedding,0.7652,http://data.europa.eu/esco/skill/efa141df-f382-418f-9121-bd88fd735669,mechanics,"[{""uri"": ""http://data.europa.eu/esco/skill/efa141df-f382-418f-9121-bd88fd735669"", ""label"": ""mechanics"", ""score"": 0.7652}, {""uri"": ""http://data.europa.eu/esco/skill/8699a823-40d0-40cb-8ecc-92ea8b533d64"", ""label"": ""operate metal fabricating machines"", ""score"": 0.7249}, {""uri"": ""http://data.europa.eu/esco/skill/dea00577-9c28-46a6-8ba2-ec01f22f75e6"", ""label"": ""hot forging"", ""score"": 0.6954}, {""uri"": ""http://data.europa.eu/esco/skill/a88c4bdc-73f8-437d-b268-02cb813a99ca"", ""label"": ""manufacturing of furniture"", ""score"": 0.6871}, {""uri"": ""http://data.europa.eu/esco/skill/3786b61f-f22e-48d1-af8d-ad4c354534db"", ""label"": ""manufacturing processes"", ""score"": 0.6867}]",0.70-0.80,high,0.70-0.80|high,135,96563,13,"Design Engineer-Mechanical/Civil (Fabrication Drawing), Varanasi, UP | Design Engineer - Configuration | Sr. Designer - Solidworks",test
github,545,embedding,0.7814,http://data.europa.eu/esco/skill/9d2e926f-53d9-41f5-98f3-19dfaa687f3f,tools for software configuration management,"[{""uri"": ""http://data.europa.eu/esco/skill/9d2e926f-53d9-41f5-98f3-19dfaa687f3f"", ""label"": ""tools for software configuration management"", ""score"": 0.7814}, {""uri"": ""http://data.europa.eu/esco/skill/21d2f96d-35f7-4e3f-9745-c533d2dd6e97"", ""label"": ""computer programming"", ""score"": 0.5569}, {""uri"": ""http://data.europa.eu/esco/skill/a71577b2-7550-4222-88ee-dcbd2d881516"", ""label"": ""graphics editor software"", ""score"": 0.4822}, {""uri"": ""http://data.europa.eu/esco/skill/013441c1-1f13-47e9-80c4-9a53e8e1bc05"", ""label"": ""KDevelop"", ""score"": 0.4598}, {""uri"": ""http://data.europa.eu/esco/skill/925463a7-d51f-4d5b-9f79-4d28cf30acde"", ""label"": ""integrated development environment software"", ""score"": 0.459}]",0.70-0.80,high,0.70-0.80|high,135,96563,13,Lead Staff Engineer - IT | Collections Executive - Retail MFB - Collections | Collections Executive - Retail MFB - Collections - -Ashok - J Grades,test
interpersonal skills,867,embedding,0.7073,http://data.europa.eu/esco/skill/3838a64c-78dc-4f3f-a0c0-9f604e33eefd,maintain internal communication systems,"[{""uri"": ""http://data.europa.eu/esco/skill/3838a64c-78dc-4f3f-a0c0-9f604e33eefd"", ""label"": ""maintain internal communication systems"", ""score"": 0.7073}, {""uri"": ""http://data.europa.eu/esco/skill/f5122357-c3f7-4f3e-b0cc-25173199d554"", ""label"": ""teach communication methods"", ""score"": 0.692}, {""uri"": ""http://data.europa.eu/esco/skill/1835a7c1-600e-4b16-a0af-fb4f7d8d77b9"", ""label"": ""develop personal skills"", ""score"": 0.6577}, {""uri"": ""http://data.europa.eu/esco/skill/69f36674-440a-4fa0-89f9-1b70172ebb9d"", ""label"": ""advise on communication strategies"", ""score"": 0.6141}, {""uri"": ""http://data.europa.eu/esco/skill/6d56955d-2b6c-471f-890d-8c17ab16053b"", ""label"": ""communicate in an outdoor setting"", ""score"": 0.6049}]",0.70-0.80,high,0.70-0.80|high,135,96563,13,CBG: SBB Relationship Manager - Working Capital | Business Manager | Lead Antenna Design Engineer,dev
networking,2085,embedding,0.7063,http://data.europa.eu/esco/skill/02058de6-4b98-449f-8a45-8588b0eb2446,network engineering,"[{""uri"": ""http://data.europa.eu/esco/skill/02058de6-4b98-449f-8a45-8588b0eb2446"", ""label"": ""network engineering"", ""score"": 0.7063}, {""uri"": ""http://data.europa.eu/esco/skill/b105ec9b-0857-41d6-8d07-a83e58b73d90"", ""label"": ""ICT system programming"", ""score"": 0.6741}, {""uri"": ""http://data.europa.eu/esco/skill/d78dedfc-21d2-45fd-ba05-e56b7a8865e6"", ""label"": ""network standards"", ""score"": 0.6726}, {""uri"": ""http://data.europa.eu/esco/skill/f9e788df-d68a-4f92-92c7-80e135fc35ff"", ""label"": ""ICT networking hardware"", ""score"": 0.6552}, {""uri"": ""http://data.europa.eu/esco/skill/71f81e1a-e2ca-48d6-b7b8-7a34c56c51f8"", ""label"": ""transmission technology"", ""score"": 0.6479}]",0.70-0.80,high,0.70-0.80|high,135,96563,13,Regional Business Manager | Branch:Branch Relationship Officer | Branch:Branch Relationship Officer - Rural 2,test
recruitment,1797,embedding,0.7991,http://data.europa.eu/esco/skill/65715f7a-c791-416b-b88a-2933a1c81647,recruit personnel,"[{""uri"": ""http://data.europa.eu/esco/skill/65715f7a-c791-416b-b88a-2933a1c81647"", ""label"": ""recruit personnel"", ""score"": 0.7991}, {""uri"": ""http://data.europa.eu/esco/skill/8b8ed44b-5d29-4a42-a87f-a77739b5bfcd"", ""label"": ""promote employment policy"", ""score"": 0.7437}, {""uri"": ""http://data.europa.eu/esco/skill/54cdc5f2-8000-4ed8-9add-b55a4bf6c269"", ""label"": ""develop employment policies"", ""score"": 0.7425}, {""uri"": ""http://data.europa.eu/esco/skill/f5c3bcbe-a8a5-43b5-9fbe-05d6458a04d7"", ""label"": ""recruit members"", ""score"": 0.7268}, {""uri"": ""http://data.europa.eu/esco/skill/9601b2a8-68e4-4906-9306-a23679b8f0b0"", ""label"": ""supervise staff"", ""score"": 0.7031}]",0.70-0.80,high,0.70-0.80|high,135,96563,13,Sr. HR Recruiter (NON IT) | Talent Acquisition Professional | HR Recruiter | Regional Recruiter | Jaipur,dev
retail sales,650,embedding,0.7747,http://data.europa.eu/esco/skill/d70b751d-8197-4a7d-9219-548cd66b57af,sell toys and games,"[{""uri"": ""http://data.europa.eu/esco/skill/d70b751d-8197-4a7d-9219-548cd66b57af"", ""label"": ""sell toys and games"", ""score"": 0.7747}, {""uri"": ""http://data.europa.eu/esco/skill/29a50780-f81b-429c-b410-7f23a492e19d"", ""label"": ""sell products"", ""score"": 0.7373}, {""uri"": ""http://data.europa.eu/esco/skill/5a1b8a2b-53de-4827-be41-f0caffc40928"", ""label"": ""sell hardware"", ""score"": 0.7265}, {""uri"": ""http://data.europa.eu/esco/skill/b6a1aa07-ca83-42ed-a71c-dc6af6645c3e"", ""label"": ""sell footwear and leather goods"", ""score"": 0.7046}, {""uri"": ""http://data.europa.eu/esco/skill/450de541-797a-4da0-9fe4-a81471c8047d"", ""label"": ""sales activities"", ""score"": 0.7037}]",0.70-0.80,high,0.70-0.80|high,135,96563,13,Relationship Manager - Key Partnership Group | Sales Executive - Vasai | Customer Sales Executive - Two Wheeler Loans,test
sap mm,382,embedding,0.7736,http://data.europa.eu/esco/skill/f8e3425c-fe44-4ffb-bafe-0e20d91dadf4,SAP Data Services,"[{""uri"": ""http://data.europa.eu/esco/skill/f8e3425c-fe44-4ffb-bafe-0e20d91dadf4"", ""label"": ""SAP Data Services"", ""score"": 0.7736}, {""uri"": ""http://data.europa.eu/esco/skill/bb99af26-71ff-4dca-bde7-1eb1f6194426"", ""label"": ""SAP R3"", ""score"": 0.752}, {""uri"": ""http://data.europa.eu/esco/skill/eda4d727-4374-49af-ace4-118c7c906835"", ""label"": ""search engine optimisation"", ""score"": 0.5134}, {""uri"": ""http://data.europa.eu/esco/skill/13e3ad0e-7e5b-4499-885a-5f7dbfe3fc03"", ""label"": ""SA8000"", ""score"": 0.487}, {""uri"": ""http://data.europa.eu/esco/skill/25df422a-bf0a-4f76-8631-d0be91cb8751"", ""label"": ""model based system engineering"", ""score"": 0.4801}]",0.70-0.80,high,0.70-0.80|high,135,96563,13,MHS Executive | SAP SCM Functional Consultant- MM & EWM | SAP SAC Analytics and Datasphere Consultant,dev
seo,569,embedding,0.7865,http://data.europa.eu/esco/skill/eda4d727-4374-49af-ace4-118c7c906835,search engine optimisation,"[{""uri"": ""http://data.europa.eu/esco/skill/eda4d727-4374-49af-ace4-118c7c906835"", ""label"": ""search engine optimisation"", ""score"": 0.7865}, {""uri"": ""http://data.europa.eu/esco/skill/a0bf9b9d-e53f-418c-a839-5d99eff718fe"", ""label"": ""conduct search engine optimisation"", ""score"": 0.6658}, {""uri"": ""http://data.europa.eu/esco/skill/4bf59dde-8a03-483f-976a-45764f1e6d6f"", ""label"": ""search engines"", ""score"": 0.5973}, {""uri"": ""http://data.europa.eu/esco/skill/ef64005d-75bc-4597-8ed6-717edec5e55e"", ""label"": ""enhance website visibility"", ""score"": 0.5776}, {""uri"": ""http://data.europa.eu/esco/skill/b0560439-14eb-41d1-aa53-1938efc24123"", ""label"": ""content marketing strategy"", ""score"": 0.5133}]",0.70-0.80,high,0.70-0.80|high,135,96563,13,"Assistant manager - Content Writer | Digital Marketing Executive | Marketing Executive @ Marine Drive, South Mumbai",test
software,605,embedding,0.7214,http://data.europa.eu/esco/skill/4f7fa632-15a6-4739-930b-abbac8055a80,firmware,"[{""uri"": ""http://data.europa.eu/esco/skill/4f7fa632-15a6-4739-930b-abbac8055a80"", ""label"": ""firmware"", ""score"": 0.7214}, {""uri"": ""http://data.europa.eu/esco/skill/c8de8023-ab8a-402b-a828-b2b57cd3b2f7"", ""label"": ""install software"", ""score"": 0.6697}, {""uri"": ""http://data.europa.eu/esco/skill/cf310cff-0d28-4dbc-9dbb-cc500a3196c2"", ""label"": ""office software"", ""score"": 0.6654}, {""uri"": ""http://data.europa.eu/esco/skill/a520b743-8f40-43ac-a2d5-755899120844"", ""label"": ""audio technology"", ""score"": 0.6561}, {""uri"": ""http://data.europa.eu/esco/skill/89f6560b-2194-45c9-9ece-d33049a73eef"", ""label"": ""computer engineering"", ""score"": 0.6453}]",0.70-0.80,high,0.70-0.80|high,135,96563,13,"Python Software Developer | Exciting Opportunity- Team Lead Renewals-Noida | Software Engineer/Business Analyst, 2025 graduate Can also apply",dev
talent acquisition,871,embedding,0.715,http://data.europa.eu/esco/skill/f206e732-110c-47ce-a53f-f00c9d97c90d,talent management strategies,"[{""uri"": ""http://data.europa.eu/esco/skill/f206e732-110c-47ce-a53f-f00c9d97c90d"", ""label"": ""talent management strategies"", ""score"": 0.715}, {""uri"": ""http://data.europa.eu/esco/skill/301bcf97-4444-461d-82a5-78f3830f9185"", ""label"": ""identify talent"", ""score"": 0.6695}, {""uri"": ""http://data.europa.eu/esco/skill/f504dee7-f68d-4d1b-8707-cda82f0f1d6c"", ""label"": ""work to develop physical ability to perform at the highest level in sport"", ""score"": 0.6117}, {""uri"": ""http://data.europa.eu/esco/skill/312d65cd-a09e-446d-af41-b2dc51809155"", ""label"": ""bring out performers’ artistic potential"", ""score"": 0.6105}, {""uri"": ""http://data.europa.eu/esco/skill/cbd72961-64fa-4714-84ad-382318341059"", ""label"": ""create a work environment where performers can develop their potential"", ""score"": 0.603}]",0.70-0.80,high,0.70-0.80|high,135,96563,13,Talent Acquisition Professional | Senior HR Executive HR Operations | Human Resource Intern,dev
business communication skills,2,embedding,0.7875,http://data.europa.eu/esco/skill/b17f4305-741a-4a1c-8fe8-6f11cb3d5c0a,business communication,"[{""uri"": ""http://data.europa.eu/esco/skill/b17f4305-741a-4a1c-8fe8-6f11cb3d5c0a"", ""label"": ""business communication"", ""score"": 0.7875}, {""uri"": ""http://data.europa.eu/esco/skill/c32ad607-0c4d-4e34-b73f-668298f7bf13"", ""label"": ""apply technical communication skills"", ""score"": 0.7708}, {""uri"": ""http://data.europa.eu/esco/skill/f5122357-c3f7-4f3e-b0cc-25173199d554"", ""label"": ""teach communication methods"", ""score"": 0.7555}, {""uri"": ""http://data.europa.eu/esco/skill/69f36674-440a-4fa0-89f9-1b70172ebb9d"", ""label"": ""advise on communication strategies"", ""score"": 0.7315}, {""uri"": ""http://data.europa.eu/esco/skill/3838a64c-78dc-4f3f-a0c0-9f604e33eefd"", ""label"": ""maintain internal communication systems"", ""score"": 0.7305}]",0.70-0.80,low,0.70-0.80|low,9939,39870,15,Management Executive | Business Development Manager(BDM),test
capital management,8,embedding,0.7417,http://data.europa.eu/esco/skill/52e53619-fa77-4f72-b237-5e4aae784dc2,financial management,"[{""uri"": ""http://data.europa.eu/esco/skill/52e53619-fa77-4f72-b237-5e4aae784dc2"", ""label"": ""financial management"", ""score"": 0.7417}, {""uri"": ""http://data.europa.eu/esco/skill/b02b38c4-d46d-44da-9479-1310060bd74d"", ""label"": ""asset management"", ""score"": 0.6772}, {""uri"": ""http://data.europa.eu/esco/skill/0edaab25-1b72-4531-950d-d8b9a9f4a1c8"", ""label"": ""treasury management system"", ""score"": 0.65}, {""uri"": ""http://data.europa.eu/esco/skill/7d35602d-bc94-4975-aa7c-f4e8e05ce8e0"", ""label"": ""cost management"", ""score"": 0.645}, {""uri"": ""http://data.europa.eu/esco/skill/e4c205f6-55ba-4bed-9c5d-2032058300c0"", ""label"": ""financial jurisdiction"", ""score"": 0.645}]",0.70-0.80,low,0.70-0.80|low,9939,39870,15,Area Sales Manager | Senior Executive - Treasury | Relationship Manager - Working capital,test
clinical instructor,1,embedding,0.7199,http://data.europa.eu/esco/skill/795f25e5-7989-4e60-9be7-8b1b686a1547,teach medical science,"[{""uri"": ""http://data.europa.eu/esco/skill/795f25e5-7989-4e60-9be7-8b1b686a1547"", ""label"": ""teach medical science"", ""score"": 0.7199}, {""uri"": ""http://data.europa.eu/esco/skill/9437a218-22d2-4eb7-bc64-b4555eb4a95f"", ""label"": ""teach medicine"", ""score"": 0.6804}, {""uri"": ""http://data.europa.eu/esco/skill/1ec368ee-c8f0-495a-a8bb-b15b689e4e37"", ""label"": ""teach psychology"", ""score"": 0.6278}, {""uri"": ""http://data.europa.eu/esco/skill/d2e42e14-80be-48cd-bb0e-ea2f0892f951"", ""label"": ""supervise practical courses"", ""score"": 0.6274}, {""uri"": ""http://data.europa.eu/esco/skill/99a09006-31f4-41d3-b3aa-feb2aeff730b"", ""label"": ""specialist nursing care"", ""score"": 0.6245}]",0.70-0.80,low,0.70-0.80|low,9939,39870,15,Opening For Nursing Faculty with ITM Vocational University @ Vadodara,test
coordinate interviews,1,embedding,0.7269,http://data.europa.eu/esco/skill/4d313147-b39d-413f-a5e2-b12d5f0dc9e6,give interviews to media,"[{""uri"": ""http://data.europa.eu/esco/skill/4d313147-b39d-413f-a5e2-b12d5f0dc9e6"", ""label"": ""give interviews to media"", ""score"": 0.7269}, {""uri"": ""http://data.europa.eu/esco/skill/66d47084-9437-48b2-819b-c4c8214ed650"", ""label"": ""interview people"", ""score"": 0.6776}, {""uri"": ""http://data.europa.eu/esco/skill/e1f09038-b493-4771-ae29-a2d3e7ea013a"", ""label"": ""document interviews"", ""score"": 0.6677}, {""uri"": ""http://data.europa.eu/esco/skill/896563fc-6255-4419-89c2-ffed30159ad6"", ""label"": ""conduct research interview"", ""score"": 0.6544}, {""uri"": ""http://data.europa.eu/esco/skill/324f0243-1a21-4f5c-9f71-52eebc2596ed"", ""label"": ""interview techniques"", ""score"": 0.636}]",0.70-0.80,low,0.70-0.80|low,9939,39870,15,HR Assistant | 1 -3 Years | Hyderabad | Immediate,dev
end to end procurement,2,embedding,0.7146,http://data.europa.eu/esco/skill/378caeec-10a0-4162-b75c-ab374a42e93d,e-procurement,"[{""uri"": ""http://data.europa.eu/esco/skill/378caeec-10a0-4162-b75c-ab374a42e93d"", ""label"": ""e-procurement"", ""score"": 0.7146}, {""uri"": ""http://data.europa.eu/esco/skill/3bc08c26-2f98-4730-bbb6-ec4a8566e3cf"", ""label"": ""procurement lifecycle"", ""score"": 0.7099}, {""uri"": ""http://data.europa.eu/esco/skill/bc067d2e-e151-408f-8e34-24effd2b7fd6"", ""label"": ""use e-procurement"", ""score"": 0.7035}, {""uri"": ""http://data.europa.eu/esco/skill/6dd4ce8c-1813-429d-9f06-3382c4833ca3"", ""label"": ""assess procurement needs"", ""score"": 0.6989}, {""uri"": ""http://data.europa.eu/esco/skill/29cd7e7b-215c-483a-b67a-6bdad0647de9"", ""label"": ""develop procurement strategy"", ""score"": 0.6939}]",0.70-0.80,low,0.70-0.80|low,9939,39870,15,Purchase Executive - Consumer Durables /Stationary /FMCD | Supply Chain Associate,dev
integration and implementation,1,embedding,0.7076,http://data.europa.eu/esco/skill/a4a882a1-0263-4dd2-b29a-f0028cac2393,define integration strategy,"[{""uri"": ""http://data.europa.eu/esco/skill/a4a882a1-0263-4dd2-b29a-f0028cac2393"", ""label"": ""define integration strategy"", ""score"": 0.7076}, {""uri"": ""http://data.europa.eu/esco/skill/6fa1c2c0-a012-4ca0-9642-e01569ba322c"", ""label"": ""ICT system integration"", ""score"": 0.696}, {""uri"": ""http://data.europa.eu/esco/skill/1d86f05e-e9cc-40ce-99d8-2b21cc71b16b"", ""label"": ""solution deployment"", ""score"": 0.6308}, {""uri"": ""http://data.europa.eu/esco/skill/0f9958d2-f700-4f62-b90b-a5873cb5ae4c"", ""label"": ""systems thinking"", ""score"": 0.6271}, {""uri"": ""http://data.europa.eu/esco/skill/7a8fb784-67fa-41e9-a75c-6b491d91f800"", ""label"": ""develop strategy to solve problems"", ""score"": 0.6089}]",0.70-0.80,low,0.70-0.80|low,9939,39870,15,Informatica MDM Consultant,test
nursing tutor,2,embedding,0.7776,http://data.europa.eu/esco/skill/d429b19a-132f-44d3-971b-bb0ccd94f979,nursing science,"[{""uri"": ""http://data.europa.eu/esco/skill/d429b19a-132f-44d3-971b-bb0ccd94f979"", ""label"": ""nursing science"", ""score"": 0.7776}, {""uri"": ""http://data.europa.eu/esco/skill/62268d9a-42f9-4c65-9ed3-d7ba69249896"", ""label"": ""support nurses"", ""score"": 0.7099}, {""uri"": ""http://data.europa.eu/esco/skill/04e6f19b-6458-432f-9790-3979831a03bc"", ""label"": ""teach nursing principles"", ""score"": 0.7096}, {""uri"": ""http://data.europa.eu/esco/skill/bccafecc-4d80-43d3-8c9f-aef382c3926f"", ""label"": ""work with nursing staff"", ""score"": 0.7021}, {""uri"": ""http://data.europa.eu/esco/skill/d5c8ec12-202d-4b39-a71e-b6dcc24a358b"", ""label"": ""coach individuals in specialised nursing care"", ""score"": 0.6916}]",0.70-0.80,low,0.70-0.80|low,9939,39870,15,Opening For Nursing Faculty with ITM Vocational University @ Vadodara | Nursing Tutor,test
pressure,11,embedding,0.7597,http://data.europa.eu/esco/skill/7a147904-22b3-498a-b4d9-7bceeb86b45d,cope with stress,"[{""uri"": ""http://data.europa.eu/esco/skill/7a147904-22b3-498a-b4d9-7bceeb86b45d"", ""label"": ""cope with stress"", ""score"": 0.7597}, {""uri"": ""http://data.europa.eu/esco/skill/20e16be3-80b0-46bd-8b5e-ad9aa1ddf608"", ""label"": ""water pressure"", ""score"": 0.6051}, {""uri"": ""http://data.europa.eu/esco/skill/fbdfc3bf-56a0-4454-a17d-2f513fe57b53"", ""label"": ""manage stress in the work place"", ""score"": 0.5575}, {""uri"": ""http://data.europa.eu/esco/skill/91fe9c5b-7c12-4835-ad9c-6cae970187fa"", ""label"": ""influence legislators"", ""score"": 0.5378}, {""uri"": ""http://data.europa.eu/esco/skill/7a66b8a3-502f-408e-ac69-46e72dec6ede"", ""label"": ""deal with pressure from unexpected circumstances"", ""score"": 0.5375}]",0.70-0.80,low,0.70-0.80|low,9939,39870,15,Gnm Staff Nurse | Field Sales Executive | Business Relationship Executive,dev
printing and packaging,16,embedding,0.7738,http://data.europa.eu/esco/skill/a507f45d-0894-4803-b1cd-9ca7f15c9299,printed goods processes,"[{""uri"": ""http://data.europa.eu/esco/skill/a507f45d-0894-4803-b1cd-9ca7f15c9299"", ""label"": ""printed goods processes"", ""score"": 0.7738}, {""uri"": ""http://data.europa.eu/esco/skill/b8ac179c-4a29-4467-9177-031daf1321d6"", ""label"": ""packaging engineering"", ""score"": 0.7705}, {""uri"": ""http://data.europa.eu/esco/skill/fcc64184-33d5-4e4a-8d28-0993d5685c39"", ""label"": ""packaging processes"", ""score"": 0.7555}, {""uri"": ""http://data.europa.eu/esco/skill/50167173-ac2d-42b1-954a-a5c5a18a6373"", ""label"": ""printing materials"", ""score"": 0.7242}, {""uri"": ""http://data.europa.eu/esco/skill/99981dbd-6f0f-495d-a67f-20ad0f9ef6f3"", ""label"": ""printing media"", ""score"": 0.7194}]",0.70-0.80,low,0.70-0.80|low,9939,39870,15,Manager - Factory Operations | Account Manager Sales _ Vizag_ 5-10 Years | Assistant Manager  Packaging Development,dev
regulatory due digilence,1,embedding,0.7387,http://data.europa.eu/esco/skill/415f816c-07ae-4ac1-9ddb-ecaa9957a249,law enforcement,"[{""uri"": ""http://data.europa.eu/esco/skill/415f816c-07ae-4ac1-9ddb-ecaa9957a249"", ""label"": ""law enforcement"", ""score"": 0.7387}, {""uri"": ""http://data.europa.eu/esco/skill/4ff549c3-daa5-4def-9916-301c7bdf13b8"", ""label"": ""control systems"", ""score"": 0.7183}, {""uri"": ""http://data.europa.eu/esco/skill/b1d8b079-135d-4ebc-a1b4-e5d7db8af679"", ""label"": ""draft legislation"", ""score"": 0.7034}, {""uri"": ""http://data.europa.eu/esco/skill/ec8b44f6-e2ef-460a-b964-e66192a278bd"", ""label"": ""law of obligation"", ""score"": 0.7007}, {""uri"": ""http://data.europa.eu/esco/skill/5b71cb01-0f37-47e0-a617-abcf08c8aa64"", ""label"": ""interpret law"", ""score"": 0.6879}]",0.70-0.80,low,0.70-0.80|low,9939,39870,15,Analyst - Management Consulting,test
risk audit,1,embedding,0.7564,http://data.europa.eu/esco/skill/bf318ffc-0b68-4915-80be-8c8b500d344c,test safety strategies,"[{""uri"": ""http://data.europa.eu/esco/skill/bf318ffc-0b68-4915-80be-8c8b500d344c"", ""label"": ""test safety strategies"", ""score"": 0.7564}, {""uri"": ""http://data.europa.eu/esco/skill/925cb6fb-9506-48a5-9106-400088a4a436"", ""label"": ""arrange audit"", ""score"": 0.7334}, {""uri"": ""http://data.europa.eu/esco/skill/99571e68-801f-49af-a897-5f75996642e1"", ""label"": ""financial analysis"", ""score"": 0.7153}, {""uri"": ""http://data.europa.eu/esco/skill/6a536b36-c5c7-4d10-bf67-a4fb0f8549b2"", ""label"": ""audit techniques"", ""score"": 0.7119}, {""uri"": ""http://data.europa.eu/esco/skill/095fdace-1cc3-4e80-b37b-268fe297904a"", ""label"": ""prepare audit activities"", ""score"": 0.7106}]",0.70-0.80,low,0.70-0.80|low,9939,39870,15,AM / Manager / Ass Director - Internal Audit  (BIG 4) NON FS Sector,dev
sale order processing,1,embedding,0.7971,http://data.europa.eu/esco/skill/4ad83664-21a9-4f96-8834-0fc8f671be9c,dispatch order processing,"[{""uri"": ""http://data.europa.eu/esco/skill/4ad83664-21a9-4f96-8834-0fc8f671be9c"", ""label"": ""dispatch order processing"", ""score"": 0.7971}, {""uri"": ""http://data.europa.eu/esco/skill/73225018-7139-433b-bdba-2b90774761d9"", ""label"": ""issue purchase orders"", ""score"": 0.7334}, {""uri"": ""http://data.europa.eu/esco/skill/ec66b111-d8d0-4516-88ba-ee0b6fe6f695"", ""label"": ""process customer orders"", ""score"": 0.7159}, {""uri"": ""http://data.europa.eu/esco/skill/d5fa1ed6-6cd8-41b9-8e78-2ba168ff3457"", ""label"": ""process orders from online shop"", ""score"": 0.7142}, {""uri"": ""http://data.europa.eu/esco/skill/c1388df1-47bd-4fd5-8b71-dce7886ef21b"", ""label"": ""sales department processes"", ""score"": 0.692}]",0.70-0.80,low,0.70-0.80|low,9939,39870,15,Process Executive & Senior Process Executive,dev
sap vc,2,embedding,0.7248,http://data.europa.eu/esco/skill/bb99af26-71ff-4dca-bde7-1eb1f6194426,SAP R3,"[{""uri"": ""http://data.europa.eu/esco/skill/bb99af26-71ff-4dca-bde7-1eb1f6194426"", ""label"": ""SAP R3"", ""score"": 0.7248}, {""uri"": ""http://data.europa.eu/esco/skill/f8e3425c-fe44-4ffb-bafe-0e20d91dadf4"", ""label"": ""SAP Data Services"", ""score"": 0.7127}, {""uri"": ""http://data.europa.eu/esco/skill/8369ede5-4200-4a44-be2e-bc60ef959259"", ""label"": ""Microsoft Visual C++"", ""score"": 0.4956}, {""uri"": ""http://data.europa.eu/esco/skill/13bdd41a-2a18-441f-96db-41252c519413"", ""label"": ""Visual Basic"", ""score"": 0.474}, {""uri"": ""http://data.europa.eu/esco/skill/83218cac-3599-417e-93d2-26013cdccd98"", ""label"": ""service-oriented modelling"", ""score"": 0.465}]",0.70-0.80,low,0.70-0.80|low,9939,39870,15,SAP SD VC Consultant | Consultant SAP CPI,test
secondary english,1,embedding,0.7107,http://data.europa.eu/esco/skill/6d3edede-8951-4621-a835-e04323300fa0,English,"[{""uri"": ""http://data.europa.eu/esco/skill/6d3edede-8951-4621-a835-e04323300fa0"", ""label"": ""English"", ""score"": 0.7107}, {""uri"": ""http://data.europa.eu/esco/skill/7ce196c4-65c5-4aa0-88a2-9ab08eb9fd49"", ""label"": ""academic English"", ""score"": 0.7068}, {""uri"": ""http://data.europa.eu/esco/skill/6bb0026e-3c7f-4b97-88bc-4da7d956b090"", ""label"": ""teach linguistics"", ""score"": 0.6464}, {""uri"": ""http://data.europa.eu/esco/skill/1d7855f1-e7a9-42ad-bf0a-971591801831"", ""label"": ""aviation English"", ""score"": 0.6246}, {""uri"": ""http://data.europa.eu/esco/skill/7ee20fe2-facd-4cc5-837b-927429e0e7ac"", ""label"": ""understand written English"", ""score"": 0.6243}]",0.70-0.80,low,0.70-0.80|low,9939,39870,15,Secondary English Teacher,dev
web production,1,embedding,0.7969,http://data.europa.eu/esco/skill/6c80d53c-d8c9-41fe-998f-091fca208834,learning management systems,"[{""uri"": ""http://data.europa.eu/esco/skill/6c80d53c-d8c9-41fe-998f-091fca208834"", ""label"": ""learning management systems"", ""score"": 0.7969}, {""uri"": ""http://data.europa.eu/esco/skill/69bbd53f-fbb0-4476-b4b2-ef7844464e28"", ""label"": ""web programming"", ""score"": 0.7862}, {""uri"": ""http://data.europa.eu/esco/skill/b105ec9b-0857-41d6-8d07-a83e58b73d90"", ""label"": ""ICT system programming"", ""score"": 0.6884}, {""uri"": ""http://data.europa.eu/esco/skill/1de3942b-99d8-41e8-9ef0-fbc9e9f6307b"", ""label"": ""Drupal"", ""score"": 0.6703}, {""uri"": ""http://data.europa.eu/esco/skill/d04ee340-5378-4601-8181-19da6d5cbfe0"", ""label"": ""manage website"", ""score"": 0.6572}]",0.70-0.80,low,0.70-0.80|low,9939,39870,15,Web Production/.Net Full stack,dev
calls handling,59,embedding,0.7497,http://data.europa.eu/esco/skill/5a0bffcf-4ff6-49cf-a7db-4142e63f5f04,answer incoming calls,"[{""uri"": ""http://data.europa.eu/esco/skill/5a0bffcf-4ff6-49cf-a7db-4142e63f5f04"", ""label"": ""answer incoming calls"", ""score"": 0.7497}, {""uri"": ""http://data.europa.eu/esco/skill/7f1a7abb-9208-48b7-8b84-2c1f283a50a0"", ""label"": ""call routing"", ""score"": 0.6958}, {""uri"": ""http://data.europa.eu/esco/skill/9c203a4b-406e-487c-a27a-6ac99253e8fc"", ""label"": ""operate call distribution system"", ""score"": 0.6735}, {""uri"": ""http://data.europa.eu/esco/skill/dde5de4c-9693-4284-9a7d-deb28c300701"", ""label"": ""complete evaluation forms of calls"", ""score"": 0.66}, {""uri"": ""http://data.europa.eu/esco/skill/8a8c1c9a-abaf-41b1-860e-1d9264b94d38"", ""label"": ""redirect callers"", ""score"": 0.6572}]",0.70-0.80,mid,0.70-0.80|mid,724,63169,14,Front Office Executive | Sr.Sales Executive - B2B | Customer Care Executive,test
compensation,102,embedding,0.7262,http://data.europa.eu/esco/skill/53386714-0e24-4df5-a460-b884e2d6c4c4,collect damages,"[{""uri"": ""http://data.europa.eu/esco/skill/53386714-0e24-4df5-a460-b884e2d6c4c4"", ""label"": ""collect damages"", ""score"": 0.7262}, {""uri"": ""http://data.europa.eu/esco/skill/99474c7c-7096-4ff9-9e87-03db28727b00"", ""label"": ""calculate compensation payments"", ""score"": 0.6745}, {""uri"": ""http://data.europa.eu/esco/skill/81111f18-b0a1-40c8-9934-ad5ed44d5427"", ""label"": ""legal compensation for victims of crime"", ""score"": 0.6049}, {""uri"": ""http://data.europa.eu/esco/skill/6789defa-dc57-42a8-b2ed-2b8c349aa3e2"", ""label"": ""determine salaries"", ""score"": 0.5479}, {""uri"": ""http://data.europa.eu/esco/skill/103770db-5ed7-4208-ac72-cf174dd677e9"", ""label"": ""childbirth"", ""score"": 0.5457}]",0.70-0.80,mid,0.70-0.80|mid,724,63169,14,Oracle Cloud Hcm Functional Consultant | Sr. Oracle HCM Functional Consultant | Principal Executive Recruiter,test
customer acquisition,120,embedding,0.7526,http://data.europa.eu/esco/skill/6d97bf55-6fb6-4795-8282-3ef915ae0bb8,prospect new customers,"[{""uri"": ""http://data.europa.eu/esco/skill/6d97bf55-6fb6-4795-8282-3ef915ae0bb8"", ""label"": ""prospect new customers"", ""score"": 0.7526}, {""uri"": ""http://data.europa.eu/esco/skill/61970f8b-099c-4e7e-82e0-9ccdced0baf3"", ""label"": ""assist customers"", ""score"": 0.7325}, {""uri"": ""http://data.europa.eu/esco/skill/64f2c90c-4144-418e-82c6-3150e03d29a3"", ""label"": ""assess customers"", ""score"": 0.7234}, {""uri"": ""http://data.europa.eu/esco/skill/a3e7ebba-5183-4df8-9203-35b9b9b8f4fa"", ""label"": ""collect customer data"", ""score"": 0.7079}, {""uri"": ""http://data.europa.eu/esco/skill/8330c86e-63cf-4be6-849f-4f77628cc5c5"", ""label"": ""satisfy customers"", ""score"": 0.6896}]",0.70-0.80,mid,0.70-0.80|mid,724,63169,14,Sales executive - Fresher Hiring- CTC (6.5LPA - 7.5LPA) | Technical Program Manager | Marketing Manager,dev
infrastructure,203,embedding,0.7659,http://data.europa.eu/esco/skill/9f419402-ceea-4e44-bae2-9f11fbcf8f08,monitor swimming-pool infrastructure,"[{""uri"": ""http://data.europa.eu/esco/skill/9f419402-ceea-4e44-bae2-9f11fbcf8f08"", ""label"": ""monitor swimming-pool infrastructure"", ""score"": 0.7659}, {""uri"": ""http://data.europa.eu/esco/skill/d0c6d77e-cb25-4770-bf77-2073fc5f7523"", ""label"": ""ICT infrastructure"", ""score"": 0.7345}, {""uri"": ""http://data.europa.eu/esco/skill/ceb0d9a0-96c6-4334-bcf4-c529e314d1ac"", ""label"": ""rail infrastructure"", ""score"": 0.6945}, {""uri"": ""http://data.europa.eu/esco/skill/0332f526-6dc0-4f09-8a7c-2b9473c50736"", ""label"": ""ensure infrastructure accessibility"", ""score"": 0.6249}, {""uri"": ""http://data.europa.eu/esco/skill/edef3251-fd5f-4a5a-bab6-88c17e36a001"", ""label"": ""ground segment"", ""score"": 0.6108}]",0.70-0.80,mid,0.70-0.80|mid,724,63169,14,Hiring IT Infra Sale Manager (Chennai ) @ Inspirisys Ltd !!! | Sales Associate | Analyst,dev
investigation,53,embedding,0.7509,http://data.europa.eu/esco/skill/93f1caa3-df33-4de7-98da-40f5fc30fd52,forensic intelligence,"[{""uri"": ""http://data.europa.eu/esco/skill/93f1caa3-df33-4de7-98da-40f5fc30fd52"", ""label"": ""forensic intelligence"", ""score"": 0.7509}, {""uri"": ""http://data.europa.eu/esco/skill/a8585efe-4011-47b2-9aed-cd01bd3652c0"", ""label"": ""legal research"", ""score"": 0.7447}, {""uri"": ""http://data.europa.eu/esco/skill/114a5cda-0ef1-4065-a064-755260aaa77e"", ""label"": ""perform forensic examinations"", ""score"": 0.7117}, {""uri"": ""http://data.europa.eu/esco/skill/1ff53c92-370d-414b-b758-b0a1b8026853"", ""label"": ""check methods"", ""score"": 0.701}, {""uri"": ""http://data.europa.eu/esco/skill/b24b1b8e-bc16-4280-a599-8e2ee1ed962b"", ""label"": ""action research"", ""score"": 0.6944}]",0.70-0.80,mid,0.70-0.80|mid,724,63169,14,Associate Manager - Surveillance and AML | Head Of Department - Investigation | Digital Network & Security - SME,dev
oil,82,embedding,0.799,http://data.europa.eu/esco/skill/c564a8dc-e6b3-48a1-bb6c-674f6ce37215,fossil fuels,"[{""uri"": ""http://data.europa.eu/esco/skill/c564a8dc-e6b3-48a1-bb6c-674f6ce37215"", ""label"": ""fossil fuels"", ""score"": 0.799}, {""uri"": ""http://data.europa.eu/esco/skill/ad536e6e-7333-4d86-bea6-130ca4ed9ee3"", ""label"": ""petroleum"", ""score"": 0.799}, {""uri"": ""http://data.europa.eu/esco/skill/0157feec-52c2-4764-b83d-2d017ce8e49d"", ""label"": ""prepare oils"", ""score"": 0.6651}, {""uri"": ""http://data.europa.eu/esco/skill/81434d3a-7ec7-41ec-8bd1-225c71c9b9f3"", ""label"": ""wash oils"", ""score"": 0.6498}, {""uri"": ""http://data.europa.eu/esco/skill/2f58fc20-4528-410b-877f-3dec775f1b4e"", ""label"": ""lubricate engines"", ""score"": 0.6314}]",0.70-0.80,mid,0.70-0.80|mid,724,63169,14,Upstream Consultant | Sap mm Consultant | Associate Design Engineer-Piping (EPC),dev
online sales,55,embedding,0.7163,http://data.europa.eu/esco/skill/450de541-797a-4da0-9fe4-a81471c8047d,sales activities,"[{""uri"": ""http://data.europa.eu/esco/skill/450de541-797a-4da0-9fe4-a81471c8047d"", ""label"": ""sales activities"", ""score"": 0.7163}, {""uri"": ""http://data.europa.eu/esco/skill/29a50780-f81b-429c-b410-7f23a492e19d"", ""label"": ""sell products"", ""score"": 0.6931}, {""uri"": ""http://data.europa.eu/esco/skill/78b26c92-da70-4c72-9f10-7a8c8b9db02e"", ""label"": ""use internet to increase sales"", ""score"": 0.6879}, {""uri"": ""http://data.europa.eu/esco/skill/0c0488b3-fca5-4deb-865b-8dc605c3d909"", ""label"": ""sales argumentation"", ""score"": 0.6782}, {""uri"": ""http://data.europa.eu/esco/skill/750f86d2-18be-4015-84b1-d4a26d9b2d88"", ""label"": ""online ads campaign techniques"", ""score"": 0.6736}]",0.70-0.80,mid,0.70-0.80|mid,724,63169,14,Key Accounts Manager - Modern Trade & Ecommerce | Social Media & E-commerce Specialist - Lifestyle / Fashion / Apparels | E Commerce Operations Executive,test
performance,93,embedding,0.7641,http://data.europa.eu/esco/skill/98d4819d-14c0-44c3-8e0c-ced9f002b728,define artistic performance concepts,"[{""uri"": ""http://data.europa.eu/esco/skill/98d4819d-14c0-44c3-8e0c-ced9f002b728"", ""label"": ""define artistic performance concepts"", ""score"": 0.7641}, {""uri"": ""http://data.europa.eu/esco/skill/58b98338-b26c-4ee5-af76-08ebea960e79"", ""label"": ""judge sport performances"", ""score"": 0.6629}, {""uri"": ""http://data.europa.eu/esco/skill/5d8b0aff-0599-470a-8eef-9e8cb3ad1626"", ""label"": ""create an artistic performance"", ""score"": 0.6557}, {""uri"": ""http://data.europa.eu/esco/skill/e49f4158-9d4c-425d-bf32-dfe89b19840a"", ""label"": ""plan"", ""score"": 0.6203}, {""uri"": ""http://data.europa.eu/esco/skill/2687dc6e-b245-477a-a115-7abeb7134b78"", ""label"": ""performance diagnosis"", ""score"": 0.6127}]",0.70-0.80,mid,0.70-0.80|mid,724,63169,14,Opening For Performance Marketing - Chennai | Oracle EPM Administrator | Digital Marketing Manager (Real Estate - Performance Marketing),test
process training,121,embedding,0.7375,http://data.europa.eu/esco/skill/436b8f31-1a12-408a-be5f-a951942fbf92,simulation-based clinical education,"[{""uri"": ""http://data.europa.eu/esco/skill/436b8f31-1a12-408a-be5f-a951942fbf92"", ""label"": ""simulation-based clinical education"", ""score"": 0.7375}, {""uri"": ""http://data.europa.eu/esco/skill/a37557b6-5151-4ce6-bfcd-b0890444a391"", ""label"": ""integrate principles of training"", ""score"": 0.7045}, {""uri"": ""http://data.europa.eu/esco/skill/4f6e68b2-85c8-446e-a96d-b306ec7e0091"", ""label"": ""training subject expertise"", ""score"": 0.6812}, {""uri"": ""http://data.europa.eu/esco/skill/3ebfb75e-f4c4-4b16-a006-0b1980ab141e"", ""label"": ""train operating procedures"", ""score"": 0.6682}, {""uri"": ""http://data.europa.eu/esco/skill/4c5d616e-f6d8-4fb4-8ce6-89a4b048b916"", ""label"": ""create training materials"", ""score"": 0.6572}]",0.70-0.80,mid,0.70-0.80|mid,724,63169,14,Assistant Manager - Process Training - Insurance - BPO/BPM - Pune | Process Trainer- Sales | Corporate Trainer Sales:- Edtech,dev
sap finance,36,embedding,0.7357,http://data.europa.eu/esco/skill/f8e3425c-fe44-4ffb-bafe-0e20d91dadf4,SAP Data Services,"[{""uri"": ""http://data.europa.eu/esco/skill/f8e3425c-fe44-4ffb-bafe-0e20d91dadf4"", ""label"": ""SAP Data Services"", ""score"": 0.7357}, {""uri"": ""http://data.europa.eu/esco/skill/bb99af26-71ff-4dca-bde7-1eb1f6194426"", ""label"": ""SAP R3"", ""score"": 0.7135}, {""uri"": ""http://data.europa.eu/esco/skill/52e53619-fa77-4f72-b237-5e4aae784dc2"", ""label"": ""financial management"", ""score"": 0.5712}, {""uri"": ""http://data.europa.eu/esco/skill/de07a5bd-f50c-4bf9-a767-48dfdaf8722b"", ""label"": ""assist in fund management"", ""score"": 0.5648}, {""uri"": ""http://data.europa.eu/esco/skill/3369d4f5-bfa7-47dc-b61f-e74d0d91bf74"", ""label"": ""optimise financial performance"", ""score"": 0.5269}]",0.70-0.80,mid,0.70-0.80|mid,724,63169,14,SAP FI S/4HANA Finance Consultant | SAP FICO S4H | Walkin | Bang | C2H-TCS | 11th Oct | Sap Fico Consultant,dev
security testing,37,embedding,0.7855,http://data.europa.eu/esco/skill/f4a85869-1855-45d5-a43c-7ee8cd451996,perform ICT security testing,"[{""uri"": ""http://data.europa.eu/esco/skill/f4a85869-1855-45d5-a43c-7ee8cd451996"", ""label"": ""perform ICT security testing"", ""score"": 0.7855}, {""uri"": ""http://data.europa.eu/esco/skill/ae699de1-0746-4fe2-86f0-17770db7790d"", ""label"": ""perform security checks"", ""score"": 0.7391}, {""uri"": ""http://data.europa.eu/esco/skill/1a63b1a7-2cac-4372-8760-7bb6afb36949"", ""label"": ""investigate security issues"", ""score"": 0.6949}, {""uri"": ""http://data.europa.eu/esco/skill/de586dcf-d7e5-4340-bf5b-d59026f1b436"", ""label"": ""penetration testing tool"", ""score"": 0.645}, {""uri"": ""http://data.europa.eu/esco/skill/95ee5e38-5c1e-4cd2-a21d-6921390025a9"", ""label"": ""usability engineering"", ""score"": 0.6436}]",0.70-0.80,mid,0.70-0.80|mid,724,63169,14,"CREST Certified Penetration Testers | Product Security Analyst, APAC | Gulf: Penetration Tester x3",test
sheet,99,embedding,0.7226,http://data.europa.eu/esco/skill/1973c966-f236-40c9-b2d4-5d71a89019be,use spreadsheets software,"[{""uri"": ""http://data.europa.eu/esco/skill/1973c966-f236-40c9-b2d4-5d71a89019be"", ""label"": ""use spreadsheets software"", ""score"": 0.7226}, {""uri"": ""http://data.europa.eu/esco/skill/68117f21-c66a-4769-87b0-586fe17f9ab5"", ""label"": ""measure paper sheets"", ""score"": 0.6146}, {""uri"": ""http://data.europa.eu/esco/skill/03aa85d2-9a67-455f-b901-595e685afdd2"", ""label"": ""keep sheet records"", ""score"": 0.5456}, {""uri"": ""http://data.europa.eu/esco/skill/3816bddd-0765-48d6-b972-0f9aa7296a46"", ""label"": ""hang wallpaper"", ""score"": 0.5012}, {""uri"": ""http://data.europa.eu/esco/skill/c21e58e3-2886-4c08-87ef-29bfa07eafec"", ""label"": ""press soap into sheets"", ""score"": 0.4967}]",0.70-0.80,mid,0.70-0.80|mid,724,63169,14,CX Associate | Cost Validation - Finance | Fabrication Production Engineer,test
sme sales,46,embedding,0.7143,http://data.europa.eu/esco/skill/31032902-0909-44ac-a8e7-b6b1d5f52149,manage a small-to-medium business,"[{""uri"": ""http://data.europa.eu/esco/skill/31032902-0909-44ac-a8e7-b6b1d5f52149"", ""label"": ""manage a small-to-medium business"", ""score"": 0.7143}, {""uri"": ""http://data.europa.eu/esco/skill/450de541-797a-4da0-9fe4-a81471c8047d"", ""label"": ""sales activities"", ""score"": 0.6487}, {""uri"": ""http://data.europa.eu/esco/skill/29a50780-f81b-429c-b410-7f23a492e19d"", ""label"": ""sell products"", ""score"": 0.6387}, {""uri"": ""http://data.europa.eu/esco/skill/511eaf45-f585-4198-9c8d-9dbedb22b1b2"", ""label"": ""sell software products"", ""score"": 0.6317}, {""uri"": ""http://data.europa.eu/esco/skill/b99aa3b8-0066-46b2-a027-30afae444ad8"", ""label"": ""implement sales strategies"", ""score"": 0.6153}]",0.70-0.80,mid,0.70-0.80|mid,724,63169,14,Relationship Manager Sales For Working capital- Manager | B2B Sales : Networking Platform Company -Vashi | Relationship Manager Sales For Working capital- Sr.Manager,dev
videography,48,embedding,0.771,http://data.europa.eu/esco/skill/eb3aa3a8-6ece-441d-9041-15dcb0880e47,cinematography,"[{""uri"": ""http://data.europa.eu/esco/skill/eb3aa3a8-6ece-441d-9041-15dcb0880e47"", ""label"": ""cinematography"", ""score"": 0.771}, {""uri"": ""http://data.europa.eu/esco/skill/38509fa4-7c06-4a4b-9622-f521f03c37b8"", ""label"": ""photography"", ""score"": 0.771}, {""uri"": ""http://data.europa.eu/esco/skill/3795f2ca-7c0a-4a80-88d9-052c9d1b36c3"", ""label"": ""cameras"", ""score"": 0.6807}, {""uri"": ""http://data.europa.eu/esco/skill/eac1e014-17aa-4694-a96d-540bfc06bca3"", ""label"": ""commercial photography"", ""score"": 0.6721}, {""uri"": ""http://data.europa.eu/esco/skill/e8dd9cc1-c83d-45ec-a7b0-e3727ab90336"", ""label"": ""create moving images"", ""score"": 0.6658}]",0.70-0.80,mid,0.70-0.80|mid,724,63169,14,Photographers | Traditional videographer | Video Content Creator,test
agile methodology,452,embedding,0.8964,http://data.europa.eu/esco/skill/dba46f87-0831-49cd-a1c7-340a653c0221,Agile development,"[{""uri"": ""http://data.europa.eu/esco/skill/dba46f87-0831-49cd-a1c7-340a653c0221"", ""label"": ""Agile development"", ""score"": 0.8964}, {""uri"": ""http://data.europa.eu/esco/skill/0a9acb6b-1139-4be9-b431-3a80a959f2f4"", ""label"": ""Agile project management"", ""score"": 0.7659}, {""uri"": ""http://data.europa.eu/esco/skill/bec4359e-cb92-468f-a997-8fb28e32fba9"", ""label"": ""ICT project management methodologies"", ""score"": 0.6887}, {""uri"": ""http://data.europa.eu/esco/skill/da6393d5-a53c-4863-abc7-51f36281d74e"", ""label"": ""lean project management"", ""score"": 0.6304}, {""uri"": ""http://data.europa.eu/esco/skill/33d49d4f-31ec-473f-9b8a-b555aa5116bb"", ""label"": ""iterative development"", ""score"": 0.6175}]",0.80+,high,0.80+|high,136,92093,13,Embedded Testing Engineer | iScala Techno-Functional consultant | JAVA Fullstack_Tech Lead,test
architecture,830,embedding,0.8406,http://data.europa.eu/esco/skill/9f5e899e-a53f-4b7a-a137-aade7fb18b86,architectural theory,"[{""uri"": ""http://data.europa.eu/esco/skill/9f5e899e-a53f-4b7a-a137-aade7fb18b86"", ""label"": ""architectural theory"", ""score"": 0.8406}, {""uri"": ""http://data.europa.eu/esco/skill/80c042de-bc1a-4d78-b266-35bc80ba3093"", ""label"": ""architectural design"", ""score"": 0.7933}, {""uri"": ""http://data.europa.eu/esco/skill/77a9c736-154e-4a19-8476-4246ed25fd54"", ""label"": ""historic architecture"", ""score"": 0.7664}, {""uri"": ""http://data.europa.eu/esco/skill/7c3cde53-9ff7-4e82-8396-13fdfadd3432"", ""label"": ""design buildings"", ""score"": 0.7398}, {""uri"": ""http://data.europa.eu/esco/skill/34406889-f522-47a7-b60d-8545b36d73bb"", ""label"": ""design harmonious architecture"", ""score"": 0.7189}]",0.80+,high,0.80+|high,136,92093,13,Engineer - Design (Engine Installation & Cooling) | Design Engineer (Engine Installation & Cooling) | Full Stack Developer,test
content management,419,embedding,0.8924,http://data.europa.eu/esco/skill/9710092c-f174-4e84-95bf-2064d39ad7a0,manage content metadata,"[{""uri"": ""http://data.europa.eu/esco/skill/9710092c-f174-4e84-95bf-2064d39ad7a0"", ""label"": ""manage content metadata"", ""score"": 0.8924}, {""uri"": ""http://data.europa.eu/esco/skill/56a10e3e-c9e7-4d39-b6f1-6013398fcb3a"", ""label"": ""use content management system software"", ""score"": 0.8561}, {""uri"": ""http://data.europa.eu/esco/skill/1de3942b-99d8-41e8-9ef0-fbc9e9f6307b"", ""label"": ""Drupal"", ""score"": 0.813}, {""uri"": ""http://data.europa.eu/esco/skill/c1f29568-f2bb-49d2-b6c2-28748bd1629b"", ""label"": ""manage online content"", ""score"": 0.7982}, {""uri"": ""http://data.europa.eu/esco/skill/b769f524-0f25-44d7-8538-5c46710a040e"", ""label"": ""manage digital documents"", ""score"": 0.7881}]",0.80+,high,0.80+|high,136,92093,13,Assistant manager - Content Writer | Enterprise Content Manager/ C2H / F2F Interview | Web Producer - SEO,test
data management,945,embedding,0.9045,http://data.europa.eu/esco/skill/9ff9db9d-d14b-426e-83f3-e7449af6c79f,manage data,"[{""uri"": ""http://data.europa.eu/esco/skill/9ff9db9d-d14b-426e-83f3-e7449af6c79f"", ""label"": ""manage data"", ""score"": 0.9045}, {""uri"": ""http://data.europa.eu/esco/skill/7ee4c2ea-b349-4bd2-81a3-ec31475d4833"", ""label"": ""statistics"", ""score"": 0.8127}, {""uri"": ""http://data.europa.eu/esco/skill/8622f74f-61b7-4664-862a-7c1dea8041f0"", ""label"": ""knowledge management"", ""score"": 0.7721}, {""uri"": ""http://data.europa.eu/esco/skill/57231a22-4da7-49c8-97b8-75672feadf1e"", ""label"": ""manage quantitative data"", ""score"": 0.752}, {""uri"": ""http://data.europa.eu/esco/skill/3ec2e4d6-7000-4905-bf1a-c5b1679416de"", ""label"": ""data warehouse"", ""score"": 0.7501}]",0.80+,high,0.80+|high,136,92093,13,AVP | Manager - Fraud Regulatory Reporting & MIS | Asst. Manager-Product Management,dev
database design,242,embedding,0.8984,http://data.europa.eu/esco/skill/6c08403c-a5bb-4868-b8c2-b7d039c0e511,design database scheme,"[{""uri"": ""http://data.europa.eu/esco/skill/6c08403c-a5bb-4868-b8c2-b7d039c0e511"", ""label"": ""design database scheme"", ""score"": 0.8984}, {""uri"": ""http://data.europa.eu/esco/skill/43ae58b9-5e56-4524-b45a-b422777a0576"", ""label"": ""database"", ""score"": 0.7649}, {""uri"": ""http://data.europa.eu/esco/skill/0df2e216-68ae-4952-b9dc-3c2f2bc04fe3"", ""label"": ""maintain freelance database"", ""score"": 0.7037}, {""uri"": ""http://data.europa.eu/esco/skill/7ee4c2ea-b349-4bd2-81a3-ec31475d4833"", ""label"": ""statistics"", ""score"": 0.6768}, {""uri"": ""http://data.europa.eu/esco/skill/a1388163-462a-4b76-8649-67470ea858a1"", ""label"": ""search databases"", ""score"": 0.6616}]",0.80+,high,0.80+|high,136,92093,13,Sybase DBA | Full Stack Developer (Angular and nest/Node JS) | Tech Lead - Python Engineering,dev
google analytics,301,embedding,0.8147,http://data.europa.eu/esco/skill/1605025e-a179-421f-8f35-5b07d182a6b2,web analytics,"[{""uri"": ""http://data.europa.eu/esco/skill/1605025e-a179-421f-8f35-5b07d182a6b2"", ""label"": ""web analytics"", ""score"": 0.8147}, {""uri"": ""http://data.europa.eu/esco/skill/98a1dec3-8138-4f46-a596-5e2a83b884b9"", ""label"": ""business analytics"", ""score"": 0.7476}, {""uri"": ""http://data.europa.eu/esco/skill/143769cb-b61e-47d8-a61e-eedfbec1016c"", ""label"": ""business intelligence"", ""score"": 0.7476}, {""uri"": ""http://data.europa.eu/esco/skill/11c56452-fcec-4b00-9695-cca4728e5048"", ""label"": ""marketing analytics"", ""score"": 0.7085}, {""uri"": ""http://data.europa.eu/esco/skill/683bc3e3-6ec1-4ad2-8d62-d0ac1fabbe76"", ""label"": ""use analytics for commercial purposes"", ""score"": 0.6964}]",0.80+,high,0.80+|high,136,92093,13,Manager - Loyalty & Retention | Assistant manager - Content Writer | Web Producer - SEO,test
marketing,2441,embedding,0.8419,http://data.europa.eu/esco/skill/5bbaa0e6-0fd7-4df2-9db7-34f78b40dc34,marketing management,"[{""uri"": ""http://data.europa.eu/esco/skill/5bbaa0e6-0fd7-4df2-9db7-34f78b40dc34"", ""label"": ""marketing management"", ""score"": 0.8419}, {""uri"": ""http://data.europa.eu/esco/skill/2d1b62ac-3786-4b54-bf4b-a98ba115979b"", ""label"": ""textile marketing techniques"", ""score"": 0.7898}, {""uri"": ""http://data.europa.eu/esco/skill/4e8ad2b8-d80c-4701-91aa-cd874142ef2d"", ""label"": ""network marketing"", ""score"": 0.7882}, {""uri"": ""http://data.europa.eu/esco/skill/de03f4fd-c147-4477-a048-7109e5ba2d6f"", ""label"": ""marketing principles"", ""score"": 0.768}, {""uri"": ""http://data.europa.eu/esco/skill/b011c8b4-76e1-4bbc-8bb9-1d205e7b618a"", ""label"": ""market analysis"", ""score"": 0.7589}]",0.80+,high,0.80+|high,136,92093,13,"Opening For Performance Marketing - Chennai | Business Development Associate | Vice President - Regional Head Field, South",dev
moderation,369,embedding,0.8294,http://data.europa.eu/esco/skill/5b46f572-7ced-4efd-b270-a81a164d521c,moderate a discussion,"[{""uri"": ""http://data.europa.eu/esco/skill/5b46f572-7ced-4efd-b270-a81a164d521c"", ""label"": ""moderate a discussion"", ""score"": 0.8294}, {""uri"": ""http://data.europa.eu/esco/skill/689ab3c4-aa1d-4fc6-9725-499326c9780d"", ""label"": ""moderate a debate"", ""score"": 0.5993}, {""uri"": ""http://data.europa.eu/esco/skill/f6d294f4-db62-4fc5-a7b8-778e5071c112"", ""label"": ""carry out forum moderation"", ""score"": 0.5984}, {""uri"": ""http://data.europa.eu/esco/skill/c9b6aa32-6c42-4903-8e5a-23e43edf03fc"", ""label"": ""online moderation techniques"", ""score"": 0.5862}, {""uri"": ""http://data.europa.eu/esco/skill/d62d2b4c-a6f8-439e-8a1b-4f29ab5f2c47"", ""label"": ""make decisions"", ""score"": 0.5086}]",0.80+,high,0.80+|high,136,92093,13,Trust & Safety Associate | Production Agent - | Trust & Safety New Associate,dev
performance management,415,embedding,0.8518,http://data.europa.eu/esco/skill/c513cf4e-83bb-4edc-9ac8-2a7df04a9451,results-based management,"[{""uri"": ""http://data.europa.eu/esco/skill/c513cf4e-83bb-4edc-9ac8-2a7df04a9451"", ""label"": ""results-based management"", ""score"": 0.8518}, {""uri"": ""http://data.europa.eu/esco/skill/e49f4158-9d4c-425d-bf32-dfe89b19840a"", ""label"": ""plan"", ""score"": 0.8064}, {""uri"": ""http://data.europa.eu/esco/skill/5e50a0f1-4089-4df6-a15b-34b39d3aeab4"", ""label"": ""conduct performance measurement"", ""score"": 0.71}, {""uri"": ""http://data.europa.eu/esco/skill/ace994b7-0c7c-44b2-8087-3aa0bfd2a93a"", ""label"": ""provide performance feedback"", ""score"": 0.6977}, {""uri"": ""http://data.europa.eu/esco/skill/2687dc6e-b245-477a-a115-7abeb7134b78"", ""label"": ""performance diagnosis"", ""score"": 0.686}]",0.80+,high,0.80+|high,136,92093,13,Senior Functional Analyst - Finance | Oracle EPM Administrator | Epm Consultant,test
performance tuning,889,embedding,0.8155,http://data.europa.eu/esco/skill/55b2821c-b1f1-4776-862e-926fa2ce3747,adjust the performance to different environments,"[{""uri"": ""http://data.europa.eu/esco/skill/55b2821c-b1f1-4776-862e-926fa2ce3747"", ""label"": ""adjust the performance to different environments"", ""score"": 0.8155}, {""uri"": ""http://data.europa.eu/esco/skill/97b890ff-acd7-46ad-8d3a-4186f4d42bbf"", ""label"": ""tuning techniques"", ""score"": 0.7324}, {""uri"": ""http://data.europa.eu/esco/skill/2687dc6e-b245-477a-a115-7abeb7134b78"", ""label"": ""performance diagnosis"", ""score"": 0.6999}, {""uri"": ""http://data.europa.eu/esco/skill/80e9d91c-3d36-4816-ab23-51054ab90d44"", ""label"": ""coordinate the running of a performance"", ""score"": 0.6964}, {""uri"": ""http://data.europa.eu/esco/skill/fbbcb9ab-4b95-4e57-a756-30d08b7da7a5"", ""label"": ""maintain ICT system"", ""score"": 0.6897}]",0.80+,high,0.80+|high,136,92093,13,Sr. NoSQL Engineer/Administrator-2 | Platform Engineer ( WebSphere / WCS / WAS ) | Senior Python Developer,dev
preventive maintenance,293,embedding,0.8604,http://data.europa.eu/esco/skill/7d913551-e17a-40ba-baf7-48d0c3b12e50,predictive maintenance,"[{""uri"": ""http://data.europa.eu/esco/skill/7d913551-e17a-40ba-baf7-48d0c3b12e50"", ""label"": ""predictive maintenance"", ""score"": 0.8604}, {""uri"": ""http://data.europa.eu/esco/skill/c5bc42be-4970-4dce-80e2-af78bae42e84"", ""label"": ""manage maintenance operations"", ""score"": 0.7646}, {""uri"": ""http://data.europa.eu/esco/skill/710c37e5-a6df-4755-9482-2e87db91f593"", ""label"": ""ensure vehicle operability"", ""score"": 0.7447}, {""uri"": ""http://data.europa.eu/esco/skill/c927ec6e-9082-4b22-afd3-0c4e219eaf73"", ""label"": ""ensure equipment maintenance"", ""score"": 0.7433}, {""uri"": ""http://data.europa.eu/esco/skill/41097e86-42ad-4bbd-9a72-55f428fee251"", ""label"": ""develop preventive maintenance procedures for instruments"", ""score"": 0.734}]",0.80+,high,0.80+|high,136,92093,13,Maintenance Technician | Assistant Engineer - Maintenance | Lab Assistant - School of Advanced Sciences (SAS) - Chemistry,test
scheduling,431,embedding,0.8341,http://data.europa.eu/esco/skill/d9013e0e-e937-43d5-ab71-0e917ee882b8,manage time,"[{""uri"": ""http://data.europa.eu/esco/skill/d9013e0e-e937-43d5-ab71-0e917ee882b8"", ""label"": ""manage time"", ""score"": 0.8341}, {""uri"": ""http://data.europa.eu/esco/skill/c73ea1b8-e121-4f91-b8f0-dee4ee28d6ec"", ""label"": ""plan schedule"", ""score"": 0.7926}, {""uri"": ""http://data.europa.eu/esco/skill/f642d7ed-e8d7-4355-a747-b85094d4e2e3"", ""label"": ""prioritise requests"", ""score"": 0.7685}, {""uri"": ""http://data.europa.eu/esco/skill/3506d31c-3bb0-4a6d-90bb-aff03bca01b5"", ""label"": ""set up dates"", ""score"": 0.76}, {""uri"": ""http://data.europa.eu/esco/skill/0e1fe34b-f4e7-4642-8c8b-5a05ac3438e5"", ""label"": ""manage schedule of tasks"", ""score"": 0.744}]",0.80+,high,0.80+|high,136,92093,13,Manager - Production | Manager-II | Lead Staff Engineer - IT,dev
warehouse management,252,embedding,0.9339,http://data.europa.eu/esco/skill/089ddb19-1c7a-43ff-ba64-070f7ce4787a,warehouse operations,"[{""uri"": ""http://data.europa.eu/esco/skill/089ddb19-1c7a-43ff-ba64-070f7ce4787a"", ""label"": ""warehouse operations"", ""score"": 0.9339}, {""uri"": ""http://data.europa.eu/esco/skill/fa7be6bf-f906-4b8e-857d-48a9a7da901c"", ""label"": ""manage warehouse operations"", ""score"": 0.9157}, {""uri"": ""http://data.europa.eu/esco/skill/23db1cab-e565-4a90-89f8-3a8685a20029"", ""label"": ""maintain physical condition of warehouse"", ""score"": 0.8923}, {""uri"": ""http://data.europa.eu/esco/skill/fb39389b-07d5-439f-948b-6c6e58c0384f"", ""label"": ""manage transport of goods from warehouse facilities"", ""score"": 0.8875}, {""uri"": ""http://data.europa.eu/esco/skill/63359272-1303-41d5-a437-f4522f5abcc2"", ""label"": ""manage warehouse organisation"", ""score"": 0.8843}]",0.80+,high,0.80+|high,136,92093,13,"EXECUTIVE WH | SAP MM/WM Professional | Sales Manager - Logistics (CFS, Freight Forwarding, Warehousing)",dev
auction planning,1,embedding,0.8977,http://data.europa.eu/esco/skill/74340524-8a0c-4a04-b4a2-a886d22109a3,prepare for auction,"[{""uri"": ""http://data.europa.eu/esco/skill/74340524-8a0c-4a04-b4a2-a886d22109a3"", ""label"": ""prepare for auction"", ""score"": 0.8977}, {""uri"": ""http://data.europa.eu/esco/skill/93cbf20b-93f6-442e-801e-6c03dbbac6b2"", ""label"": ""manage auction house"", ""score"": 0.7785}, {""uri"": ""http://data.europa.eu/esco/skill/b4814783-3fb4-422e-b00e-1c09b5d57dde"", ""label"": ""auction characteristics"", ""score"": 0.7742}, {""uri"": ""http://data.europa.eu/esco/skill/c7b26d6a-f1f3-45e9-ab8d-959c9ad16720"", ""label"": ""public auction procedures"", ""score"": 0.7719}, {""uri"": ""http://data.europa.eu/esco/skill/a554781e-d8d6-4777-bcf4-6d34fcc06ac3"", ""label"": ""select items for auction"", ""score"": 0.7345}]",0.80+,low,0.80+|low,5374,24288,13,Sr Manager - Car Remarketing with NBFC,test
brand positioning,33,embedding,0.9412,http://data.europa.eu/esco/skill/6a2c391b-1fcd-4f10-8827-5d1cb4a4d9ad,set brand positioning,"[{""uri"": ""http://data.europa.eu/esco/skill/6a2c391b-1fcd-4f10-8827-5d1cb4a4d9ad"", ""label"": ""set brand positioning"", ""score"": 0.9412}, {""uri"": ""http://data.europa.eu/esco/skill/754690ad-6207-4e1c-9df7-9a2b58afa587"", ""label"": ""define brand identity"", ""score"": 0.7604}, {""uri"": ""http://data.europa.eu/esco/skill/9242ad54-dc3d-41b3-9cfe-142fa8582511"", ""label"": ""brand marketing techniques"", ""score"": 0.758}, {""uri"": ""http://data.europa.eu/esco/skill/ab5c3fac-238f-4006-a122-1114082a2f46"", ""label"": ""supervise brand management"", ""score"": 0.7226}, {""uri"": ""http://data.europa.eu/esco/skill/97b23993-8836-4e66-9092-19c7b3324e5f"", ""label"": ""perform brand analysis"", ""score"": 0.7}]",0.80+,low,0.80+|low,5374,24288,13,Head Marketing & Sales | Head of Marketing | Social Media Manager,test
burp suit,1,embedding,0.8165,http://data.europa.eu/esco/skill/de586dcf-d7e5-4340-bf5b-d59026f1b436,penetration testing tool,"[{""uri"": ""http://data.europa.eu/esco/skill/de586dcf-d7e5-4340-bf5b-d59026f1b436"", ""label"": ""penetration testing tool"", ""score"": 0.8165}, {""uri"": ""http://data.europa.eu/esco/skill/d5ce57eb-3ec8-429b-9837-1cbd3aa0ec9a"", ""label"": ""diving equipment"", ""score"": 0.6045}, {""uri"": ""http://data.europa.eu/esco/skill/07e1799a-82c2-4877-9b43-1499812c5619"", ""label"": ""wear cleanroom suit"", ""score"": 0.544}, {""uri"": ""http://data.europa.eu/esco/skill/34670989-418c-43d4-861b-3e884adc2479"", ""label"": ""perform body wrapping"", ""score"": 0.4891}, {""uri"": ""http://data.europa.eu/esco/skill/f9c1c2b0-42e2-4e26-b449-6eb4c2d294cf"", ""label"": ""manufacture male suits"", ""score"": 0.4743}]",0.80+,low,0.80+|low,5374,24288,13,Application Penetration Tester,dev
dental doctor,1,embedding,0.8432,http://data.europa.eu/esco/skill/ae0a4a3f-5e5b-43d0-86cd-c3c0314bd7fe,stomatology,"[{""uri"": ""http://data.europa.eu/esco/skill/ae0a4a3f-5e5b-43d0-86cd-c3c0314bd7fe"", ""label"": ""stomatology"", ""score"": 0.8432}, {""uri"": ""http://data.europa.eu/esco/skill/b8990fac-b9d6-4c9a-980c-fd6753757106"", ""label"": ""dentistry science"", ""score"": 0.8248}, {""uri"": ""http://data.europa.eu/esco/skill/ea6ddade-6674-4e6a-8e93-1ae14fc05981"", ""label"": ""maintain dental station and operatory"", ""score"": 0.7698}, {""uri"": ""http://data.europa.eu/esco/skill/f5b228a8-869c-4cfb-b5f6-daef86f395ef"", ""label"": ""teach dentistry"", ""score"": 0.7676}, {""uri"": ""http://data.europa.eu/esco/skill/c35fc70f-20b6-4798-8907-510c736c41ab"", ""label"": ""clinical disciplines in dentistry"", ""score"": 0.7257}]",0.80+,low,0.80+|low,5374,24288,13,Prosthodontist,dev
hazardous waste management,7,embedding,0.909,http://data.europa.eu/esco/skill/519e5731-4d6c-4f98-938e-0976a202c6ba,hazardous waste treatment,"[{""uri"": ""http://data.europa.eu/esco/skill/519e5731-4d6c-4f98-938e-0976a202c6ba"", ""label"": ""hazardous waste treatment"", ""score"": 0.909}, {""uri"": ""http://data.europa.eu/esco/skill/3220a66f-d129-463b-848e-891b4f1c79e3"", ""label"": ""develop hazardous waste management strategies"", ""score"": 0.8912}, {""uri"": ""http://data.europa.eu/esco/skill/40f65a56-ccbe-4601-9f32-1cc6cdd24f28"", ""label"": ""waste management"", ""score"": 0.8583}, {""uri"": ""http://data.europa.eu/esco/skill/5c095b0c-c9b8-49fc-ad30-460905783d77"", ""label"": ""characteristics of waste"", ""score"": 0.8579}, {""uri"": ""http://data.europa.eu/esco/skill/40fa39b5-0f69-432a-b5ea-b01b5d98649a"", ""label"": ""dispose of hazardous waste"", ""score"": 0.854}]",0.80+,low,0.80+|low,5374,24288,13,Senior Executive - Effluent Treatment Plant | Assistant / Executive  - EH&S | Assistant Manager - Environment,dev
kql,7,embedding,0.8152,http://data.europa.eu/esco/skill/9cf681c7-89ec-470c-b651-7fe03786f586,query languages,"[{""uri"": ""http://data.europa.eu/esco/skill/9cf681c7-89ec-470c-b651-7fe03786f586"", ""label"": ""query languages"", ""score"": 0.8152}, {""uri"": ""http://data.europa.eu/esco/skill/ab1e97ed-2319-4293-a8b7-072d2648822f"", ""label"": ""database management systems"", ""score"": 0.6834}, {""uri"": ""http://data.europa.eu/esco/skill/598de5b0-5b58-4ea7-8058-a4bc4d18c742"", ""label"": ""SQL"", ""score"": 0.6345}, {""uri"": ""http://data.europa.eu/esco/skill/598de5b0-5b58-4ea7-8058-a4bc4d18c742"", ""label"": ""SQL"", ""score"": 0.6345}, {""uri"": ""http://data.europa.eu/esco/skill/4da171e5-779c-4983-a76f-91c16751e99f"", ""label"": ""MySQL"", ""score"": 0.6231}]",0.80+,low,0.80+|low,5374,24288,13,Azure Cloud Support Engineer Kusto Query Language | Azure Cloud Support Engineer - Kusto Query Language ( KQL ) | Azure Cloud Support Engineer,dev
md biochemistry,4,embedding,0.8365,http://data.europa.eu/esco/skill/3f24c61e-8dbd-4a42-baa5-38d8399a2e37,clinical biochemistry,"[{""uri"": ""http://data.europa.eu/esco/skill/3f24c61e-8dbd-4a42-baa5-38d8399a2e37"", ""label"": ""clinical biochemistry"", ""score"": 0.8365}, {""uri"": ""http://data.europa.eu/esco/skill/3f0cc12d-9838-4f29-bbf2-2939952b15a3"", ""label"": ""medical mycology"", ""score"": 0.6988}, {""uri"": ""http://data.europa.eu/esco/skill/01e66e1c-97d9-4829-bee1-f3ab649161e8"", ""label"": ""biomedical science"", ""score"": 0.6908}, {""uri"": ""http://data.europa.eu/esco/skill/10f08e82-ee2f-4790-a43d-5fd3f9b8a392"", ""label"": ""biomedicine"", ""score"": 0.6779}, {""uri"": ""http://data.europa.eu/esco/skill/82a63a4a-b43b-420c-aa5f-92e6a85368fb"", ""label"": ""pharmacognosy"", ""score"": 0.6711}]",0.80+,low,0.80+|low,5374,24288,13,MD - Biochemistry (Professor) | MD Biochemistry Professor | Asst. prof.| Associate professor. | Need Senior Resident Biochemistry For Medical College in Mathura.,dev
ms fabrics,2,embedding,0.8585,http://data.europa.eu/esco/skill/69bb4be4-8b8e-46a7-8834-8df5303cbe33,manufacture fabric furnishings,"[{""uri"": ""http://data.europa.eu/esco/skill/69bb4be4-8b8e-46a7-8834-8df5303cbe33"", ""label"": ""manufacture fabric furnishings"", ""score"": 0.8585}, {""uri"": ""http://data.europa.eu/esco/skill/ae3d940c-9966-49ae-8e61-d11f30128f6b"", ""label"": ""commercial clothing glossary"", ""score"": 0.7346}, {""uri"": ""http://data.europa.eu/esco/skill/898297c8-77db-4b35-9563-03996e9e0da2"", ""label"": ""manufacture made-up fabrics for indoor usage"", ""score"": 0.7159}, {""uri"": ""http://data.europa.eu/esco/skill/6d9f05ed-9ada-4604-9670-2df3bb439050"", ""label"": ""distinguish fabrics"", ""score"": 0.7052}, {""uri"": ""http://data.europa.eu/esco/skill/943f91e8-bde8-46b9-9dd3-3e1306ef49c0"", ""label"": ""design woven fabrics"", ""score"": 0.6977}]",0.80+,low,0.80+|low,5374,24288,13,Immediate Hiring | 8+ yrs - MS Fabrics & Azure Expert | Hiring Ms Fabrics Data Engineer with Datamatics - Mumbai/Bangalore,test
ms visual studio 2015,1,embedding,0.8276,http://data.europa.eu/esco/skill/13bdd41a-2a18-441f-96db-41252c519413,Visual Basic,"[{""uri"": ""http://data.europa.eu/esco/skill/13bdd41a-2a18-441f-96db-41252c519413"", ""label"": ""Visual Basic"", ""score"": 0.8276}, {""uri"": ""http://data.europa.eu/esco/skill/8369ede5-4200-4a44-be2e-bc60ef959259"", ""label"": ""Microsoft Visual C++"", ""score"": 0.6624}, {""uri"": ""http://data.europa.eu/esco/skill/21d2f96d-35f7-4e3f-9745-c533d2dd6e97"", ""label"": ""computer programming"", ""score"": 0.6029}, {""uri"": ""http://data.europa.eu/esco/skill/7d10fcb2-b368-48ab-996b-7c9fafcf68ed"", ""label"": ""use automatic programming"", ""score"": 0.5534}, {""uri"": ""http://data.europa.eu/esco/skill/c8d53d69-d900-4092-af80-c5d0422bcdb3"", ""label"": ""Source (digital game creation systems)"", ""score"": 0.5432}]",0.80+,low,0.80+|low,5374,24288,13,Senior .Net Full Stack Developer (.Net + Angular),test
production development,3,embedding,0.869,http://data.europa.eu/esco/skill/bb40da1a-232f-4ba1-a9f5-5283a4fb7a7a,develop production line,"[{""uri"": ""http://data.europa.eu/esco/skill/bb40da1a-232f-4ba1-a9f5-5283a4fb7a7a"", ""label"": ""develop production line"", ""score"": 0.869}, {""uri"": ""http://data.europa.eu/esco/skill/12c7b323-d870-4f5b-9d7d-d9f525206d77"", ""label"": ""production processes"", ""score"": 0.8174}, {""uri"": ""http://data.europa.eu/esco/skill/6078e099-7696-44a5-b3c1-452b9abe886a"", ""label"": ""production engineering"", ""score"": 0.8147}, {""uri"": ""http://data.europa.eu/esco/skill/feceacee-d425-4e73-821a-02dfb85084db"", ""label"": ""control production"", ""score"": 0.769}, {""uri"": ""http://data.europa.eu/esco/skill/7d0f33ea-e724-4d77-8b75-ee4fe66bb9ba"", ""label"": ""plan manufacturing processes"", ""score"": 0.7477}]",0.80+,low,0.80+|low,5374,24288,13,Production Manager/Sr.Manager | Required-Engineer For Production (Machine Shop)CNC Programming | Production DM / Manager,test
purchase order management,2,embedding,0.8047,http://data.europa.eu/esco/skill/73225018-7139-433b-bdba-2b90774761d9,issue purchase orders,"[{""uri"": ""http://data.europa.eu/esco/skill/73225018-7139-433b-bdba-2b90774761d9"", ""label"": ""issue purchase orders"", ""score"": 0.8047}, {""uri"": ""http://data.europa.eu/esco/skill/ec66b111-d8d0-4516-88ba-ee0b6fe6f695"", ""label"": ""process customer orders"", ""score"": 0.7752}, {""uri"": ""http://data.europa.eu/esco/skill/650f44e2-cb4c-41ba-9095-581fe6bea4b1"", ""label"": ""coordinate purchasing activities"", ""score"": 0.7439}, {""uri"": ""http://data.europa.eu/esco/skill/d5fa1ed6-6cd8-41b9-8e78-2ba168ff3457"", ""label"": ""process orders from online shop"", ""score"": 0.7126}, {""uri"": ""http://data.europa.eu/esco/skill/4ad83664-21a9-4f96-8834-0fc8f671be9c"", ""label"": ""dispatch order processing"", ""score"": 0.6988}]",0.80+,low,0.80+|low,5374,24288,13,Purchase Executive | Procurement Manager,dev
rebar,8,embedding,0.8345,http://data.europa.eu/esco/skill/ffc8481d-1855-4c49-a711-f8dd3b0332c7,set up reinforcing steel,"[{""uri"": ""http://data.europa.eu/esco/skill/ffc8481d-1855-4c49-a711-f8dd3b0332c7"", ""label"": ""set up reinforcing steel"", ""score"": 0.8345}, {""uri"": ""http://data.europa.eu/esco/skill/e9b19e2f-7ee7-4a6c-9ca9-639e02252824"", ""label"": ""tie reinforcing steel"", ""score"": 0.7409}, {""uri"": ""http://data.europa.eu/esco/skill/732ce235-dbdb-4585-92fb-0c62b994bd5e"", ""label"": ""build rebar cages"", ""score"": 0.6705}, {""uri"": ""http://data.europa.eu/esco/skill/21d2f96d-35f7-4e3f-9745-c533d2dd6e97"", ""label"": ""computer programming"", ""score"": 0.6347}, {""uri"": ""http://data.europa.eu/esco/skill/8fdf4273-d8ce-47a2-b461-45cb1282ef36"", ""label"": ""reverse engineering"", ""score"": 0.5447}]",0.80+,low,0.80+|low,5374,24288,13,Project Engineer- Concrete & Rebar | Senior Modeler (Concrete / Rebar) - Tekla structure | Rebar Detailers (CADS RC),dev
saas support,1,embedding,0.8493,http://data.europa.eu/esco/skill/83218cac-3599-417e-93d2-26013cdccd98,service-oriented modelling,"[{""uri"": ""http://data.europa.eu/esco/skill/83218cac-3599-417e-93d2-26013cdccd98"", ""label"": ""service-oriented modelling"", ""score"": 0.8493}, {""uri"": ""http://data.europa.eu/esco/skill/477173ca-5fc2-406b-9122-95d92811f284"", ""label"": ""communicate with stakeholders"", ""score"": 0.5692}, {""uri"": ""http://data.europa.eu/esco/skill/a06a0d41-10fa-4ba7-a988-e8b5eba966fb"", ""label"": ""mobility as a service"", ""score"": 0.5589}, {""uri"": ""http://data.europa.eu/esco/skill/72d1fa5d-1b7f-48e7-84e3-6e779841ddf1"", ""label"": ""demonstrate loyalty"", ""score"": 0.5464}, {""uri"": ""http://data.europa.eu/esco/skill/f84a433f-34f1-4083-b0a3-24802623509c"", ""label"": ""web services"", ""score"": 0.5365}]",0.80+,low,0.80+|low,5374,24288,13,Service Desk Manager,test
administration management,104,embedding,0.8182,http://data.europa.eu/esco/skill/ab986bc4-df92-4351-9ac1-aa75af943cf7,perform clerical duties,"[{""uri"": ""http://data.europa.eu/esco/skill/ab986bc4-df92-4351-9ac1-aa75af943cf7"", ""label"": ""perform clerical duties"", ""score"": 0.8182}, {""uri"": ""http://data.europa.eu/esco/skill/77e7cb08-2c6f-42ab-881b-b34b2318acbe"", ""label"": ""manage administrative systems"", ""score"": 0.806}, {""uri"": ""http://data.europa.eu/esco/skill/88b406d0-72e2-4087-be19-d5992d259473"", ""label"": ""personnel management"", ""score"": 0.7592}, {""uri"": ""http://data.europa.eu/esco/skill/6a609f8f-1451-4102-ad2d-62c5270e1237"", ""label"": ""office administration"", ""score"": 0.7566}, {""uri"": ""http://data.europa.eu/esco/skill/57c55dc7-b35d-4295-bdd4-ded3ba2e201e"", ""label"": ""assess administrative burden"", ""score"": 0.756}]",0.80+,mid,0.80+|mid,578,49719,13,Administration Manager | Admission Counsellor | HR & Administration Manager,dev
assessment,69,embedding,0.8176,http://data.europa.eu/esco/skill/31b67516-af16-4b97-8430-a8a8e0f84190,assessment processes,"[{""uri"": ""http://data.europa.eu/esco/skill/31b67516-af16-4b97-8430-a8a8e0f84190"", ""label"": ""assessment processes"", ""score"": 0.8176}, {""uri"": ""http://data.europa.eu/esco/skill/d512d178-37a6-4eab-a660-412d2bb0824a"", ""label"": ""test procedures"", ""score"": 0.7904}, {""uri"": ""http://data.europa.eu/esco/skill/48616ec6-5116-4e95-afd9-379fd7ab49f0"", ""label"": ""grading systems"", ""score"": 0.7663}, {""uri"": ""http://data.europa.eu/esco/skill/9f4b0bcb-e2eb-4e8c-b866-f868073af856"", ""label"": ""monitor assessment"", ""score"": 0.7542}, {""uri"": ""http://data.europa.eu/esco/skill/a90fa5ff-5b4f-4152-8160-ad80a6d3d13e"", ""label"": ""assess others feelings"", ""score"": 0.7142}]",0.80+,mid,0.80+|mid,578,49719,13,"Senior Sales Development Associate, Leads Assessment and Development | Clinical Safety Analyst (Medical Device) | Primary English Teacher / PRT English,  Apeejay School Nerul, Mumbai",dev
calibration,48,embedding,0.8596,http://data.europa.eu/esco/skill/0c521914-1ba6-4f92-8fce-b6b97f3f8edb,develop calibration procedures,"[{""uri"": ""http://data.europa.eu/esco/skill/0c521914-1ba6-4f92-8fce-b6b97f3f8edb"", ""label"": ""develop calibration procedures"", ""score"": 0.8596}, {""uri"": ""http://data.europa.eu/esco/skill/236c446a-f4ff-4893-850a-0d93250c551f"", ""label"": ""adjust measuring machines"", ""score"": 0.7708}, {""uri"": ""http://data.europa.eu/esco/skill/f96c8129-91b8-4d29-bfa2-3d889e427e74"", ""label"": ""write calibration report"", ""score"": 0.7614}, {""uri"": ""http://data.europa.eu/esco/skill/6532ef3b-1685-4de7-a858-d31fdaa435ca"", ""label"": ""calibrate precision instrument"", ""score"": 0.7609}, {""uri"": ""http://data.europa.eu/esco/skill/82fadde2-45cc-4734-bace-dadafdeaa41f"", ""label"": ""calibrate laboratory equipment"", ""score"": 0.7557}]",0.80+,mid,0.80+|mid,578,49719,13,Sr. Engineer- Heat Treatment | Welding Fixture Maintenance Technician | QC Chemist -Rabale,dev
furniture sales,40,embedding,0.9239,http://data.europa.eu/esco/skill/d48b4816-8e60-4d65-8542-29eb327551d1,sell furniture,"[{""uri"": ""http://data.europa.eu/esco/skill/d48b4816-8e60-4d65-8542-29eb327551d1"", ""label"": ""sell furniture"", ""score"": 0.9239}, {""uri"": ""http://data.europa.eu/esco/skill/c6482540-4e20-42ab-9154-16deb6db7536"", ""label"": ""furniture industry"", ""score"": 0.8783}, {""uri"": ""http://data.europa.eu/esco/skill/89f88666-e7cf-4659-9f6f-3a6ff65789b7"", ""label"": ""furniture, carpet and lighting equipment products"", ""score"": 0.7417}, {""uri"": ""http://data.europa.eu/esco/skill/dcc40345-d002-497d-ae1e-9be30ff39f81"", ""label"": ""office furniture products"", ""score"": 0.7226}, {""uri"": ""http://data.europa.eu/esco/skill/98d019f2-c6b5-4d6a-b28f-8a15c4d6cf61"", ""label"": ""furniture care products"", ""score"": 0.7117}]",0.80+,mid,0.80+|mid,578,49719,13,Business Development Manager-Furniture industry | Assistant Showroom Manager | Studio Sales Executive,dev
general ledger accounting,127,embedding,0.8459,http://data.europa.eu/esco/skill/dc417e19-edb4-4401-883a-2375f67a162f,manage the general ledger,"[{""uri"": ""http://data.europa.eu/esco/skill/dc417e19-edb4-4401-883a-2375f67a162f"", ""label"": ""manage the general ledger"", ""score"": 0.8459}, {""uri"": ""http://data.europa.eu/esco/skill/2ff405ec-f59c-4a7b-84b6-9776a49582c4"", ""label"": ""bookkeeping regulations"", ""score"": 0.7283}, {""uri"": ""http://data.europa.eu/esco/skill/99b163e8-7815-43e2-83f3-a47f3076354c"", ""label"": ""accounting entries"", ""score"": 0.7043}, {""uri"": ""http://data.europa.eu/esco/skill/a0d79341-8398-4019-ad1b-27888ec35aaa"", ""label"": ""use accounting systems"", ""score"": 0.6905}, {""uri"": ""http://data.europa.eu/esco/skill/08371fe9-c658-4f6a-966f-71dbb0ab683d"", ""label"": ""accounting department processes"", ""score"": 0.6887}]",0.80+,mid,0.80+|mid,578,49719,13,Account Assistant | Finance Associate | Account Executive,test
icu,66,embedding,0.8396,http://data.europa.eu/esco/skill/e862fb43-5acd-4d37-a4a2-63684c164932,intensive care medicine,"[{""uri"": ""http://data.europa.eu/esco/skill/e862fb43-5acd-4d37-a4a2-63684c164932"", ""label"": ""intensive care medicine"", ""score"": 0.8396}, {""uri"": ""http://data.europa.eu/esco/skill/9b9244b4-6f62-4834-839b-19e9eba0a407"", ""label"": ""acute care"", ""score"": 0.7073}, {""uri"": ""http://data.europa.eu/esco/skill/8bd49d04-ab2f-4333-b5d9-12d716e4e2f6"", ""label"": ""resuscitation"", ""score"": 0.6918}, {""uri"": ""http://data.europa.eu/esco/skill/fbb8f1a7-c8b5-4722-92c4-814836b86934"", ""label"": ""emergency medicine"", ""score"": 0.6743}, {""uri"": ""http://data.europa.eu/esco/skill/f7464f30-662b-4177-85a0-3df9693e9e58"", ""label"": ""first aid"", ""score"": 0.6721}]",0.80+,mid,0.80+|mid,578,49719,13,"General Physician, General Medicine, Internal Medicine | Critical Care | Consultant Anesthesiologist",test
marketing strategies,79,embedding,0.9264,http://data.europa.eu/esco/skill/13e2378e-0d10-450d-843a-b3592575826e,implement marketing strategies,"[{""uri"": ""http://data.europa.eu/esco/skill/13e2378e-0d10-450d-843a-b3592575826e"", ""label"": ""implement marketing strategies"", ""score"": 0.9264}, {""uri"": ""http://data.europa.eu/esco/skill/2d1b62ac-3786-4b54-bf4b-a98ba115979b"", ""label"": ""textile marketing techniques"", ""score"": 0.9043}, {""uri"": ""http://data.europa.eu/esco/skill/08fd2839-670c-4f16-8024-97437f2035ab"", ""label"": ""plan marketing strategy"", ""score"": 0.8616}, {""uri"": ""http://data.europa.eu/esco/skill/0cf4c414-891e-4030-a3c3-898643bf20fc"", ""label"": ""footwear and leather goods marketing planning"", ""score"": 0.8547}, {""uri"": ""http://data.europa.eu/esco/skill/2691f4d8-d090-423f-afd7-9e721f562e8d"", ""label"": ""advise on public relations"", ""score"": 0.838}]",0.80+,mid,0.80+|mid,578,49719,13,"Sr Executive/Area Sales Manager | Marketing Manager @ Marine Drive, South Mumbai | Sales manager",dev
product quality,124,embedding,0.8191,http://data.europa.eu/esco/skill/1a3660c2-011c-4e96-9b1d-529afc305428,inspect quality of products,"[{""uri"": ""http://data.europa.eu/esco/skill/1a3660c2-011c-4e96-9b1d-529afc305428"", ""label"": ""inspect quality of products"", ""score"": 0.8191}, {""uri"": ""http://data.europa.eu/esco/skill/1585fc98-bfe4-461f-97fc-734055a2c3ce"", ""label"": ""characteristics of products"", ""score"": 0.8047}, {""uri"": ""http://data.europa.eu/esco/skill/5d05068e-7ae7-4ff6-8fa3-e35ea03b48b1"", ""label"": ""check quality of products on the production line"", ""score"": 0.6487}, {""uri"": ""http://data.europa.eu/esco/skill/737abc6e-60a9-4c49-b11e-1e0e584771bb"", ""label"": ""leather goods quality"", ""score"": 0.6455}, {""uri"": ""http://data.europa.eu/esco/skill/54bbf5e8-596f-4698-a451-06b3f1339722"", ""label"": ""ensure quality control in packaging"", ""score"": 0.6454}]",0.80+,mid,0.80+|mid,578,49719,13,Manager - Production | Quality Assurance Engineer | Content Editor,dev
service-oriented architecture,52,embedding,0.902,http://data.europa.eu/esco/skill/83218cac-3599-417e-93d2-26013cdccd98,service-oriented modelling,"[{""uri"": ""http://data.europa.eu/esco/skill/83218cac-3599-417e-93d2-26013cdccd98"", ""label"": ""service-oriented modelling"", ""score"": 0.902}, {""uri"": ""http://data.europa.eu/esco/skill/f84a433f-34f1-4083-b0a3-24802623509c"", ""label"": ""web services"", ""score"": 0.6478}, {""uri"": ""http://data.europa.eu/esco/skill/3d64b8fd-bb09-4d13-a3cf-300ed8909088"", ""label"": ""write specifications"", ""score"": 0.6006}, {""uri"": ""http://data.europa.eu/esco/skill/fb3bc9b5-2297-4bba-85b1-60f696a92db8"", ""label"": ""characteristics of services"", ""score"": 0.5806}, {""uri"": ""http://data.europa.eu/esco/skill/5be3d306-6cf1-4b49-aa1d-01651dd4ba4c"", ""label"": ""object-oriented modelling"", ""score"": 0.5791}]",0.80+,mid,0.80+|mid,578,49719,13,Solution Architect OBRM,test
software configuration management,39,embedding,0.9184,http://data.europa.eu/esco/skill/9d2e926f-53d9-41f5-98f3-19dfaa687f3f,tools for software configuration management,"[{""uri"": ""http://data.europa.eu/esco/skill/9d2e926f-53d9-41f5-98f3-19dfaa687f3f"", ""label"": ""tools for software configuration management"", ""score"": 0.9184}, {""uri"": ""http://data.europa.eu/esco/skill/ccb2e5f2-4279-48fd-9d85-a1db42ff1e13"", ""label"": ""project configuration management"", ""score"": 0.8426}, {""uri"": ""http://data.europa.eu/esco/skill/c7451027-8249-405a-bb1b-342ff0f3fb3b"", ""label"": ""Salt (tools for software configuration management)"", ""score"": 0.7702}, {""uri"": ""http://data.europa.eu/esco/skill/49f85a99-086c-45b6-a6fa-eb90305af7b1"", ""label"": ""Chef (tools for software configuration management)"", ""score"": 0.6749}, {""uri"": ""http://data.europa.eu/esco/skill/f47a1998-0beb-43be-9f46-380aa4d183da"", ""label"": ""Jenkins (tools for software configuration management)"", ""score"": 0.6445}]",0.80+,mid,0.80+|mid,578,49719,13,SAP PP - Senior | Software Configuration Engineer | IT Consulting Professional,test
sports,150,embedding,0.8031,http://data.europa.eu/esco/skill/bd0e1723-ecd4-418a-9e76-b2539b75e660,sporting events,"[{""uri"": ""http://data.europa.eu/esco/skill/bd0e1723-ecd4-418a-9e76-b2539b75e660"", ""label"": ""sporting events"", ""score"": 0.8031}, {""uri"": ""http://data.europa.eu/esco/skill/4868410e-6245-4aa7-96f6-ee1ec52382a5"", ""label"": ""football"", ""score"": 0.762}, {""uri"": ""http://data.europa.eu/esco/skill/e0ab7e9a-4f38-4077-bf5f-a65ec483d5ce"", ""label"": ""exercise sports"", ""score"": 0.7242}, {""uri"": ""http://data.europa.eu/esco/skill/733db58b-f62e-4548-8078-b0f4e5182383"", ""label"": ""sports ethics"", ""score"": 0.6759}, {""uri"": ""http://data.europa.eu/esco/skill/3d102bed-1232-43f7-9ae3-f672a1798f90"", ""label"": ""participate in sport events"", ""score"": 0.6712}]",0.80+,mid,0.80+|mid,578,49719,13,Area Sales Manager For A Famous Cycle Brand | iOS with Swift + React native Professional | US Sports News Editor,dev
stakeholder engagement,121,embedding,0.8548,http://data.europa.eu/esco/skill/99c4c69a-025c-464f-adda-874c7f107a31,engage with stakeholders,"[{""uri"": ""http://data.europa.eu/esco/skill/99c4c69a-025c-464f-adda-874c7f107a31"", ""label"": ""engage with stakeholders"", ""score"": 0.8548}, {""uri"": ""http://data.europa.eu/esco/skill/1af2db15-2af9-44dd-9639-bf1fc69d4c34"", ""label"": ""manage relationships with stakeholders"", ""score"": 0.7665}, {""uri"": ""http://data.europa.eu/esco/skill/477173ca-5fc2-406b-9122-95d92811f284"", ""label"": ""communicate with stakeholders"", ""score"": 0.709}, {""uri"": ""http://data.europa.eu/esco/skill/87de6e49-ca1c-42a4-8751-5ff0b991966b"", ""label"": ""negotiate with stakeholders"", ""score"": 0.6885}, {""uri"": ""http://data.europa.eu/esco/skill/ff6ffc8d-433d-4b32-a943-0a948db2820b"", ""label"": ""create social alliances"", ""score"": 0.6624}]",0.80+,mid,0.80+|mid,578,49719,13,Manhattan WMS Tester ( Contract Role ) | Curriculum Lead | Senior Program Manager,dev
website management,36,embedding,0.9281,http://data.europa.eu/esco/skill/d04ee340-5378-4601-8181-19da6d5cbfe0,manage website,"[{""uri"": ""http://data.europa.eu/esco/skill/d04ee340-5378-4601-8181-19da6d5cbfe0"", ""label"": ""manage website"", ""score"": 0.9281}, {""uri"": ""http://data.europa.eu/esco/skill/c1f29568-f2bb-49d2-b6c2-28748bd1629b"", ""label"": ""manage online content"", ""score"": 0.7669}, {""uri"": ""http://data.europa.eu/esco/skill/f12f094b-492f-4e88-b36b-50b8e58b7500"", ""label"": ""conduct environmental site assessments"", ""score"": 0.6707}, {""uri"": ""http://data.europa.eu/esco/skill/3bf7e0ee-2580-41e8-924d-9d504dc98546"", ""label"": ""manage mine site data"", ""score"": 0.669}, {""uri"": ""http://data.europa.eu/esco/skill/60ee2021-7d84-41b9-8285-6bff269eed78"", ""label"": ""supervise site maintenance"", ""score"": 0.6659}]",0.80+,mid,0.80+|mid,578,49719,13,Social Media Specialist | E Commerce Merchandiser | Digital Marketing Manager,dev
ar calling,262,embedding,0.5761,http://data.europa.eu/esco/skill/abdc7ac8-151f-40c6-bc1a-1e9b4b073290,augmented reality,"[{""uri"": ""http://data.europa.eu/esco/skill/abdc7ac8-151f-40c6-bc1a-1e9b4b073290"", ""label"": ""augmented reality"", ""score"": 0.5761}, {""uri"": ""http://data.europa.eu/esco/skill/71dde84c-0058-4c52-a556-523369333db8"", ""label"": ""use office systems"", ""score"": 0.5578}, {""uri"": ""http://data.europa.eu/esco/skill/8a8c1c9a-abaf-41b1-860e-1d9264b94d38"", ""label"": ""redirect callers"", ""score"": 0.5253}, {""uri"": ""http://data.europa.eu/esco/skill/5a0bffcf-4ff6-49cf-a7db-4142e63f5f04"", ""label"": ""answer incoming calls"", ""score"": 0.4991}, {""uri"": ""http://data.europa.eu/esco/skill/580660a6-5d3a-421d-a54f-d85b706c2b2f"", ""label"": ""use online tools to collaborate"", ""score"": 0.4989}]",<0.60,high,<0.60|high,74,40312,13,AR Caller Experienced Openings !!!!!!!-  AGS Health Chennai | Healthcare International Voice Process | KPO (Medical Billing),dev
b2b,656,embedding,0.5103,http://data.europa.eu/esco/skill/7c5b66c6-36a1-4e03-bb57-64e8688b8f58,operate private branch exchange,"[{""uri"": ""http://data.europa.eu/esco/skill/7c5b66c6-36a1-4e03-bb57-64e8688b8f58"", ""label"": ""operate private branch exchange"", ""score"": 0.5103}, {""uri"": ""http://data.europa.eu/esco/skill/6709e92c-7546-46a4-aa57-5e951bd4cb0f"", ""label"": ""building automation"", ""score"": 0.5031}, {""uri"": ""http://data.europa.eu/esco/skill/e2088cd0-b174-468a-adc0-921efdadb337"", ""label"": ""sign language"", ""score"": 0.495}, {""uri"": ""http://data.europa.eu/esco/skill/21d2f96d-35f7-4e3f-9745-c533d2dd6e97"", ""label"": ""computer programming"", ""score"": 0.4942}, {""uri"": ""http://data.europa.eu/esco/skill/a6532ae5-efc4-4ca4-b172-c11471940d09"", ""label"": ""electronic business"", ""score"": 0.4823}]",<0.60,high,<0.60|high,74,40312,13,Customer Success Manager | Inside Sales Executive | Business Development Manager - Gorakhpur,dev
fresher,296,embedding,0.3778,http://data.europa.eu/esco/skill/fdf15b35-9028-4acb-bfd2-43f00a015cd9,use personal organization software,"[{""uri"": ""http://data.europa.eu/esco/skill/fdf15b35-9028-4acb-bfd2-43f00a015cd9"", ""label"": ""use personal organization software"", ""score"": 0.3778}, {""uri"": ""http://data.europa.eu/esco/skill/eaa4cdc0-43e0-4388-9b8a-e2779218d10e"", ""label"": ""first response"", ""score"": 0.3676}, {""uri"": ""http://data.europa.eu/esco/skill/4f1b6304-f54a-42f0-9604-5427a28d240f"", ""label"": ""perform cleaning duties"", ""score"": 0.3661}, {""uri"": ""http://data.europa.eu/esco/skill/3391d6dd-d584-4c8c-9af9-d2f0c45e2b4b"", ""label"": ""journalism"", ""score"": 0.3435}, {""uri"": ""http://data.europa.eu/esco/skill/6c80d53c-d8c9-41fe-998f-091fca208834"", ""label"": ""learning management systems"", ""score"": 0.3386}]",<0.60,high,<0.60|high,74,40312,13,Business Associate | Hiring For Team Member @ Cafe Coffee Day | PD Lab Apprentice,test
full stack,677,embedding,0.5743,http://data.europa.eu/esco/skill/3d086228-d7fc-4c23-972a-22b7d44a6173,stack goods,"[{""uri"": ""http://data.europa.eu/esco/skill/3d086228-d7fc-4c23-972a-22b7d44a6173"", ""label"": ""stack goods"", ""score"": 0.5743}, {""uri"": ""http://data.europa.eu/esco/skill/0b05cfa0-5f2a-4c74-850f-094d32fd1c1b"", ""label"": ""load equipment"", ""score"": 0.5648}, {""uri"": ""http://data.europa.eu/esco/skill/071f0eca-4189-433f-9d6c-edde50593300"", ""label"": ""stack timber"", ""score"": 0.4595}, {""uri"": ""http://data.europa.eu/esco/skill/3c73898b-04a6-4e3a-b84a-3a032277c916"", ""label"": ""apply techniques for stacking goods into containers"", ""score"": 0.4065}, {""uri"": ""http://data.europa.eu/esco/skill/3a116ee0-19d4-49e9-a8f0-f2cd4f51c463"", ""label"": ""transmission towers"", ""score"": 0.3653}]",<0.60,high,<0.60|high,74,40312,13,Java Fullstack Developer+ React - Immediate Joiner only | Senior Integration FullStack Engineer Asp.net Core 8 and ReactJS | Java Fullstack + Angular- Developer,test
gst,708,embedding,0.5952,http://data.europa.eu/esco/skill/2ecf90f1-c511-464b-b26f-598d69182c70,calculate tax,"[{""uri"": ""http://data.europa.eu/esco/skill/2ecf90f1-c511-464b-b26f-598d69182c70"", ""label"": ""calculate tax"", ""score"": 0.5952}, {""uri"": ""http://data.europa.eu/esco/skill/21a3967a-dca2-4efa-9e5f-943f15527a47"", ""label"": ""international tariffs"", ""score"": 0.5663}, {""uri"": ""http://data.europa.eu/esco/skill/5ced5a66-46ce-4b52-9da4-c550804a4a6a"", ""label"": ""fill the vat with specific ingredients"", ""score"": 0.4963}, {""uri"": ""http://data.europa.eu/esco/skill/387ee646-0aaa-4161-ab3b-cde87ec09fdf"", ""label"": ""public finance"", ""score"": 0.4955}, {""uri"": ""http://data.europa.eu/esco/skill/90ab937a-9421-4a4c-a5fa-5c5a349aa818"", ""label"": ""international taxation of transfer prices"", ""score"": 0.4858}]",<0.60,high,<0.60|high,74,40312,13,CA intermediate | Accountant | Audit Manager & Executives,test
hrsd,756,embedding,0.5973,http://data.europa.eu/esco/skill/e437eba1-3e22-41f2-8703-741e94785cba,human resource management,"[{""uri"": ""http://data.europa.eu/esco/skill/e437eba1-3e22-41f2-8703-741e94785cba"", ""label"": ""human resource management"", ""score"": 0.5973}, {""uri"": ""http://data.europa.eu/esco/skill/339ac029-066a-4985-9f9d-b3d7c8fea0bb"", ""label"": ""manage staff"", ""score"": 0.5384}, {""uri"": ""http://data.europa.eu/esco/skill/377861af-f966-4c87-a2db-7e99904312b9"", ""label"": ""geographic information systems"", ""score"": 0.5146}, {""uri"": ""http://data.europa.eu/esco/skill/198b614d-a9af-46f5-b3fd-2672b401dd8e"", ""label"": ""health and safety in the workplace"", ""score"": 0.4875}, {""uri"": ""http://data.europa.eu/esco/skill/1627c1b9-31e1-4742-bf5c-cfec2ce33cfc"", ""label"": ""Sardinian"", ""score"": 0.467}]",<0.60,high,<0.60|high,74,40312,13,Operations Delivery Leader | Quality Executive - Retail MFB - Credit | Human Resource Intern,test
inbound,423,embedding,0.4104,http://data.europa.eu/esco/skill/345486f3-f265-4fc8-8ed0-5e96e768e333,process booking,"[{""uri"": ""http://data.europa.eu/esco/skill/345486f3-f265-4fc8-8ed0-5e96e768e333"", ""label"": ""process booking"", ""score"": 0.4104}, {""uri"": ""http://data.europa.eu/esco/skill/f597f772-24d3-4cec-813c-cf5a7027c794"", ""label"": ""N1QL"", ""score"": 0.3953}, {""uri"": ""http://data.europa.eu/esco/skill/9b42768d-c4e8-40bb-ad70-712afbdf1f78"", ""label"": ""allocate keys"", ""score"": 0.3874}, {""uri"": ""http://data.europa.eu/esco/skill/0a9244d7-00a9-46d6-8ea9-77a63567522b"", ""label"": ""send summons"", ""score"": 0.3864}, {""uri"": ""http://data.europa.eu/esco/skill/f5b55ae6-41be-4a62-af43-2aaa0fcc4dc4"", ""label"": ""prayer"", ""score"": 0.3658}]",<0.60,high,<0.60|high,74,40312,13,Inside Sales Executive | Hiring | US Customer Service Voice Process | Fresher& Exp| Gurgaon | Openings For Customer Support in top BPO Chennai location sal 35k,test
legal,326,embedding,0.5792,http://data.europa.eu/esco/skill/c7e686a1-d03e-4641-a229-68247fdc5887,legal terminology,"[{""uri"": ""http://data.europa.eu/esco/skill/c7e686a1-d03e-4641-a229-68247fdc5887"", ""label"": ""legal terminology"", ""score"": 0.5792}, {""uri"": ""http://data.europa.eu/esco/skill/709bce3d-c211-4926-8886-dff262ff499c"", ""label"": ""foreclosure"", ""score"": 0.5712}, {""uri"": ""http://data.europa.eu/esco/skill/56ab5131-93a0-4ce3-b840-6413e687c307"", ""label"": ""present legal arguments"", ""score"": 0.5218}, {""uri"": ""http://data.europa.eu/esco/skill/3d3ee5c3-4286-457f-9f76-1704011f7e11"", ""label"": ""comply with legal regulations"", ""score"": 0.52}, {""uri"": ""http://data.europa.eu/esco/skill/1d062465-89b3-4fd9-b043-0f4d6d386a52"", ""label"": ""media law"", ""score"": 0.5189}]",<0.60,high,<0.60|high,74,40312,13,Legal Officer - Asia | Legal Recruiter (US Staffing) | Vice President Corporate,dev
mis,686,embedding,0.581,http://data.europa.eu/esco/skill/ab1e97ed-2319-4293-a8b7-072d2648822f,database management systems,"[{""uri"": ""http://data.europa.eu/esco/skill/ab1e97ed-2319-4293-a8b7-072d2648822f"", ""label"": ""database management systems"", ""score"": 0.581}, {""uri"": ""http://data.europa.eu/esco/skill/4720fc66-0202-4a4b-bbe8-129d908e5a15"", ""label"": ""prevent technical problems with media integration systems"", ""score"": 0.5656}, {""uri"": ""http://data.europa.eu/esco/skill/46e93774-7c6a-4dc5-bae9-be97cc461093"", ""label"": ""inter-organisational middleware system"", ""score"": 0.5631}, {""uri"": ""http://data.europa.eu/esco/skill/de586dcf-d7e5-4340-bf5b-d59026f1b436"", ""label"": ""penetration testing tool"", ""score"": 0.5081}, {""uri"": ""http://data.europa.eu/esco/skill/41de7eb8-be07-4822-ba85-b76e9b8d6e4e"", ""label"": ""sustainable forest management"", ""score"": 0.4918}]",<0.60,high,<0.60|high,74,40312,13,Cluster:Support & MIS professionals | RL - Rural Lending:Gold Loan Officer | Customer Service Team leader,dev
react.js,1289,embedding,0.5624,http://data.europa.eu/esco/skill/be7c80ee-0b7a-455c-8928-055cfa65076c,react to events in time-critical environments,"[{""uri"": ""http://data.europa.eu/esco/skill/be7c80ee-0b7a-455c-8928-055cfa65076c"", ""label"": ""react to events in time-critical environments"", ""score"": 0.5624}, {""uri"": ""http://data.europa.eu/esco/skill/33773667-4dec-4fb2-9b4c-0f08bbc25872"", ""label"": ""design props"", ""score"": 0.4612}, {""uri"": ""http://data.europa.eu/esco/skill/867137fb-ff1b-4ca3-99f3-cb6969aa2c68"", ""label"": ""TypeScript"", ""score"": 0.4512}, {""uri"": ""http://data.europa.eu/esco/skill/28a8aa5e-b4e7-4ff7-93eb-dcc28b5e59af"", ""label"": ""adapt props"", ""score"": 0.4226}, {""uri"": ""http://data.europa.eu/esco/skill/c4885c4e-f979-4966-8fc7-6c4350eaa86a"", ""label"": ""build props"", ""score"": 0.4061}]",<0.60,high,<0.60|high,74,40312,13,Fullstack Developer | Java Developer | React JS Intern For Nagpur,test
screening,996,embedding,0.595,http://data.europa.eu/esco/skill/d763af4e-9132-4596-a537-6a82410169ce,undertake employee screening,"[{""uri"": ""http://data.europa.eu/esco/skill/d763af4e-9132-4596-a537-6a82410169ce"", ""label"": ""undertake employee screening"", ""score"": 0.595}, {""uri"": ""http://data.europa.eu/esco/skill/fca5849d-f92a-4a1b-a8c1-af6836200caf"", ""label"": ""conduct security screenings"", ""score"": 0.5848}, {""uri"": ""http://data.europa.eu/esco/skill/1b9899a4-5b50-44b0-a21a-e2f86c51ac5a"", ""label"": ""assess physical conditions of clients"", ""score"": 0.56}, {""uri"": ""http://data.europa.eu/esco/skill/1b9899a4-5b50-44b0-a21a-e2f86c51ac5a"", ""label"": ""assess physical conditions of clients"", ""score"": 0.56}, {""uri"": ""http://data.europa.eu/esco/skill/c2a97099-53e9-4fba-b289-35bc025fb348"", ""label"": ""conduct airport security screening"", ""score"": 0.5418}]",<0.60,high,<0.60|high,74,40312,13,Operations Delivery Leader | Quality Executive - Retail MFB - Credit | US Healthcare Recruiter (Fresher),dev
site,258,embedding,0.5002,http://data.europa.eu/esco/skill/12c82224-6394-4c3c-9831-2a8198ed1274,optical character recognition software,"[{""uri"": ""http://data.europa.eu/esco/skill/12c82224-6394-4c3c-9831-2a8198ed1274"", ""label"": ""optical character recognition software"", ""score"": 0.5002}, {""uri"": ""http://data.europa.eu/esco/skill/6d289e8b-2cc1-4eda-ab1f-ad1090ef98f0"", ""label"": ""WordPress"", ""score"": 0.487}, {""uri"": ""http://data.europa.eu/esco/skill/13bdd41a-2a18-441f-96db-41252c519413"", ""label"": ""Visual Basic"", ""score"": 0.4845}, {""uri"": ""http://data.europa.eu/esco/skill/4bf59dde-8a03-483f-976a-45764f1e6d6f"", ""label"": ""search engines"", ""score"": 0.4825}, {""uri"": ""http://data.europa.eu/esco/skill/c8d53d69-d900-4092-af80-c5d0422bcdb3"", ""label"": ""Source (digital game creation systems)"", ""score"": 0.4765}]",<0.60,high,<0.60|high,74,40312,13,Site Reliability Engineer | MEP Billing Engineer (Jaipur) | Site Engineer,test
soa,244,embedding,0.5116,http://data.europa.eu/esco/skill/ab1e97ed-2319-4293-a8b7-072d2648822f,database management systems,"[{""uri"": ""http://data.europa.eu/esco/skill/ab1e97ed-2319-4293-a8b7-072d2648822f"", ""label"": ""database management systems"", ""score"": 0.5116}, {""uri"": ""http://data.europa.eu/esco/skill/21d2f96d-35f7-4e3f-9745-c533d2dd6e97"", ""label"": ""computer programming"", ""score"": 0.4896}, {""uri"": ""http://data.europa.eu/esco/skill/966f2fd3-3de6-42da-b87c-da924c6d7960"", ""label"": ""digital game creation systems"", ""score"": 0.4605}, {""uri"": ""http://data.europa.eu/esco/skill/a71577b2-7550-4222-88ee-dcbd2d881516"", ""label"": ""graphics editor software"", ""score"": 0.4324}, {""uri"": ""http://data.europa.eu/esco/skill/f7e051fc-8f7b-45b3-8911-8ffb9b951f4a"", ""label"": ""blockchain consensus mechanisms"", ""score"": 0.4308}]",<0.60,high,<0.60|high,74,40312,13,"Senior Java Full Stack Developer - Angular, AWS | Solutions Consultant | Technical Program Manager",dev
aioc-s01580916,1,embedding,0.4661,http://data.europa.eu/esco/skill/a06aa85f-2879-4a02-a6bd-cd60cdfc3f12,automated optical inspection,"[{""uri"": ""http://data.europa.eu/esco/skill/a06aa85f-2879-4a02-a6bd-cd60cdfc3f12"", ""label"": ""automated optical inspection"", ""score"": 0.4661}, {""uri"": ""http://data.europa.eu/esco/skill/a9c1a772-8ef6-4dd7-93a4-c6bbf3293688"", ""label"": ""code of Conduct for Responsible Fisheries"", ""score"": 0.439}, {""uri"": ""http://data.europa.eu/esco/skill/2d9aaad3-a3c8-4c5b-bf67-46984d860873"", ""label"": ""adhere to OHSAS 18001"", ""score"": 0.4368}, {""uri"": ""http://data.europa.eu/esco/skill/13e3ad0e-7e5b-4499-885a-5f7dbfe3fc03"", ""label"": ""SA8000"", ""score"": 0.4345}, {""uri"": ""http://data.europa.eu/esco/skill/f9a6f35b-01a7-40c9-8b61-b6ee46f97272"", ""label"": ""operating systems"", ""score"": 0.4219}]",<0.60,low,<0.60|low,12666,40684,14,Trust & Safety New Associate,test
amadues & gds,6,embedding,0.557,http://data.europa.eu/esco/skill/e93acbe5-535a-4927-9e7c-3b2e06ddfee8,Global Maritime Distress and Safety System,"[{""uri"": ""http://data.europa.eu/esco/skill/e93acbe5-535a-4927-9e7c-3b2e06ddfee8"", ""label"": ""Global Maritime Distress and Safety System"", ""score"": 0.557}, {""uri"": ""http://data.europa.eu/esco/skill/5cf70b66-f1b4-4c50-94fb-15ec74fad028"", ""label"": ""communicate using the global maritime distress and safety system"", ""score"": 0.4956}, {""uri"": ""http://data.europa.eu/esco/skill/13f22eb5-e3a8-405a-9d89-c8124d4a239a"", ""label"": ""good manufacturing practices"", ""score"": 0.4689}, {""uri"": ""http://data.europa.eu/esco/skill/af2eb9ef-c98d-4ab2-b4dd-049cdb30e665"", ""label"": ""guidance, navigation and control"", ""score"": 0.4689}, {""uri"": ""http://data.europa.eu/esco/skill/e3688cae-7a28-4405-88b5-6b87179e0d76"", ""label"": ""interpret geometric dimensions and tolerances"", ""score"": 0.4573}]",<0.60,low,<0.60|low,12666,40684,14,"Hiring For US Travel SALES PPC OR CAR Rentel, Flight OR US SALES | US Travel SALES PPC OR CAR Rentels OR US SALES .. | Travel Sales Consultant",dev
atci-4960708-s1860797,1,embedding,0.4773,http://data.europa.eu/esco/skill/13e3ad0e-7e5b-4499-885a-5f7dbfe3fc03,SA8000,"[{""uri"": ""http://data.europa.eu/esco/skill/13e3ad0e-7e5b-4499-885a-5f7dbfe3fc03"", ""label"": ""SA8000"", ""score"": 0.4773}, {""uri"": ""http://data.europa.eu/esco/skill/4f7fa632-15a6-4739-930b-abbac8055a80"", ""label"": ""firmware"", ""score"": 0.4729}, {""uri"": ""http://data.europa.eu/esco/skill/52b38e90-3d05-4042-a9e2-d19dec8dd7c1"", ""label"": ""test hardware"", ""score"": 0.4721}, {""uri"": ""http://data.europa.eu/esco/skill/bee296bc-48f7-4df6-bd2c-8616c8a6c8de"", ""label"": ""design hardware"", ""score"": 0.4504}, {""uri"": ""http://data.europa.eu/esco/skill/f9a6f35b-01a7-40c9-8b61-b6ee46f97272"", ""label"": ""operating systems"", ""score"": 0.4436}]",<0.60,low,<0.60|low,12666,40684,14,Application Developer,test
fccs,23,embedding,0.5732,http://data.europa.eu/esco/skill/26b96ef5-2f4f-4695-a293-f619e6336f07,communications sector policies,"[{""uri"": ""http://data.europa.eu/esco/skill/26b96ef5-2f4f-4695-a293-f619e6336f07"", ""label"": ""communications sector policies"", ""score"": 0.5732}, {""uri"": ""http://data.europa.eu/esco/skill/7f2afce6-e98b-4bbe-8441-d52b45e28ab8"", ""label"": ""telecom regulations"", ""score"": 0.5727}, {""uri"": ""http://data.europa.eu/esco/skill/0256f6b0-f4a9-4c5e-9cfd-96d58a2a70fe"", ""label"": ""operate radio equipment"", ""score"": 0.5085}, {""uri"": ""http://data.europa.eu/esco/skill/8de195a5-ffd6-4d99-aee8-9ec4a24dbafa"", ""label"": ""manage media services department"", ""score"": 0.5043}, {""uri"": ""http://data.europa.eu/esco/skill/947e6a15-5539-43e2-b62f-6a52fd57e0a0"", ""label"": ""consumer law"", ""score"": 0.5039}]",<0.60,low,<0.60|low,12666,40684,14,Epm Consultant | EPM Lead | Package Consultant-Oracle Enterprise Performance Management Cloud,dev
knowledge quality parameters,1,embedding,0.5918,http://data.europa.eu/esco/skill/5d9e766b-8f17-4e17-bfab-3bb0e0719791,define quality standards,"[{""uri"": ""http://data.europa.eu/esco/skill/5d9e766b-8f17-4e17-bfab-3bb0e0719791"", ""label"": ""define quality standards"", ""score"": 0.5918}, {""uri"": ""http://data.europa.eu/esco/skill/8d4271ca-c9fd-40b3-875f-15f78332a49e"", ""label"": ""quality standards"", ""score"": 0.5822}, {""uri"": ""http://data.europa.eu/esco/skill/44b2f7fb-d261-4ce3-94e4-7341c89737fd"", ""label"": ""follow interpreting quality standards"", ""score"": 0.5745}, {""uri"": ""http://data.europa.eu/esco/skill/54c9c155-9293-4329-8ed2-2e76e8b519d4"", ""label"": ""define data quality criteria"", ""score"": 0.5725}, {""uri"": ""http://data.europa.eu/esco/skill/1b3fc0e0-c6f9-45fc-9c6e-14bbba662979"", ""label"": ""develop information standards"", ""score"": 0.5468}]",<0.60,low,<0.60|low,12666,40684,14,Quality Controller,dev
netscalar,2,embedding,0.5986,http://data.europa.eu/esco/skill/625b57ee-29d4-425b-bf99-9fd54dd021fe,Kali Linux,"[{""uri"": ""http://data.europa.eu/esco/skill/625b57ee-29d4-425b-bf99-9fd54dd021fe"", ""label"": ""Kali Linux"", ""score"": 0.5986}, {""uri"": ""http://data.europa.eu/esco/skill/de586dcf-d7e5-4340-bf5b-d59026f1b436"", ""label"": ""penetration testing tool"", ""score"": 0.5423}, {""uri"": ""http://data.europa.eu/esco/skill/cc922128-f687-414a-95e0-286597e065ad"", ""label"": ""maintain nets"", ""score"": 0.526}, {""uri"": ""http://data.europa.eu/esco/skill/966f2fd3-3de6-42da-b87c-da924c6d7960"", ""label"": ""digital game creation systems"", ""score"": 0.5003}, {""uri"": ""http://data.europa.eu/esco/skill/32428b21-514b-42c2-81b5-244a7804ea74"", ""label"": ""procurement of ICT network equipment"", ""score"": 0.4837}]",<0.60,low,<0.60|low,12666,40684,14,Network Engineer L2,test
north indian cuisine,3,embedding,0.5605,http://data.europa.eu/esco/skill/70dce910-ea3e-47ba-9c36-012b9ca214c7,prepare regional sweet dishes,"[{""uri"": ""http://data.europa.eu/esco/skill/70dce910-ea3e-47ba-9c36-012b9ca214c7"", ""label"": ""prepare regional sweet dishes"", ""score"": 0.5605}, {""uri"": ""http://data.europa.eu/esco/skill/9b0baaa7-fed3-41b7-b74e-9d459f11acfe"", ""label"": ""Gujarati"", ""score"": 0.5481}, {""uri"": ""http://data.europa.eu/esco/skill/0c4ab800-2daf-4feb-b34e-4e86a2eff2ce"", ""label"": ""cultural customs on food preparation"", ""score"": 0.5285}, {""uri"": ""http://data.europa.eu/esco/skill/e05b9e06-d298-4646-b762-acbd485a20e9"", ""label"": ""Punjabi"", ""score"": 0.5269}, {""uri"": ""http://data.europa.eu/esco/skill/15ea7b6b-1b93-4ed8-b58a-5c54777e0832"", ""label"": ""Bihari"", ""score"": 0.5102}]",<0.60,low,<0.60|low,12666,40684,14,Chef - Multi Cuisine / Bakery,dev
ot vim,1,embedding,0.4913,http://data.europa.eu/esco/skill/81633a44-f1db-4a01-a940-804c6905e330,use word processing software,"[{""uri"": ""http://data.europa.eu/esco/skill/81633a44-f1db-4a01-a940-804c6905e330"", ""label"": ""use word processing software"", ""score"": 0.4913}, {""uri"": ""http://data.europa.eu/esco/skill/925463a7-d51f-4d5b-9f79-4d28cf30acde"", ""label"": ""integrated development environment software"", ""score"": 0.4753}, {""uri"": ""http://data.europa.eu/esco/skill/401eb8d8-6daa-4f8b-90ad-60afc71eb4f8"", ""label"": ""Perl"", ""score"": 0.4367}, {""uri"": ""http://data.europa.eu/esco/skill/21d2f96d-35f7-4e3f-9745-c533d2dd6e97"", ""label"": ""computer programming"", ""score"": 0.4303}, {""uri"": ""http://data.europa.eu/esco/skill/13bdd41a-2a18-441f-96db-41252c519413"", ""label"": ""Visual Basic"", ""score"": 0.4148}]",<0.60,low,<0.60|low,12666,40684,14,Opentext Vim Consultant,test
powder filling lines,1,embedding,0.5795,http://data.europa.eu/esco/skill/e0581b8e-c30f-45a1-abd8-6f9d3a89c369,fill etchings,"[{""uri"": ""http://data.europa.eu/esco/skill/e0581b8e-c30f-45a1-abd8-6f9d3a89c369"", ""label"": ""fill etchings"", ""score"": 0.5795}, {""uri"": ""http://data.europa.eu/esco/skill/7b969ac9-f085-4afb-a480-c5210fb4da7d"", ""label"": ""milling machines"", ""score"": 0.577}, {""uri"": ""http://data.europa.eu/esco/skill/efb78e4e-037b-4af4-b009-a5e83c6cfd7e"", ""label"": ""sift powder"", ""score"": 0.5739}, {""uri"": ""http://data.europa.eu/esco/skill/604ed07c-8164-4092-bc83-3468824fde85"", ""label"": ""fill moulds"", ""score"": 0.535}, {""uri"": ""http://data.europa.eu/esco/skill/e17d2415-e79f-4907-908e-5511b515fa3c"", ""label"": ""casting processes"", ""score"": 0.535}]",<0.60,low,<0.60|low,12666,40684,14,"Service Engineers- Pharma Packaging  ,3-5 Years, Mumbai & Bangalore",test
qs mep,1,embedding,0.5202,http://data.europa.eu/esco/skill/97bdd757-29d4-4126-92a6-07608825aa3b,QlikView Expressor,"[{""uri"": ""http://data.europa.eu/esco/skill/97bdd757-29d4-4126-92a6-07608825aa3b"", ""label"": ""QlikView Expressor"", ""score"": 0.5202}, {""uri"": ""http://data.europa.eu/esco/skill/b8b2a035-38f0-4c0e-94ee-edefc266c643"", ""label"": ""microelectromechanical systems"", ""score"": 0.5134}, {""uri"": ""http://data.europa.eu/esco/skill/12c82224-6394-4c3c-9831-2a8198ed1274"", ""label"": ""optical character recognition software"", ""score"": 0.455}, {""uri"": ""http://data.europa.eu/esco/skill/77a331d1-5110-4ff5-8383-037a0e03d421"", ""label"": ""aviation standards and recommended practices"", ""score"": 0.4517}, {""uri"": ""http://data.europa.eu/esco/skill/23236dce-adc6-47bc-91e2-6701a93ece58"", ""label"": ""test microelectromechanical systems"", ""score"": 0.4469}]",<0.60,low,<0.60|low,12666,40684,14,QS MEP,dev
senior business analyst,6,embedding,0.5705,http://data.europa.eu/esco/skill/49047409-9307-4b41-9b04-a9615f049044,investment banking,"[{""uri"": ""http://data.europa.eu/esco/skill/49047409-9307-4b41-9b04-a9615f049044"", ""label"": ""investment banking"", ""score"": 0.5705}, {""uri"": ""http://data.europa.eu/esco/skill/fcb2b5f4-3a64-42f2-987a-073bea986104"", ""label"": ""business knowledge"", ""score"": 0.5675}, {""uri"": ""http://data.europa.eu/esco/skill/9e84a506-df06-4be3-874a-fa01293e3dd5"", ""label"": ""business processes"", ""score"": 0.5602}, {""uri"": ""http://data.europa.eu/esco/skill/99571e68-801f-49af-a897-5f75996642e1"", ""label"": ""financial analysis"", ""score"": 0.5602}, {""uri"": ""http://data.europa.eu/esco/skill/633a3637-2c6b-40ae-ac38-289eb2a62aa6"", ""label"": ""business analysis"", ""score"": 0.5602}]",<0.60,low,<0.60|low,12666,40684,14,Salesforce Business Analyst | Senior Business Analyst | Senior Workforce Specialist/ Senior Business Analyst,dev
stat compliance,1,embedding,0.591,http://data.europa.eu/esco/skill/83e97138-899a-4af8-9187-47823e875841,follow the statutory obligations,"[{""uri"": ""http://data.europa.eu/esco/skill/83e97138-899a-4af8-9187-47823e875841"", ""label"": ""follow the statutory obligations"", ""score"": 0.591}, {""uri"": ""http://data.europa.eu/esco/skill/5aa90e70-f661-4c2d-aaa2-70ac38c1ace9"", ""label"": ""inspect government policy compliance"", ""score"": 0.5798}, {""uri"": ""http://data.europa.eu/esco/skill/4cc2ede9-6ad7-44fa-9709-3ec4d3116e48"", ""label"": ""meet the requirements of legal bodies"", ""score"": 0.5731}, {""uri"": ""http://data.europa.eu/esco/skill/c362f415-9cdf-4328-9cf0-651443857a48"", ""label"": ""advise on government policy compliance"", ""score"": 0.5603}, {""uri"": ""http://data.europa.eu/esco/skill/9f6946f7-60aa-409a-b33d-152f244299d8"", ""label"": ""provide advice on breaches of regulation"", ""score"": 0.5511}]",<0.60,low,<0.60|low,12666,40684,14,Associate Director,dev
strong understanding of dynamic loads,1,embedding,0.5912,http://data.europa.eu/esco/skill/7b2ebf06-c789-434e-b274-7f159a1a4ea3,machinery load capacity,"[{""uri"": ""http://data.europa.eu/esco/skill/7b2ebf06-c789-434e-b274-7f159a1a4ea3"", ""label"": ""machinery load capacity"", ""score"": 0.5912}, {""uri"": ""http://data.europa.eu/esco/skill/d3e63bd9-cc29-4e46-92b1-c2b6fa491624"", ""label"": ""principles of cargo stowage"", ""score"": 0.5579}, {""uri"": ""http://data.europa.eu/esco/skill/b86b0466-16ec-4a16-8615-9fdd1fd69c9d"", ""label"": ""limit load to prevent damage"", ""score"": 0.5252}, {""uri"": ""http://data.europa.eu/esco/skill/96aee526-5817-412d-88c9-29cc95e27c85"", ""label"": ""test package"", ""score"": 0.5248}, {""uri"": ""http://data.europa.eu/esco/skill/c80b2f08-ab07-4632-be78-68c6ec1f3b41"", ""label"": ""perform loading and unloading operations"", ""score"": 0.5209}]",<0.60,low,<0.60|low,12666,40684,14,TG Island Layout & Structural (Owners Engineer Role),test
us healthcare rcm,1,embedding,0.5793,http://data.europa.eu/esco/skill/e437eba1-3e22-41f2-8703-741e94785cba,human resource management,"[{""uri"": ""http://data.europa.eu/esco/skill/e437eba1-3e22-41f2-8703-741e94785cba"", ""label"": ""human resource management"", ""score"": 0.5793}, {""uri"": ""http://data.europa.eu/esco/skill/6ec33857-420a-411b-a313-e8946de36357"", ""label"": ""healthcare administration"", ""score"": 0.5023}, {""uri"": ""http://data.europa.eu/esco/skill/16284f84-15c9-4542-b122-a6d584f937ee"", ""label"": ""manage clinical risk"", ""score"": 0.5018}, {""uri"": ""http://data.europa.eu/esco/skill/af5e7f45-325f-4424-8724-5692d62caada"", ""label"": ""physical medicine"", ""score"": 0.4952}, {""uri"": ""http://data.europa.eu/esco/skill/3f9eafe9-965d-4397-b095-176809c84eeb"", ""label"": ""community medicine"", ""score"": 0.49}]",<0.60,low,<0.60|low,12666,40684,14,AR Associate (Denial Management Non-Voice),test
apex,234,embedding,0.4813,http://data.europa.eu/esco/skill/19a8293b-8e95-4de3-983f-77484079c389,Java (computer programming),"[{""uri"": ""http://data.europa.eu/esco/skill/19a8293b-8e95-4de3-983f-77484079c389"", ""label"": ""Java (computer programming)"", ""score"": 0.4813}, {""uri"": ""http://data.europa.eu/esco/skill/4c016b68-4116-468c-9dc6-42710c239e4a"", ""label"": ""C#"", ""score"": 0.46}, {""uri"": ""http://data.europa.eu/esco/skill/13bdd41a-2a18-441f-96db-41252c519413"", ""label"": ""Visual Basic"", ""score"": 0.4375}, {""uri"": ""http://data.europa.eu/esco/skill/6b6a9252-2ed7-4862-a02f-1578f4a532ea"", ""label"": ""Eclipse (integrated development environment software)"", ""score"": 0.4351}, {""uri"": ""http://data.europa.eu/esco/skill/925463a7-d51f-4d5b-9f79-4d28cf30acde"", ""label"": ""integrated development environment software"", ""score"": 0.4265}]",<0.60,mid,<0.60|mid,515,41953,13,Salesforce Order Management (SOM) Senior Developer / Lead | Senior Salesforce Developer | Job | Velocity SFDC Lead Developer in Pan Location (Contract Position),dev
bancassurance,228,embedding,0.4985,http://data.europa.eu/esco/skill/88af9294-b697-4687-ae19-aefbb6234dfa,economics,"[{""uri"": ""http://data.europa.eu/esco/skill/88af9294-b697-4687-ae19-aefbb6234dfa"", ""label"": ""economics"", ""score"": 0.4985}, {""uri"": ""http://data.europa.eu/esco/skill/3c209873-c757-47bb-91b5-9b6dc05df116"", ""label"": ""banking activities"", ""score"": 0.4576}, {""uri"": ""http://data.europa.eu/esco/skill/508f3b4c-799a-4742-b3ae-75f2ff11153d"", ""label"": ""surgery"", ""score"": 0.4354}, {""uri"": ""http://data.europa.eu/esco/skill/e6e7061f-8211-455a-9a65-adaab3f1f6a1"", ""label"": ""repossession"", ""score"": 0.4328}, {""uri"": ""http://data.europa.eu/esco/skill/ede98e07-f07d-41bc-99b0-f88bf0dad438"", ""label"": ""Bengali"", ""score"": 0.4256}]",<0.60,mid,<0.60|mid,515,41953,13,"Relationship Manager, Bancassurance - Coimbatore | Relationship Manager / Associate cluster Manager-Bancassurance | Sales Manager - Kotak Bank - CTC up To 5.5 LPA",dev
catia,165,embedding,0.4901,http://data.europa.eu/esco/skill/32428b21-514b-42c2-81b5-244a7804ea74,procurement of ICT network equipment,"[{""uri"": ""http://data.europa.eu/esco/skill/32428b21-514b-42c2-81b5-244a7804ea74"", ""label"": ""procurement of ICT network equipment"", ""score"": 0.4901}, {""uri"": ""http://data.europa.eu/esco/skill/ab1e97ed-2319-4293-a8b7-072d2648822f"", ""label"": ""database management systems"", ""score"": 0.484}, {""uri"": ""http://data.europa.eu/esco/skill/32a2c63d-2d13-4784-abb8-678ef2cd8a46"", ""label"": ""machine translation"", ""score"": 0.4625}, {""uri"": ""http://data.europa.eu/esco/skill/a71577b2-7550-4222-88ee-dcbd2d881516"", ""label"": ""graphics editor software"", ""score"": 0.4477}, {""uri"": ""http://data.europa.eu/esco/skill/d9eaf831-9348-4330-a83e-b7c099cdc8f6"", ""label"": ""Teradata Database"", ""score"": 0.4434}]",<0.60,mid,<0.60|mid,515,41953,13,TECHNICAL AUTHOR | Specialist - Mechanical Design | Senior Engineer / AM,test
commercial,204,embedding,0.5318,http://data.europa.eu/esco/skill/d63c2bad-817d-4116-b4d8-b927cb01212d,commercial law,"[{""uri"": ""http://data.europa.eu/esco/skill/d63c2bad-817d-4116-b4d8-b927cb01212d"", ""label"": ""commercial law"", ""score"": 0.5318}, {""uri"": ""http://data.europa.eu/esco/skill/a1bbc0e9-58d1-4bbc-bf68-de5679bef07f"", ""label"": ""outdoor advertising"", ""score"": 0.5146}, {""uri"": ""http://data.europa.eu/esco/skill/eac1e014-17aa-4694-a96d-540bfc06bca3"", ""label"": ""commercial photography"", ""score"": 0.5115}, {""uri"": ""http://data.europa.eu/esco/skill/aa8b0abf-7ff0-4fbb-b85e-5364badbf214"", ""label"": ""create advertisements"", ""score"": 0.5066}, {""uri"": ""http://data.europa.eu/esco/skill/9af252ce-bf4d-411b-8daa-beb91df4257d"", ""label"": ""channel marketing"", ""score"": 0.5048}]",<0.60,mid,<0.60|mid,515,41953,13,Assistant Manager / Deputy Manager | Business Solutions | Jr. BIM Modeller - Revit MEP,dev
cypress,55,embedding,0.4231,http://data.europa.eu/esco/skill/709ef32a-7435-48e2-8fa2-16e389ecab8a,Cisco,"[{""uri"": ""http://data.europa.eu/esco/skill/709ef32a-7435-48e2-8fa2-16e389ecab8a"", ""label"": ""Cisco"", ""score"": 0.4231}, {""uri"": ""http://data.europa.eu/esco/skill/66db424f-2abe-420d-8e5b-186607266b61"", ""label"": ""corporate social responsibility"", ""score"": 0.4118}, {""uri"": ""http://data.europa.eu/esco/skill/34928d4f-16e2-46a7-937a-c46838f550eb"", ""label"": ""pay-per-click"", ""score"": 0.4089}, {""uri"": ""http://data.europa.eu/esco/skill/a06aa85f-2879-4a02-a6bd-cd60cdfc3f12"", ""label"": ""automated optical inspection"", ""score"": 0.4078}, {""uri"": ""http://data.europa.eu/esco/skill/5fe75cac-79bf-42a0-b358-c6f9513eba9a"", ""label"": ""types of fibre for polymer reinforcement"", ""score"": 0.3982}]",<0.60,mid,<0.60|mid,515,41953,13,Sr/Jr UI Engineer | Qa Manual Test Engineer | Cypress Testing,test
gen,66,embedding,0.4883,http://data.europa.eu/esco/skill/50431cf0-3b03-40fe-82aa-0b3a55ff7f9b,genomics,"[{""uri"": ""http://data.europa.eu/esco/skill/50431cf0-3b03-40fe-82aa-0b3a55ff7f9b"", ""label"": ""genomics"", ""score"": 0.4883}, {""uri"": ""http://data.europa.eu/esco/skill/f0ab5d57-4be7-411b-afce-b4a76a142302"", ""label"": ""electrical machines"", ""score"": 0.4675}, {""uri"": ""http://data.europa.eu/esco/skill/942edf03-a450-4261-b65c-9b447fdddc51"", ""label"": ""set up generators"", ""score"": 0.4468}, {""uri"": ""http://data.europa.eu/esco/skill/54b2c5ea-4475-4bf5-a433-b0dc5442e691"", ""label"": ""genetics"", ""score"": 0.4433}, {""uri"": ""http://data.europa.eu/esco/skill/a5ba32c2-ae96-4601-b171-dcc84ea20657"", ""label"": ""maintain genetic registers"", ""score"": 0.4328}]",<0.60,mid,<0.60|mid,515,41953,13,GenAI Data Scientist | Python+ Gen AI Developer | Gen AI Developer,dev
otc,83,embedding,0.5121,http://data.europa.eu/esco/skill/9cf681c7-89ec-470c-b651-7fe03786f586,query languages,"[{""uri"": ""http://data.europa.eu/esco/skill/9cf681c7-89ec-470c-b651-7fe03786f586"", ""label"": ""query languages"", ""score"": 0.5121}, {""uri"": ""http://data.europa.eu/esco/skill/0aabb61b-5382-490a-bf44-375858f9cd3e"", ""label"": ""types of tidal stream generators"", ""score"": 0.4632}, {""uri"": ""http://data.europa.eu/esco/skill/34928d4f-16e2-46a7-937a-c46838f550eb"", ""label"": ""pay-per-click"", ""score"": 0.4464}, {""uri"": ""http://data.europa.eu/esco/skill/f60c9e52-95fc-4ca1-a73c-18a491153b63"", ""label"": ""make strategic business decisions"", ""score"": 0.4464}, {""uri"": ""http://data.europa.eu/esco/skill/8af372fa-7b85-4bab-ab20-3f2eb980c400"", ""label"": ""total quality control"", ""score"": 0.4369}]",<0.60,mid,<0.60|mid,515,41953,13,Accounts Receivable | SAP FICA Professional | SAP RR Professional,test
pytest,48,embedding,0.5915,http://data.europa.eu/esco/skill/ccd0a1d9-afda-43d9-b901-96344886e14d,Python (computer programming),"[{""uri"": ""http://data.europa.eu/esco/skill/ccd0a1d9-afda-43d9-b901-96344886e14d"", ""label"": ""Python (computer programming)"", ""score"": 0.5915}, {""uri"": ""http://data.europa.eu/esco/skill/8248a071-5307-4a64-a62d-643a35ec31e2"", ""label"": ""types of photovoltaic panels"", ""score"": 0.5664}, {""uri"": ""http://data.europa.eu/esco/skill/53780150-1581-4ae6-b435-34068c172caf"", ""label"": ""Vyper"", ""score"": 0.5133}, {""uri"": ""http://data.europa.eu/esco/skill/55c16653-343c-4d02-a9de-7d8e864a4592"", ""label"": ""Codenvy"", ""score"": 0.4868}, {""uri"": ""http://data.europa.eu/esco/skill/966f2fd3-3de6-42da-b87c-da924c6d7960"", ""label"": ""digital game creation systems"", ""score"": 0.4563}]",<0.60,mid,<0.60|mid,515,41953,13,Sr Test Engineer | Automated Testing in Python | Firmware Developer with Python experience,test
stored procedures,135,embedding,0.553,http://data.europa.eu/esco/skill/376bc7c6-085e-4a5f-a6a6-6fa8d2c15ca5,update procedure instructions,"[{""uri"": ""http://data.europa.eu/esco/skill/376bc7c6-085e-4a5f-a6a6-6fa8d2c15ca5"", ""label"": ""update procedure instructions"", ""score"": 0.553}, {""uri"": ""http://data.europa.eu/esco/skill/f8bf9a84-d60b-4edc-bfa0-b0ece9bf8954"", ""label"": ""create documented procedures"", ""score"": 0.5508}, {""uri"": ""http://data.europa.eu/esco/skill/c062bab3-3ea0-4291-9220-a2d8fef4bead"", ""label"": ""SQL Server"", ""score"": 0.5442}, {""uri"": ""http://data.europa.eu/esco/skill/c64c4f42-253b-4d53-8637-fd00d86100c7"", ""label"": ""develop working procedures"", ""score"": 0.5128}, {""uri"": ""http://data.europa.eu/esco/skill/57c55dc7-b35d-4295-bdd4-ded3ba2e201e"", ""label"": ""assess administrative burden"", ""score"": 0.5006}]",<0.60,mid,<0.60|mid,515,41953,13,Sybase DBA | Technical leadership & individual contribution Professional | Java Full Stack Developer (React),test
target,56,embedding,0.5101,http://data.europa.eu/esco/skill/7a8fb784-67fa-41e9-a75c-6b491d91f800,develop strategy to solve problems,"[{""uri"": ""http://data.europa.eu/esco/skill/7a8fb784-67fa-41e9-a75c-6b491d91f800"", ""label"": ""develop strategy to solve problems"", ""score"": 0.5101}, {""uri"": ""http://data.europa.eu/esco/skill/7afb5a64-e574-421a-bb3a-7a7bc108d2a5"", ""label"": ""perform warehousing operations"", ""score"": 0.46}, {""uri"": ""http://data.europa.eu/esco/skill/4e6d2538-a48e-48a7-8dad-14b067cfcb8b"", ""label"": ""TripleStore"", ""score"": 0.4465}, {""uri"": ""http://data.europa.eu/esco/skill/113b4428-0a31-4199-8496-070af7854b91"", ""label"": ""meet commitments"", ""score"": 0.434}, {""uri"": ""http://data.europa.eu/esco/skill/3d086228-d7fc-4c23-972a-22b7d44a6173"", ""label"": ""stack goods"", ""score"": 0.4286}]",<0.60,mid,<0.60|mid,515,41953,13,Sales Executive And Telecaller | Sales Executive | B2B Sales Executive,test
uk process,83,embedding,0.5322,http://data.europa.eu/esco/skill/db10b60e-efd2-4ba9-a873-d1e2ec37620f,court procedures,"[{""uri"": ""http://data.europa.eu/esco/skill/db10b60e-efd2-4ba9-a873-d1e2ec37620f"", ""label"": ""court procedures"", ""score"": 0.5322}, {""uri"": ""http://data.europa.eu/esco/skill/4fb87cb4-6442-4b5d-8bd0-eb1aa743a9ee"", ""label"": ""application process"", ""score"": 0.5269}, {""uri"": ""http://data.europa.eu/esco/skill/266ea734-31b2-4e44-9d00-0a3fd03fa454"", ""label"": ""foreign affairs"", ""score"": 0.4974}, {""uri"": ""http://data.europa.eu/esco/skill/c68e4cc4-b842-4660-a84c-48f11c70f657"", ""label"": ""legal department processes"", ""score"": 0.4968}, {""uri"": ""http://data.europa.eu/esco/skill/30b1f3e1-1586-4d41-aa02-e2ab021b5164"", ""label"": ""handle paperwork"", ""score"": 0.4866}]",<0.60,mid,<0.60|mid,515,41953,13,Hiring For Veriz*n- Sr. Advisors || WFO|| 5 LPA CTC || HR Shila | Walk in Drive - Llyods / Xchanging messaging / Bordereaux | TOP BPO's In Pune||International Voice Process|| Salary up To 45K,dev
utility,56,embedding,0.5554,http://data.europa.eu/esco/skill/465af498-53b1-4e04-9f49-7458afb59274,design utility equipment,"[{""uri"": ""http://data.europa.eu/esco/skill/465af498-53b1-4e04-9f49-7458afb59274"", ""label"": ""design utility equipment"", ""score"": 0.5554}, {""uri"": ""http://data.europa.eu/esco/skill/1ab1449d-5b65-458b-b115-f5283a52da8e"", ""label"": ""advise on utility consumption"", ""score"": 0.5518}, {""uri"": ""http://data.europa.eu/esco/skill/8755734c-2919-41a3-9ca6-1e3d1f169213"", ""label"": ""install plumbing systems"", ""score"": 0.5315}, {""uri"": ""http://data.europa.eu/esco/skill/e843973c-23dd-416a-8a9c-9e89512542fb"", ""label"": ""logistics"", ""score"": 0.4912}, {""uri"": ""http://data.europa.eu/esco/skill/f049d050-12da-4e40-813a-2b5eb6df6b51"", ""label"": ""Internet of Things"", ""score"": 0.4828}]",<0.60,mid,<0.60|mid,515,41953,13,"SAP IS Utilities Developer | Electrical Maintenance , Sanaswadi , Relocated Can apply | Engineering Executive",dev
word,102,embedding,0.5047,http://data.europa.eu/esco/skill/81633a44-f1db-4a01-a940-804c6905e330,use word processing software,"[{""uri"": ""http://data.europa.eu/esco/skill/81633a44-f1db-4a01-a940-804c6905e330"", ""label"": ""use word processing software"", ""score"": 0.5047}, {""uri"": ""http://data.europa.eu/esco/skill/b6f26b50-3914-46ff-8f88-3defb71e007a"", ""label"": ""terminology"", ""score"": 0.482}, {""uri"": ""http://data.europa.eu/esco/skill/e52a9361-b12f-4545-92a9-1c165e6dc3a4"", ""label"": ""identify new words"", ""score"": 0.4733}, {""uri"": ""http://data.europa.eu/esco/skill/f683ae1d-cb7c-4aa1-b9fe-205e1bd23535"", ""label"": ""use microsoft office"", ""score"": 0.4538}, {""uri"": ""http://data.europa.eu/esco/skill/5fb469fc-65e4-4bc5-a512-e55281e3500a"", ""label"": ""time-display methods"", ""score"": 0.422}]",<0.60,mid,<0.60|mid,515,41953,13,"Store Executive | Document Production Associate, Language - Chinese | Executive Assistant",dev
abap,383,exact,1.0,http://data.europa.eu/esco/skill/eb0e5615-1575-4a86-a1a2-7d39595033c5,ABAP,"[{""uri"": ""http://data.europa.eu/esco/skill/eb0e5615-1575-4a86-a1a2-7d39595033c5"", ""label"": ""ABAP"", ""score"": 1.0}, {""uri"": ""http://data.europa.eu/esco/skill/77a331d1-5110-4ff5-8383-037a0e03d421"", ""label"": ""aviation standards and recommended practices"", ""score"": 0.5996}, {""uri"": ""http://data.europa.eu/esco/skill/21d2f96d-35f7-4e3f-9745-c533d2dd6e97"", ""label"": ""computer programming"", ""score"": 0.5624}, {""uri"": ""http://data.europa.eu/esco/skill/902fb91c-3113-4004-9b4f-79aa86b638b7"", ""label"": ""web application security threats"", ""score"": 0.5411}, {""uri"": ""http://data.europa.eu/esco/skill/58d7a289-dafd-4363-833f-d1dc4140885e"", ""label"": ""APL"", ""score"": 0.539}]",exact,high,exact|high,104,96811,13,Urgent Opening For SAP ABAP +PP | SAP ABAP Developer | Sap Abap Consultant,dev
algorithms,617,exact,1.0,http://data.europa.eu/esco/skill/54924a2c-daca-40d3-9716-4b38ceb04f38,algorithms,"[{""uri"": ""http://data.europa.eu/esco/skill/54924a2c-daca-40d3-9716-4b38ceb04f38"", ""label"": ""algorithms"", ""score"": 1.0}, {""uri"": ""http://data.europa.eu/esco/skill/5b26f08b-88bc-45f0-b901-530d7786466b"", ""label"": ""scientific computing"", ""score"": 0.621}, {""uri"": ""http://data.europa.eu/esco/skill/21d2f96d-35f7-4e3f-9745-c533d2dd6e97"", ""label"": ""computer programming"", ""score"": 0.5818}, {""uri"": ""http://data.europa.eu/esco/skill/0de61385-de6d-4146-ba32-1cc1bc102220"", ""label"": ""Lisp"", ""score"": 0.5738}, {""uri"": ""http://data.europa.eu/esco/skill/a4d336a6-9ffd-402a-91cc-f359716ba4e0"", ""label"": ""ML (computer programming)"", ""score"": 0.5676}]",exact,high,exact|high,104,96811,13,Staff Software Engineer | P2-Staff Software Engineer - RPA Engineering_RPA-3 | Java Developer,test
business analysis,1148,exact,1.0,http://data.europa.eu/esco/skill/633a3637-2c6b-40ae-ac38-289eb2a62aa6,business analysis,"[{""uri"": ""http://data.europa.eu/esco/skill/633a3637-2c6b-40ae-ac38-289eb2a62aa6"", ""label"": ""business analysis"", ""score"": 1.0}, {""uri"": ""http://data.europa.eu/esco/skill/9e84a506-df06-4be3-874a-fa01293e3dd5"", ""label"": ""business processes"", ""score"": 1.0}, {""uri"": ""http://data.europa.eu/esco/skill/99571e68-801f-49af-a897-5f75996642e1"", ""label"": ""financial analysis"", ""score"": 1.0}, {""uri"": ""http://data.europa.eu/esco/skill/27ed854c-15b8-4ba2-90e9-ae888a219703"", ""label"": ""perform business analysis"", ""score"": 0.9311}, {""uri"": ""http://data.europa.eu/esco/skill/b011c8b4-76e1-4bbc-8bb9-1d205e7b618a"", ""label"": ""market analysis"", ""score"": 0.7462}]",exact,high,exact|high,104,96811,13,"Cluster:Support & MIS professionals | Business Analyst | Software Engineer/Business Analyst, 2025 graduate Can also apply",test
counselling,368,exact,1.0,http://data.europa.eu/esco/skill/045f71e6-0699-4169-8a54-9c6b96f3174d,advise others,"[{""uri"": ""http://data.europa.eu/esco/skill/045f71e6-0699-4169-8a54-9c6b96f3174d"", ""label"": ""advise others"", ""score"": 1.0}, {""uri"": ""http://data.europa.eu/esco/skill/ac6ff889-328b-46ea-a8ee-e196443b2447"", ""label"": ""counsel clients"", ""score"": 0.8762}, {""uri"": ""http://data.europa.eu/esco/skill/675d8bf3-6daa-46fa-9762-7238ab38c65d"", ""label"": ""family therapy"", ""score"": 0.8627}, {""uri"": ""http://data.europa.eu/esco/skill/0ffed47f-d320-48cf-988d-40449825085c"", ""label"": ""counselling methods"", ""score"": 0.8336}, {""uri"": ""http://data.europa.eu/esco/skill/ead14c9a-9a19-4119-8303-5f5c78761c24"", ""label"": ""provide health counselling"", ""score"": 0.7875}]",exact,high,exact|high,104,96811,13,Admission Counsellor | Academic Counsellor | Visa Executive,test
crm,579,exact,1.0,http://data.europa.eu/esco/skill/dc9a236c-c640-43c3-812f-269403591edb,customer relationship management,"[{""uri"": ""http://data.europa.eu/esco/skill/dc9a236c-c640-43c3-812f-269403591edb"", ""label"": ""customer relationship management"", ""score"": 1.0}, {""uri"": ""http://data.europa.eu/esco/skill/de03f4fd-c147-4477-a048-7109e5ba2d6f"", ""label"": ""marketing principles"", ""score"": 0.7437}, {""uri"": ""http://data.europa.eu/esco/skill/9889b795-d755-41b2-8afd-2e3c87a65a38"", ""label"": ""use customer relationship management software"", ""score"": 0.6608}, {""uri"": ""http://data.europa.eu/esco/skill/4e8ad2b8-d80c-4701-91aa-cd874142ef2d"", ""label"": ""network marketing"", ""score"": 0.6036}, {""uri"": ""http://data.europa.eu/esco/skill/91306a20-9b81-4f3d-97eb-f5368b607da7"", ""label"": ""perform customer management"", ""score"": 0.5928}]",exact,high,exact|high,104,96811,13,Customer Service Executive - NCV Finance - Other OEMSCO 11 - CSE | SAP Full Stack Developer | TeleSales Associate,test
customer service,5122,exact,1.0,http://data.europa.eu/esco/skill/15a33d76-4640-438d-ae64-fdc0c1d3eebc,customer service,"[{""uri"": ""http://data.europa.eu/esco/skill/15a33d76-4640-438d-ae64-fdc0c1d3eebc"", ""label"": ""customer service"", ""score"": 1.0}, {""uri"": ""http://data.europa.eu/esco/skill/75dfe1ee-5935-42ce-b820-697f827825c3"", ""label"": ""maintain customer service"", ""score"": 0.8196}, {""uri"": ""http://data.europa.eu/esco/skill/0da516ee-e70e-4384-be13-f5ff80be8127"", ""label"": ""communicate with customers"", ""score"": 0.8196}, {""uri"": ""http://data.europa.eu/esco/skill/b7c8f418-08d5-45d6-b697-ab26c6ecbfb4"", ""label"": ""ensure client orientation"", ""score"": 0.7951}, {""uri"": ""http://data.europa.eu/esco/skill/704fda1b-cd0a-40fe-99fc-0a24250a2010"", ""label"": ""deal with public"", ""score"": 0.7605}]",exact,high,exact|high,104,96811,13,Hiring For Chat Process | International Voice Process || Customer Care & Upselling (UK Shift) | 4LPA CTC For Email Chat Backend & Non Voice Process For Kolkata,test
data science,346,exact,1.0,http://data.europa.eu/esco/skill/edebd83d-35f6-4ed5-a940-6c203d178c01,data science,"[{""uri"": ""http://data.europa.eu/esco/skill/edebd83d-35f6-4ed5-a940-6c203d178c01"", ""label"": ""data science"", ""score"": 1.0}, {""uri"": ""http://data.europa.eu/esco/skill/97bd1c21-66b2-4b7e-ad0f-e3cda590e378"", ""label"": ""data analytics"", ""score"": 0.7706}, {""uri"": ""http://data.europa.eu/esco/skill/48db96bf-3314-45c6-bad8-fdb6e20e5639"", ""label"": ""data engineering"", ""score"": 0.7701}, {""uri"": ""http://data.europa.eu/esco/skill/7b5cce4d-c7fe-4119-b48f-70aa05391787"", ""label"": ""computer science"", ""score"": 0.739}, {""uri"": ""http://data.europa.eu/esco/skill/5b26f08b-88bc-45f0-b901-530d7786466b"", ""label"": ""scientific computing"", ""score"": 0.737}]",exact,high,exact|high,104,96811,13,"NLP/ML Engineer | Technology Architect - AI -AgenticAI, Bedrock, VertexAI, OpenAI | Senior/Lead - AI Engineer",dev
human resource management,382,exact,1.0,http://data.europa.eu/esco/skill/e437eba1-3e22-41f2-8703-741e94785cba,human resource management,"[{""uri"": ""http://data.europa.eu/esco/skill/e437eba1-3e22-41f2-8703-741e94785cba"", ""label"": ""human resource management"", ""score"": 1.0}, {""uri"": ""http://data.europa.eu/esco/skill/279a4b1d-21df-4d78-9f4d-324c73fd7536"", ""label"": ""manage human resources"", ""score"": 0.8978}, {""uri"": ""http://data.europa.eu/esco/skill/88b406d0-72e2-4087-be19-d5992d259473"", ""label"": ""personnel management"", ""score"": 0.8577}, {""uri"": ""http://data.europa.eu/esco/skill/add39442-b8ca-4412-8156-391db53b0c5d"", ""label"": ""manage healthcare staff"", ""score"": 0.82}, {""uri"": ""http://data.europa.eu/esco/skill/c6e308b4-8799-4461-a9bd-560bdecb0dbb"", ""label"": ""human resources department processes"", ""score"": 0.8008}]",exact,high,exact|high,104,96811,13,Assistant Manager- HR | Human Resource Recruiter | Hiring For Business Development Associate | Freshers | Kolkata,test
postgresql,638,exact,1.0,http://data.europa.eu/esco/skill/a8d07b5a-c1a1-42c6-9d53-db9c7a2ca996,PostgreSQL,"[{""uri"": ""http://data.europa.eu/esco/skill/a8d07b5a-c1a1-42c6-9d53-db9c7a2ca996"", ""label"": ""PostgreSQL"", ""score"": 1.0}, {""uri"": ""http://data.europa.eu/esco/skill/ab1e97ed-2319-4293-a8b7-072d2648822f"", ""label"": ""database management systems"", ""score"": 0.5906}, {""uri"": ""http://data.europa.eu/esco/skill/598de5b0-5b58-4ea7-8058-a4bc4d18c742"", ""label"": ""SQL"", ""score"": 0.5906}, {""uri"": ""http://data.europa.eu/esco/skill/598de5b0-5b58-4ea7-8058-a4bc4d18c742"", ""label"": ""SQL"", ""score"": 0.5906}, {""uri"": ""http://data.europa.eu/esco/skill/9cf681c7-89ec-470c-b651-7fe03786f586"", ""label"": ""query languages"", ""score"": 0.5739}]",exact,high,exact|high,104,96811,13,"Staff Software Engineer( C# , .Net) | Software Engineering Manager, Fullstack | Lead Java Microservices Engineer",dev
production planning,288,exact,1.0,http://data.europa.eu/esco/skill/2a778aeb-f246-4f03-9a96-c60183001037,schedule production,"[{""uri"": ""http://data.europa.eu/esco/skill/2a778aeb-f246-4f03-9a96-c60183001037"", ""label"": ""schedule production"", ""score"": 1.0}, {""uri"": ""http://data.europa.eu/esco/skill/29fb886c-6be0-4e93-9ea1-232881f2092a"", ""label"": ""plan product management"", ""score"": 0.8691}, {""uri"": ""http://data.europa.eu/esco/skill/d63f83f4-648e-4adb-8e4c-b7aa7b3d76c0"", ""label"": ""assist in planning production scheduling"", ""score"": 0.8372}, {""uri"": ""http://data.europa.eu/esco/skill/1fb4bebb-8487-4715-bf9a-0a5e4afe68a4"", ""label"": ""plan artistic production activities"", ""score"": 0.8316}, {""uri"": ""http://data.europa.eu/esco/skill/5475343c-5e75-415f-b431-17f3c20a347e"", ""label"": ""use production planning software"", ""score"": 0.8248}]",exact,high,exact|high,104,96811,13,SAP - PP Consultant | SAP Presales Solution Architect - Manufacturing | Assistant Manager-Operations,test
program management,641,exact,1.0,http://data.europa.eu/esco/skill/06d09f70-6ca8-4078-be72-4c2c2a11ee61,program management,"[{""uri"": ""http://data.europa.eu/esco/skill/06d09f70-6ca8-4078-be72-4c2c2a11ee61"", ""label"": ""program management"", ""score"": 1.0}, {""uri"": ""http://data.europa.eu/esco/skill/7111b95d-0ce3-441a-9d92-4c75d05c4388"", ""label"": ""project management"", ""score"": 0.8902}, {""uri"": ""http://data.europa.eu/esco/skill/aab001d9-6d45-4f06-9976-9c1e0c253e3f"", ""label"": ""monitor broadcast programming"", ""score"": 0.7869}, {""uri"": ""http://data.europa.eu/esco/skill/89f6560b-2194-45c9-9ece-d33049a73eef"", ""label"": ""computer engineering"", ""score"": 0.6698}, {""uri"": ""http://data.europa.eu/esco/skill/83b33952-3872-46ec-9a2e-b28f91303a7e"", ""label"": ""oversee development of software"", ""score"": 0.6495}]",exact,high,exact|high,104,96811,13,Consultant | Asst. Manager-Product Management | Program Manager (Microsoft),dev
scrum,552,exact,1.0,http://data.europa.eu/esco/skill/bec4359e-cb92-468f-a997-8fb28e32fba9,ICT project management methodologies,"[{""uri"": ""http://data.europa.eu/esco/skill/bec4359e-cb92-468f-a997-8fb28e32fba9"", ""label"": ""ICT project management methodologies"", ""score"": 1.0}, {""uri"": ""http://data.europa.eu/esco/skill/dba46f87-0831-49cd-a1c7-340a653c0221"", ""label"": ""Agile development"", ""score"": 0.6333}, {""uri"": ""http://data.europa.eu/esco/skill/eab3bafa-eebb-47bf-85ce-e336c5019108"", ""label"": ""team building"", ""score"": 0.6248}, {""uri"": ""http://data.europa.eu/esco/skill/b19e0820-a96f-4c0a-a724-3c056180c1b3"", ""label"": ""build team spirit"", ""score"": 0.5672}, {""uri"": ""http://data.europa.eu/esco/skill/60c78287-22eb-4103-9c8c-28deaa460da0"", ""label"": ""work in teams"", ""score"": 0.5637}]",exact,high,exact|high,104,96811,13,"AVP | Software Engineering Manager, Fullstack | SFDC  Scrum Master",dev
selenium,734,exact,1.0,http://data.europa.eu/esco/skill/7557f0f4-b8bc-4ac0-b91e-222ab1ba744f,tools for ICT test automation,"[{""uri"": ""http://data.europa.eu/esco/skill/7557f0f4-b8bc-4ac0-b91e-222ab1ba744f"", ""label"": ""tools for ICT test automation"", ""score"": 1.0}, {""uri"": ""http://data.europa.eu/esco/skill/3cd569a2-4f88-4c1e-9995-8dce8c5e51a7"", ""label"": ""JavaScript"", ""score"": 0.4619}, {""uri"": ""http://data.europa.eu/esco/skill/9cf681c7-89ec-470c-b651-7fe03786f586"", ""label"": ""query languages"", ""score"": 0.4446}, {""uri"": ""http://data.europa.eu/esco/skill/976455eb-5bbe-4493-ae64-ed16c3b009ea"", ""label"": ""mobile operating systems"", ""score"": 0.4366}, {""uri"": ""http://data.europa.eu/esco/skill/6b6a9252-2ed7-4862-a02f-1578f4a532ea"", ""label"": ""Eclipse (integrated development environment software)"", ""score"": 0.4331}]",exact,high,exact|high,104,96811,13,SDET- Playwright | QA Automation Architect - Playwright & Selenium | Functional Automation Tester(Cards Domain),test
c sharp,3,exact,1.0,http://data.europa.eu/esco/skill/4c016b68-4116-468c-9dc6-42710c239e4a,C#,"[{""uri"": ""http://data.europa.eu/esco/skill/4c016b68-4116-468c-9dc6-42710c239e4a"", ""label"": ""C#"", ""score"": 1.0}, {""uri"": ""http://data.europa.eu/esco/skill/af2eb9ef-c98d-4ab2-b4dd-049cdb30e665"", ""label"": ""guidance, navigation and control"", ""score"": 0.4299}, {""uri"": ""http://data.europa.eu/esco/skill/8ed75e0b-673c-4eb3-984d-de566db5dbc6"", ""label"": ""sharpen edged tools"", ""score"": 0.4171}, {""uri"": ""http://data.europa.eu/esco/skill/2b9f4584-da2e-44e2-a2fb-4dd4fc64c1a2"", ""label"": ""integrated circuits"", ""score"": 0.4015}, {""uri"": ""http://data.europa.eu/esco/skill/5706691c-2c38-46e4-9e88-c55be7e5d3ff"", ""label"": ""digital camera sensors"", ""score"": 0.3909}]",exact,low,exact|low,856,6540,13,".NET Core MVC, Web API, SQL Server - Immediate Joiner | Sdet Engineer | C Sharp and DOTNET",test
cobol programming language,1,exact,1.0,http://data.europa.eu/esco/skill/def007fa-5fed-4a5f-91a2-b0d7e3db1be1,COBOL,"[{""uri"": ""http://data.europa.eu/esco/skill/def007fa-5fed-4a5f-91a2-b0d7e3db1be1"", ""label"": ""COBOL"", ""score"": 1.0}, {""uri"": ""http://data.europa.eu/esco/skill/0cd6dcf1-5778-42a5-b685-4d01ae4a4871"", ""label"": ""Common Lisp"", ""score"": 0.6314}, {""uri"": ""http://data.europa.eu/esco/skill/034c29fa-c3ba-45ea-b8f3-bf8e3705e386"", ""label"": ""Erlang"", ""score"": 0.5759}, {""uri"": ""http://data.europa.eu/esco/skill/b633eb55-8f1f-4ae6-ab4c-2022ffe2cb7f"", ""label"": ""C++"", ""score"": 0.5388}, {""uri"": ""http://data.europa.eu/esco/skill/aab001d9-6d45-4f06-9976-9c1e0c253e3f"", ""label"": ""monitor broadcast programming"", ""score"": 0.5311}]",exact,low,exact|low,856,6540,13,Cobol Developer,dev
collections management,2,exact,1.0,http://data.europa.eu/esco/skill/6c8ed0d1-4fc9-41a6-9587-6dbc82cabfc3,collection management,"[{""uri"": ""http://data.europa.eu/esco/skill/6c8ed0d1-4fc9-41a6-9587-6dbc82cabfc3"", ""label"": ""collection management"", ""score"": 1.0}, {""uri"": ""http://data.europa.eu/esco/skill/5fd6c193-93c6-4f2d-bf9b-e0debb851f2d"", ""label"": ""collection management software"", ""score"": 0.8406}, {""uri"": ""http://data.europa.eu/esco/skill/14f9a27c-d52e-4e3d-9819-e564d4ec3d71"", ""label"": ""art collections"", ""score"": 0.774}, {""uri"": ""http://data.europa.eu/esco/skill/397afe57-de4d-4db6-a889-cc1de4cac0a1"", ""label"": ""establish high standards of collections care"", ""score"": 0.7319}, {""uri"": ""http://data.europa.eu/esco/skill/27d1012f-0ad8-42fb-b342-0e7ef12d22d1"", ""label"": ""compile detailed collection inventory"", ""score"": 0.6705}]",exact,low,exact|low,856,6540,13,SAP S/4HANA FSCM Consultant  Credit/Collections/Disputes | Sap Fscm Consultant,dev
data scraping,2,exact,1.0,http://data.europa.eu/esco/skill/25f0ea33-b4a2-4f31-b7b4-7d20e827b180,data mining,"[{""uri"": ""http://data.europa.eu/esco/skill/25f0ea33-b4a2-4f31-b7b4-7d20e827b180"", ""label"": ""data mining"", ""score"": 1.0}, {""uri"": ""http://data.europa.eu/esco/skill/3606bf22-1987-4356-b8c4-13e89d8f6c69"", ""label"": ""interpret extraction data"", ""score"": 0.5606}, {""uri"": ""http://data.europa.eu/esco/skill/696e3b5b-8b61-45af-ae4c-3ab700f197ec"", ""label"": ""information extraction"", ""score"": 0.5492}, {""uri"": ""http://data.europa.eu/esco/skill/a571ae14-3e16-4fd3-a615-5646e0b0b696"", ""label"": ""inspect data"", ""score"": 0.5327}, {""uri"": ""http://data.europa.eu/esco/skill/97bd1c21-66b2-4b7e-ad0f-e3cda590e378"", ""label"": ""data analytics"", ""score"": 0.5291}]",exact,low,exact|low,856,6540,13,Lead Generation Executive - KPO | Python Software Developer,dev
energy conservation,20,exact,1.0,http://data.europa.eu/esco/skill/ddce2912-bc0f-4a47-aa2b-c1de48bc4b44,energy conservation,"[{""uri"": ""http://data.europa.eu/esco/skill/ddce2912-bc0f-4a47-aa2b-c1de48bc4b44"", ""label"": ""energy conservation"", ""score"": 1.0}, {""uri"": ""http://data.europa.eu/esco/skill/83fc0b2b-6cd2-46af-b1ff-d3fc83604c26"", ""label"": ""energy efficiency"", ""score"": 1.0}, {""uri"": ""http://data.europa.eu/esco/skill/51729032-56d3-4092-9dd8-23d6cbd97511"", ""label"": ""teach energy principles"", ""score"": 0.717}, {""uri"": ""http://data.europa.eu/esco/skill/106b9659-4b9a-4ce2-8d16-80add5bf81b0"", ""label"": ""energy transformation"", ""score"": 0.6983}, {""uri"": ""http://data.europa.eu/esco/skill/1e38f5be-bb7d-42c5-8301-c16cf400f8ee"", ""label"": ""energy"", ""score"": 0.6959}]",exact,low,exact|low,856,6540,13,"Assistant Manager Engineering | Asst Mgr-Engineering | Professional, Facilities Management",test
human anatomy,3,exact,1.0,http://data.europa.eu/esco/skill/9ec4252d-cbe8-4134-88fa-549dee1883f3,human anatomy,"[{""uri"": ""http://data.europa.eu/esco/skill/9ec4252d-cbe8-4134-88fa-549dee1883f3"", ""label"": ""human anatomy"", ""score"": 1.0}, {""uri"": ""http://data.europa.eu/esco/skill/e286eddc-75e5-4ae3-966b-ec89c1c046ba"", ""label"": ""anatomy of animals"", ""score"": 0.7828}, {""uri"": ""http://data.europa.eu/esco/skill/0e7f7009-6633-47a0-ab39-b04e9436daef"", ""label"": ""musculoskeletal anatomy"", ""score"": 0.7196}, {""uri"": ""http://data.europa.eu/esco/skill/b2273cd7-3249-42b3-bc23-8f228b73f84d"", ""label"": ""pathological anatomy"", ""score"": 0.6988}, {""uri"": ""http://data.europa.eu/esco/skill/51e53aff-6f8a-42ca-9cb9-47335130f4d7"", ""label"": ""human physiology"", ""score"": 0.6611}]",exact,low,exact|low,856,6540,13,Hiring Freshers For Medical Coding II Savista Global II Chennai | Medical Coding Analyst | Hiring For IVR Coders - Hyderabad,test
lead,16,exact,1.0,http://data.europa.eu/esco/skill/75d8e5d9-bef3-418b-9011-01bff9f27207,lead others,"[{""uri"": ""http://data.europa.eu/esco/skill/75d8e5d9-bef3-418b-9011-01bff9f27207"", ""label"": ""lead others"", ""score"": 1.0}, {""uri"": ""http://data.europa.eu/esco/skill/4c6c52d6-f791-4202-b45a-96512ca5222e"", ""label"": ""move animals"", ""score"": 0.7172}, {""uri"": ""http://data.europa.eu/esco/skill/12c82224-6394-4c3c-9831-2a8198ed1274"", ""label"": ""optical character recognition software"", ""score"": 0.6484}, {""uri"": ""http://data.europa.eu/esco/skill/f9d70f2a-c3f0-475d-ac55-dc2e2ba856e8"", ""label"": ""lead inspections"", ""score"": 0.5812}, {""uri"": ""http://data.europa.eu/esco/skill/0f4fc0d4-fb91-4703-a6bd-aa271593be55"", ""label"": ""solder lead came joints"", ""score"": 0.5773}]",exact,low,exact|low,856,6540,13,Customer Delight Executive - Sales | Area Sales Executive | Oracle Functional Consultant,test
manual therapy,4,exact,1.0,http://data.europa.eu/esco/skill/c416bcc9-df5a-42fd-abc9-9949ec072ef3,applied kinesiology,"[{""uri"": ""http://data.europa.eu/esco/skill/c416bcc9-df5a-42fd-abc9-9949ec072ef3"", ""label"": ""applied kinesiology"", ""score"": 1.0}, {""uri"": ""http://data.europa.eu/esco/skill/f4d1fce0-6d7f-4a5e-b317-2040b64758f2"", ""label"": ""physiotherapy"", ""score"": 0.7544}, {""uri"": ""http://data.europa.eu/esco/skill/4db7e244-5360-4ba1-9470-96c1b1b924d8"", ""label"": ""somatic integrated modalities"", ""score"": 0.7247}, {""uri"": ""http://data.europa.eu/esco/skill/8460496d-aa54-495f-af9a-a4b571a5f994"", ""label"": ""apply techniques of occupational therapy"", ""score"": 0.696}, {""uri"": ""http://data.europa.eu/esco/skill/40923b61-344c-43eb-a8b7-d2d8a7a73143"", ""label"": ""psychomotor therapy"", ""score"": 0.6805}]",exact,low,exact|low,856,6540,13,Physiotherapist Doctor | Physiotherapist,test
open text integration center,1,exact,1.0,http://data.europa.eu/esco/skill/9d0d89be-bffa-4393-b6f6-8d05bea49051,"data extraction, transformation and loading tools","[{""uri"": ""http://data.europa.eu/esco/skill/9d0d89be-bffa-4393-b6f6-8d05bea49051"", ""label"": ""data extraction, transformation and loading tools"", ""score"": 1.0}, {""uri"": ""http://data.europa.eu/esco/skill/f36fb0bd-21d5-4347-b484-69c735f4e700"", ""label"": ""OmniPage"", ""score"": 0.5662}, {""uri"": ""http://data.europa.eu/esco/skill/81633a44-f1db-4a01-a940-804c6905e330"", ""label"": ""use word processing software"", ""score"": 0.5378}, {""uri"": ""http://data.europa.eu/esco/skill/9a35cb50-8106-45f9-8aba-2df99dd6f913"", ""label"": ""ABBYY FineReader"", ""score"": 0.5329}, {""uri"": ""http://data.europa.eu/esco/skill/4754d9fe-dc3a-4f8f-8ea6-5dbcea3a21ca"", ""label"": ""develop computer vision system"", ""score"": 0.5113}]",exact,low,exact|low,856,6540,13,SQL Developer with Open Text,dev
physical medicine,1,exact,1.0,http://data.europa.eu/esco/skill/af5e7f45-325f-4424-8724-5692d62caada,physical medicine,"[{""uri"": ""http://data.europa.eu/esco/skill/af5e7f45-325f-4424-8724-5692d62caada"", ""label"": ""physical medicine"", ""score"": 1.0}, {""uri"": ""http://data.europa.eu/esco/skill/61ba0c31-a54e-49e9-9e9e-c2035d3f3e11"", ""label"": ""rehabilitation of all organ systems"", ""score"": 0.805}, {""uri"": ""http://data.europa.eu/esco/skill/f4d1fce0-6d7f-4a5e-b317-2040b64758f2"", ""label"": ""physiotherapy"", ""score"": 0.7875}, {""uri"": ""http://data.europa.eu/esco/skill/00506f28-e884-4496-800c-3477c67eb355"", ""label"": ""sport and exercise medicine"", ""score"": 0.7847}, {""uri"": ""http://data.europa.eu/esco/skill/53d45a18-6c15-4c50-821c-d116ae0611ec"", ""label"": ""medical studies"", ""score"": 0.6633}]",exact,low,exact|low,856,6540,13,Physical Medicine Doctors @ Ernakulam District,test
securities,5,exact,1.0,http://data.europa.eu/esco/skill/749ce4c2-4dfd-461a-a8f3-0f6914814d3e,securities,"[{""uri"": ""http://data.europa.eu/esco/skill/749ce4c2-4dfd-461a-a8f3-0f6914814d3e"", ""label"": ""securities"", ""score"": 1.0}, {""uri"": ""http://data.europa.eu/esco/skill/0bd4c62a-c309-467e-be76-8403b3f3a1a8"", ""label"": ""financial products"", ""score"": 0.85}, {""uri"": ""http://data.europa.eu/esco/skill/c4b5eec1-2da9-4353-acd4-fbbf929123e2"", ""label"": ""trade securities"", ""score"": 0.8055}, {""uri"": ""http://data.europa.eu/esco/skill/1638fad2-6858-477d-8ee9-2aa463870602"", ""label"": ""manage securities"", ""score"": 0.7663}, {""uri"": ""http://data.europa.eu/esco/skill/905b6acd-377b-46b9-9d80-e47e9ca789ca"", ""label"": ""financial markets"", ""score"": 0.6807}]",exact,low,exact|low,856,6540,13,Merchant bankers IPO @UPTO 9 LPA For leading Financial service company | Vice President | SAP Treasury and Risk Management Consultant,test
services marketing,7,exact,1.0,http://data.europa.eu/esco/skill/49d81d86-e748-4181-84e9-106173058081,services marketing,"[{""uri"": ""http://data.europa.eu/esco/skill/49d81d86-e748-4181-84e9-106173058081"", ""label"": ""services marketing"", ""score"": 1.0}, {""uri"": ""http://data.europa.eu/esco/skill/0eb05180-6927-4c35-b898-176e00d0488c"", ""label"": ""sell services"", ""score"": 0.8164}, {""uri"": ""http://data.europa.eu/esco/skill/5bbaa0e6-0fd7-4df2-9db7-34f78b40dc34"", ""label"": ""marketing management"", ""score"": 0.7421}, {""uri"": ""http://data.europa.eu/esco/skill/43268a87-8280-4e3f-bf97-97dc973d60ef"", ""label"": ""represent the company"", ""score"": 0.7408}, {""uri"": ""http://data.europa.eu/esco/skill/4e8ad2b8-d80c-4701-91aa-cd874142ef2d"", ""label"": ""network marketing"", ""score"": 0.712}]",exact,low,exact|low,856,6540,13,Sales Counselor/Relationship Executive-Vibgyor Hinjewadi | Service Sales Specialist | Regional High Resolution Mass Spectrometer Sales Specialist,dev
unity,4,exact,1.0,http://data.europa.eu/esco/skill/d1a86399-24d8-415f-98b9-e8cbb6b04a26,Unity (digital game creation systems),"[{""uri"": ""http://data.europa.eu/esco/skill/d1a86399-24d8-415f-98b9-e8cbb6b04a26"", ""label"": ""Unity (digital game creation systems)"", ""score"": 1.0}, {""uri"": ""http://data.europa.eu/esco/skill/b04c4965-4fd7-4dfa-a8d4-0cec5c5f5d0c"", ""label"": ""Unreal Engine"", ""score"": 0.4971}, {""uri"": ""http://data.europa.eu/esco/skill/6c80d53c-d8c9-41fe-998f-091fca208834"", ""label"": ""learning management systems"", ""score"": 0.4111}, {""uri"": ""http://data.europa.eu/esco/skill/07dd856d-6141-48a7-a228-918f88494812"", ""label"": ""create prototype of user experience solutions"", ""score"": 0.404}, {""uri"": ""http://data.europa.eu/esco/skill/ce26e71f-2d47-474e-89b6-7920931ac4fc"", ""label"": ""iOS"", ""score"": 0.3892}]",exact,low,exact|low,856,6540,13,Unity Developer | Unity 3D Developer,dev
building material sales,37,exact,1.0,http://data.europa.eu/esco/skill/b4393e7c-3fe3-4766-8b57-6eb0c8082f36,sell building materials,"[{""uri"": ""http://data.europa.eu/esco/skill/b4393e7c-3fe3-4766-8b57-6eb0c8082f36"", ""label"": ""sell building materials"", ""score"": 1.0}, {""uri"": ""http://data.europa.eu/esco/skill/e26e07ca-4a35-42e3-940d-e5868fd38fba"", ""label"": ""building materials industry"", ""score"": 0.8646}, {""uri"": ""http://data.europa.eu/esco/skill/1b73b2a7-aefc-49ef-8b30-b90ca7429984"", ""label"": ""advise customers on building materials"", ""score"": 0.7281}, {""uri"": ""http://data.europa.eu/esco/skill/4f7b36b8-7677-4840-8dc0-bec8eb591544"", ""label"": ""provide customised building materials"", ""score"": 0.7244}, {""uri"": ""http://data.europa.eu/esco/skill/5ac07f1a-6436-4103-b891-c59a7ac505f0"", ""label"": ""construction products"", ""score"": 0.6965}]",exact,mid,exact|mid,260,24594,13,Branch Manager - Sales- Building Material - ( Handle 3 States ) | Project Sales Executive | State head - Channel Sales ( Building Material),test
chemistry,161,exact,1.0,http://data.europa.eu/esco/skill/cde9911c-f92e-4de1-811f-336e177ac4ce,chemistry,"[{""uri"": ""http://data.europa.eu/esco/skill/cde9911c-f92e-4de1-811f-336e177ac4ce"", ""label"": ""chemistry"", ""score"": 1.0}, {""uri"": ""http://data.europa.eu/esco/skill/692ace70-7f97-4214-92bd-88f7637d8a44"", ""label"": ""physics"", ""score"": 0.6718}, {""uri"": ""http://data.europa.eu/esco/skill/74aa00bc-db99-4984-8817-7df2ca954ea1"", ""label"": ""chemical processes"", ""score"": 0.6549}, {""uri"": ""http://data.europa.eu/esco/skill/fb8464e3-949e-4cc0-b50b-be7cf9c3e250"", ""label"": ""basic chemicals"", ""score"": 0.6509}, {""uri"": ""http://data.europa.eu/esco/skill/56d88178-99d4-400d-9415-d700ce6a29f3"", ""label"": ""high-performance liquid chromatography"", ""score"": 0.6453}]",exact,mid,exact|mid,260,24594,13,Lab Assistant - School of Advanced Sciences (SAS) - Chemistry | ISC - Chemistry Teacher | Research Scientist - Electrochemistry,test
computer vision,88,exact,1.0,http://data.europa.eu/esco/skill/7b0d5000-00da-4864-b776-6de49a87a669,computer vision,"[{""uri"": ""http://data.europa.eu/esco/skill/7b0d5000-00da-4864-b776-6de49a87a669"", ""label"": ""computer vision"", ""score"": 1.0}, {""uri"": ""http://data.europa.eu/esco/skill/45f1ae17-c20d-40fc-9307-7d33b6ca9213"", ""label"": ""image recognition"", ""score"": 0.7247}, {""uri"": ""http://data.europa.eu/esco/skill/4754d9fe-dc3a-4f8f-8ea6-5dbcea3a21ca"", ""label"": ""develop computer vision system"", ""score"": 0.6998}, {""uri"": ""http://data.europa.eu/esco/skill/945b8655-5577-4c3a-946a-842d4527afa8"", ""label"": ""digital image processing"", ""score"": 0.6165}, {""uri"": ""http://data.europa.eu/esco/skill/ae628720-1765-4737-8e83-a7f6f516e2d0"", ""label"": ""photographic processing techniques"", ""score"": 0.6044}]",exact,mid,exact|mid,260,24594,13,NLP/ML Engineer | AI AND DATA Scientist Engineer | Research Engineer - Nondestructive Evaluation,test
customer experience management,40,exact,1.0,http://data.europa.eu/esco/skill/4b95c7bb-5672-4e4a-88ea-ba96c12e8ca2,manage the customer experience,"[{""uri"": ""http://data.europa.eu/esco/skill/4b95c7bb-5672-4e4a-88ea-ba96c12e8ca2"", ""label"": ""manage the customer experience"", ""score"": 1.0}, {""uri"": ""http://data.europa.eu/esco/skill/dc9a236c-c640-43c3-812f-269403591edb"", ""label"": ""customer relationship management"", ""score"": 0.7778}, {""uri"": ""http://data.europa.eu/esco/skill/de03f4fd-c147-4477-a048-7109e5ba2d6f"", ""label"": ""marketing principles"", ""score"": 0.7737}, {""uri"": ""http://data.europa.eu/esco/skill/7bb5d9af-0a7e-48a7-a860-0e1ded0f6e75"", ""label"": ""design customer experiences"", ""score"": 0.7727}, {""uri"": ""http://data.europa.eu/esco/skill/91306a20-9b81-4f3d-97eb-f5368b607da7"", ""label"": ""perform customer management"", ""score"": 0.7215}]",exact,mid,exact|mid,260,24594,13,Relationship Manager (Female) | Customer Satisfaction Advisor | Customer Relationship Manager,dev
data privacy,60,exact,1.0,http://data.europa.eu/esco/skill/a4346013-a967-4a58-a533-6b32ad1364c5,data protection,"[{""uri"": ""http://data.europa.eu/esco/skill/a4346013-a967-4a58-a533-6b32ad1364c5"", ""label"": ""data protection"", ""score"": 1.0}, {""uri"": ""http://data.europa.eu/esco/skill/a56dec32-05ef-45de-a256-ee6741f356db"", ""label"": ""information confidentiality"", ""score"": 0.8521}, {""uri"": ""http://data.europa.eu/esco/skill/71717c33-dd63-4acf-b052-a5fd5d9fc490"", ""label"": ""ensure information privacy"", ""score"": 0.8227}, {""uri"": ""http://data.europa.eu/esco/skill/86d2e2ea-1ba2-4aa6-b465-8a1f9abc81b8"", ""label"": ""apply information security policies"", ""score"": 0.7946}, {""uri"": ""http://data.europa.eu/esco/skill/6aef2baa-5fa7-4c16-bd28-3e070ec4e4df"", ""label"": ""educate on data confidentiality"", ""score"": 0.7796}]",exact,mid,exact|mid,260,24594,13,"Solution Architect AI | Staff ServiceNow Platform Architect, AI | Background Verification (BGV) Operations Partner",test
deep learning,216,exact,1.0,http://data.europa.eu/esco/skill/ecc4552a-92c5-4222-b18d-faf5ac841080,deep learning,"[{""uri"": ""http://data.europa.eu/esco/skill/ecc4552a-92c5-4222-b18d-faf5ac841080"", ""label"": ""deep learning"", ""score"": 1.0}, {""uri"": ""http://data.europa.eu/esco/skill/3a2d5b45-56e4-4f5a-a55a-4a4a65afdc43"", ""label"": ""machine learning"", ""score"": 0.7765}, {""uri"": ""http://data.europa.eu/esco/skill/5608d5a0-6d5e-43b7-be37-616501729bb4"", ""label"": ""artificial neural networks"", ""score"": 0.772}, {""uri"": ""http://data.europa.eu/esco/skill/8369c2d6-c100-4cf6-bd83-9668d8678433"", ""label"": ""utilise machine learning"", ""score"": 0.6218}, {""uri"": ""http://data.europa.eu/esco/skill/7b0d5000-00da-4864-b776-6de49a87a669"", ""label"": ""computer vision"", ""score"": 0.5998}]",exact,mid,exact|mid,260,24594,13,NLP/ML Engineer | Specialist I - Machine Learning Engineering | AI/ML Engineer - Generative AI & LLMs,test
direct marketing,187,exact,1.0,http://data.europa.eu/esco/skill/4e8ad2b8-d80c-4701-91aa-cd874142ef2d,network marketing,"[{""uri"": ""http://data.europa.eu/esco/skill/4e8ad2b8-d80c-4701-91aa-cd874142ef2d"", ""label"": ""network marketing"", ""score"": 1.0}, {""uri"": ""http://data.europa.eu/esco/skill/9af252ce-bf4d-411b-8daa-beb91df4257d"", ""label"": ""channel marketing"", ""score"": 0.7958}, {""uri"": ""http://data.europa.eu/esco/skill/2d1b62ac-3786-4b54-bf4b-a98ba115979b"", ""label"": ""textile marketing techniques"", ""score"": 0.7333}, {""uri"": ""http://data.europa.eu/esco/skill/0e54cc0e-6cef-41ec-bd8c-e8e8778969ec"", ""label"": ""relationship marketing"", ""score"": 0.727}, {""uri"": ""http://data.europa.eu/esco/skill/5bbaa0e6-0fd7-4df2-9db7-34f78b40dc34"", ""label"": ""marketing management"", ""score"": 0.725}]",exact,mid,exact|mid,260,24594,13,Customer Sales Executive - Two Wheeler Loans | Customer Sales Executive  - Two Wheeler Loans | Field Sales Executive,dev
emergency response,43,exact,1.0,http://data.europa.eu/esco/skill/445b65c5-5b16-4f66-94ce-f2a7f49f9ee7,manage emergency procedures,"[{""uri"": ""http://data.europa.eu/esco/skill/445b65c5-5b16-4f66-94ce-f2a7f49f9ee7"", ""label"": ""manage emergency procedures"", ""score"": 1.0}, {""uri"": ""http://data.europa.eu/esco/skill/f7464f30-662b-4177-85a0-3df9693e9e58"", ""label"": ""first aid"", ""score"": 0.8437}, {""uri"": ""http://data.europa.eu/esco/skill/2adc2a4a-bb29-4a7f-aab7-d1a21bf08b9e"", ""label"": ""assist emergency services"", ""score"": 0.8083}, {""uri"": ""http://data.europa.eu/esco/skill/4e5687e3-3d3a-4f5e-b76a-93da0124d453"", ""label"": ""operational tactics for emergency responses"", ""score"": 0.803}, {""uri"": ""http://data.europa.eu/esco/skill/b020c5a0-c4c0-4587-a8c4-43aaa532ab34"", ""label"": ""dispatch emergency personnel"", ""score"": 0.8001}]",exact,mid,exact|mid,260,24594,13,Icu Resident Doctor | Fire & Safety Officer | Resident Medical Officer (ICU),dev
ethernet,96,exact,1.0,http://data.europa.eu/esco/skill/71f81e1a-e2ca-48d6-b7b8-7a34c56c51f8,transmission technology,"[{""uri"": ""http://data.europa.eu/esco/skill/71f81e1a-e2ca-48d6-b7b8-7a34c56c51f8"", ""label"": ""transmission technology"", ""score"": 1.0}, {""uri"": ""http://data.europa.eu/esco/skill/fd60bbcc-c3b6-4fa5-936c-eef5ae0a2d44"", ""label"": ""install low voltage wiring"", ""score"": 0.6895}, {""uri"": ""http://data.europa.eu/esco/skill/f9e788df-d68a-4f92-92c7-80e135fc35ff"", ""label"": ""ICT networking hardware"", ""score"": 0.6432}, {""uri"": ""http://data.europa.eu/esco/skill/fdf15b35-9028-4acb-bfd2-43f00a015cd9"", ""label"": ""use personal organization software"", ""score"": 0.5403}, {""uri"": ""http://data.europa.eu/esco/skill/709ef32a-7435-48e2-8fa2-16e389ecab8a"", ""label"": ""Cisco"", ""score"": 0.5395}]",exact,mid,exact|mid,260,24594,13,FPGA Engineer | IT Enablement Engineer - IIOT | Hiring || Electrical Project Engineer || 6 To 8yrs || Pune,test
financial products,44,exact,1.0,http://data.europa.eu/esco/skill/0bd4c62a-c309-467e-be76-8403b3f3a1a8,financial products,"[{""uri"": ""http://data.europa.eu/esco/skill/0bd4c62a-c309-467e-be76-8403b3f3a1a8"", ""label"": ""financial products"", ""score"": 1.0}, {""uri"": ""http://data.europa.eu/esco/skill/cdbb225c-d69d-4442-8cdc-818b1fdda074"", ""label"": ""develop financial products"", ""score"": 0.8504}, {""uri"": ""http://data.europa.eu/esco/skill/8d3deb53-3998-42eb-97f3-4e8ccb7591a5"", ""label"": ""promote financial products"", ""score"": 0.8265}, {""uri"": ""http://data.europa.eu/esco/skill/e92f4673-1dec-41ec-b6ec-36fef226359c"", ""label"": ""provide financial product information"", ""score"": 0.7319}, {""uri"": ""http://data.europa.eu/esco/skill/905b6acd-377b-46b9-9d80-e47e9ca789ca"", ""label"": ""financial markets"", ""score"": 0.7072}]",exact,mid,exact|mid,260,24594,13,Vice President | Executive & Sr. Executive Sales | Customer Support Executive,dev
treasury management,39,exact,1.0,http://data.europa.eu/esco/skill/0edaab25-1b72-4531-950d-d8b9a9f4a1c8,treasury management system,"[{""uri"": ""http://data.europa.eu/esco/skill/0edaab25-1b72-4531-950d-d8b9a9f4a1c8"", ""label"": ""treasury management system"", ""score"": 1.0}, {""uri"": ""http://data.europa.eu/esco/skill/52e53619-fa77-4f72-b237-5e4aae784dc2"", ""label"": ""financial management"", ""score"": 0.6528}, {""uri"": ""http://data.europa.eu/esco/skill/39e43f7c-a95e-4583-be76-bb134ccce1ae"", ""label"": ""financial department processes"", ""score"": 0.5831}, {""uri"": ""http://data.europa.eu/esco/skill/1638fad2-6858-477d-8ee9-2aa463870602"", ""label"": ""manage securities"", ""score"": 0.5819}, {""uri"": ""http://data.europa.eu/esco/skill/de07a5bd-f50c-4bf9-a767-48dfdaf8722b"", ""label"": ""assist in fund management"", ""score"": 0.5795}]",exact,mid,exact|mid,260,24594,13,Finance Control Manager | Chief Financial Officer | Treasury Executive,dev
vb,42,exact,1.0,http://data.europa.eu/esco/skill/13bdd41a-2a18-441f-96db-41252c519413,Visual Basic,"[{""uri"": ""http://data.europa.eu/esco/skill/13bdd41a-2a18-441f-96db-41252c519413"", ""label"": ""Visual Basic"", ""score"": 1.0}, {""uri"": ""http://data.europa.eu/esco/skill/21d2f96d-35f7-4e3f-9745-c533d2dd6e97"", ""label"": ""computer programming"", ""score"": 0.8076}, {""uri"": ""http://data.europa.eu/esco/skill/dcdd5ddf-82a6-4ac3-8edc-d4b23cae9a88"", ""label"": ""VBScript"", ""score"": 0.7592}, {""uri"": ""http://data.europa.eu/esco/skill/4c016b68-4116-468c-9dc6-42710c239e4a"", ""label"": ""C#"", ""score"": 0.6537}, {""uri"": ""http://data.europa.eu/esco/skill/8369ede5-4200-4a44-be2e-bc60ef959259"", ""label"": ""Microsoft Visual C++"", ""score"": 0.6332}]",exact,mid,exact|mid,260,24594,13,Associate Automation Engineer | Technical Lead .NET | Senior RPA Developer (Automation Anywhere),dev
warehouse operations,206,exact,1.0,http://data.europa.eu/esco/skill/089ddb19-1c7a-43ff-ba64-070f7ce4787a,warehouse operations,"[{""uri"": ""http://data.europa.eu/esco/skill/089ddb19-1c7a-43ff-ba64-070f7ce4787a"", ""label"": ""warehouse operations"", ""score"": 1.0}, {""uri"": ""http://data.europa.eu/esco/skill/7afb5a64-e574-421a-bb3a-7a7bc108d2a5"", ""label"": ""perform warehousing operations"", ""score"": 0.9175}, {""uri"": ""http://data.europa.eu/esco/skill/fa7be6bf-f906-4b8e-857d-48a9a7da901c"", ""label"": ""manage warehouse operations"", ""score"": 0.8871}, {""uri"": ""http://data.europa.eu/esco/skill/23db1cab-e565-4a90-89f8-3a8685a20029"", ""label"": ""maintain physical condition of warehouse"", ""score"": 0.8435}, {""uri"": ""http://data.europa.eu/esco/skill/fb39389b-07d5-439f-948b-6c6e58c0384f"", ""label"": ""manage transport of goods from warehouse facilities"", ""score"": 0.8393}]",exact,mid,exact|mid,260,24594,13,MHS Executive | Senior Executive - KPI | EXECUTIVE WH,dev
