jobId,title,title_clean,companyName,tags_preview,occupation_uri,occupation_label,title_sim,skill_overlap,candidates,stratum,stratum_size,sampled_in_stratum,split
020625002521,"Executive - HR & Admin, Pune (Jejuri)",executive human resources & admin pune,Indiana Group,"payroll management, statutory compliance, employee life cycle, hr operations, exit formalities, management, payroll, statutory",,,0.5977,0.5,"[{""uri"": ""http://data.europa.eu/esco/occupation/d8ed1703-9c03-4ea0-83cc-b6169bc54ffd"", ""label"": ""human resources assistant"", ""score"": 0.6603}, {""uri"": ""http://data.europa.eu/esco/occupation/d3e32e5e-7f24-48e3-b939-e4f800eb62fb"", ""label"": ""human resources officer"", ""score"": 0.6466}, {""uri"": ""http://data.europa.eu/esco/occupation/f605bcd2-90b6-45a0-a558-d05016d68a77"", ""label"": ""human resources manager"", ""score"": 0.6393}, {""uri"": ""http://data.europa.eu/esco/occupation/55b4faa3-286f-4fc8-ac67-8bbb97d08820"", ""label"": ""education administrator"", ""score"": 0.6245}, {""uri"": ""http://data.europa.eu/esco/occupation/d4d6842b-27f0-4222-85db-c542acf6d434"", ""label"": ""public health policy officer"", ""score"": 0.6038}, {""uri"": ""http://data.europa.eu/esco/occupation/65fb0b53-b8c4-4839-b099-c80b6de5a158"", ""label"": ""employment programme coordinator"", ""score"": 0.5978}, {""uri"": ""http://data.europa.eu/esco/occupation/0917ab6b-18a8-4cfd-8e7a-843b88cf9457"", ""label"": ""branch manager"", ""score"": 0.5977}, {""uri"": ""http://data.europa.eu/esco/occupation/b9b47087-6045-405d-b769-6a0c94e2eb84"", ""label"": ""cultural visitor services manager"", ""score"": 0.5957}, {""uri"": ""http://data.europa.eu/esco/occupation/8b26eec6-7497-4218-8364-9b5983b04ae7"", ""label"": ""defence administration officer"", ""score"": 0.5957}, {""uri"": ""http://data.europa.eu/esco/occupation/b1ed68f8-8d51-4bcc-8825-bd554859480f"", ""label"": ""director of compliance and information security"", ""score"": 0.5859}]",0.50-0.60,15940,40,dev
071124006132,Urgently hiring For Hindi voice process - BPO- Customer Support-,for hindi voice process bpo customer support,Vibgyor Concepts,"phone banking, domestic bpo, hindi, bpo sales, telemarketing, bpo, telesales, hindi call center",,,0.5018,0.5,"[{""uri"": ""http://data.europa.eu/esco/occupation/4874fa37-0cd1-4a68-aed8-a838851f242d"", ""label"": ""language engineer"", ""score"": 0.5483}, {""uri"": ""http://data.europa.eu/esco/occupation/0ededdc2-050a-4ec3-8e70-6295105fcd19"", ""label"": ""call centre agent"", ""score"": 0.5417}, {""uri"": ""http://data.europa.eu/esco/occupation/30ca97f4-a4fd-4189-a781-ac08f6b09b78"", ""label"": ""call centre analyst"", ""score"": 0.5294}, {""uri"": ""http://data.europa.eu/esco/occupation/6a29d804-f775-446c-bec7-35fc4e28ac97"", ""label"": ""business consultant"", ""score"": 0.5236}, {""uri"": ""http://data.europa.eu/esco/occupation/6aa78e46-ce22-421f-8a75-e915ac63c9d0"", ""label"": ""call centre supervisor"", ""score"": 0.5223}, {""uri"": ""http://data.europa.eu/esco/occupation/23e692a9-a242-4d4f-988f-ed562f757864"", ""label"": ""interpreter"", ""score"": 0.518}, {""uri"": ""http://data.europa.eu/esco/occupation/a330b100-e651-4db1-bcf0-e9cbc025c614"", ""label"": ""process officer"", ""score"": 0.5162}, {""uri"": ""http://data.europa.eu/esco/occupation/fe0fa514-b48d-4a53-9757-a283c0baacf0"", ""label"": ""ICT business analyst"", ""score"": 0.5114}, {""uri"": ""http://data.europa.eu/esco/occupation/1a07bd7d-2e1d-4930-a84a-1a442b8f2a44"", ""label"": ""translator"", ""score"": 0.5058}, {""uri"": ""http://data.europa.eu/esco/occupation/580c98d4-fb97-4597-864c-54140f058f1b"", ""label"": ""call centre quality auditor"", ""score"": 0.5018}]",0.50-0.60,15940,40,test
031025011949,"AR Callers, Prior Auth QA, Prior Auth Exe |HYD,CHN, MUM, Bangalore",ar callers prior auth quality assurance prior auth exe hyd chn mum bangalore,Axis Services,"ub04, us healthcare, authorization, cms1500, ar caller, revenue cycle management, medicare, cpt",,,0.567,0.0,"[{""uri"": ""http://data.europa.eu/esco/occupation/580c98d4-fb97-4597-864c-54140f058f1b"", ""label"": ""call centre quality auditor"", ""score"": 0.567}, {""uri"": ""http://data.europa.eu/esco/occupation/0ededdc2-050a-4ec3-8e70-6295105fcd19"", ""label"": ""call centre agent"", ""score"": 0.5384}, {""uri"": ""http://data.europa.eu/esco/occupation/30ca97f4-a4fd-4189-a781-ac08f6b09b78"", ""label"": ""call centre analyst"", ""score"": 0.5305}, {""uri"": ""http://data.europa.eu/esco/occupation/73856e9e-eca2-44c2-bb3c-aaedf4b25979"", ""label"": ""insurance product manager"", ""score"": 0.4898}, {""uri"": ""http://data.europa.eu/esco/occupation/6aa78e46-ce22-421f-8a75-e915ac63c9d0"", ""label"": ""call centre supervisor"", ""score"": 0.4802}, {""uri"": ""http://data.europa.eu/esco/occupation/89b85c45-ddc7-4fe1-be5a-d3db2be11f3b"", ""label"": ""ICT account manager"", ""score"": 0.4566}, {""uri"": ""http://data.europa.eu/esco/occupation/1619d7f3-7d95-407c-a20e-47745bfcde73"", ""label"": ""data protection officer"", ""score"": 0.4471}, {""uri"": ""http://data.europa.eu/esco/occupation/109e0a5d-203d-4af6-8f70-692111335ec3"", ""label"": ""quality services manager"", ""score"": 0.4464}, {""uri"": ""http://data.europa.eu/esco/occupation/2ddde737-28f3-444d-b1f8-ef12cc2df3c7"", ""label"": ""academic support officer"", ""score"": 0.4418}, {""uri"": ""http://data.europa.eu/esco/occupation/0ce5a9f4-e00a-4bbe-b255-3c63407167a4"", ""label"": ""cyber incident responder"", ""score"": 0.4413}]",0.50-0.60,15940,40,test
230925930297,Java Full Stack Developer,java full stack developer,Purview India Consulting And  Services  Llp,"java, oops, spring boot, react.js, microservices, angularjs, node.js, restful",,,0.5604,0.75,"[{""uri"": ""http://data.europa.eu/esco/occupation/f2b15a0e-e65a-438a-affb-29b9d50b77d1"", ""label"": ""software developer"", ""score"": 0.5604}, {""uri"": ""http://data.europa.eu/esco/occupation/10469d70-78a3-4650-9e29-d04de13c62c1"", ""label"": ""embedded system designer"", ""score"": 0.5574}, {""uri"": ""http://data.europa.eu/esco/occupation/bd272aee-adc9-4a06-a15c-a73b4b4a46a7"", ""label"": ""ICT application developer"", ""score"": 0.5529}, {""uri"": ""http://data.europa.eu/esco/occupation/a7c1d23d-aeca-4bee-9a08-5993ed98b135"", ""label"": ""ICT system developer"", ""score"": 0.5527}, {""uri"": ""http://data.europa.eu/esco/occupation/bb6198c4-1d3e-40b9-9cc4-ad2dd9d7c74b"", ""label"": ""industrial mobile devices software developer"", ""score"": 0.5511}, {""uri"": ""http://data.europa.eu/esco/occupation/57af9090-55b4-4911-b2d0-86db01c00b02"", ""label"": ""embedded systems software developer"", ""score"": 0.541}, {""uri"": ""http://data.europa.eu/esco/occupation/a6517365-211c-456d-aca4-1a0115c7b1e1"", ""label"": ""e-learning architect"", ""score"": 0.5401}, {""uri"": ""http://data.europa.eu/esco/occupation/866c7813-2c03-47d7-9bdc-192cfbace57c"", ""label"": ""user interface developer"", ""score"": 0.5317}, {""uri"": ""http://data.europa.eu/esco/occupation/24161923-e3e6-4096-b377-f1ee8a7ea31b"", ""label"": ""satellite engineer"", ""score"": 0.5282}, {""uri"": ""http://data.europa.eu/esco/occupation/04ba4d6c-957d-417f-bf63-5b9e015a9f86"", ""label"": ""software analyst"", ""score"": 0.5247}]",0.50-0.60,15940,40,dev
250925500753,Team Member - WBG HO / IPO / CIP - Operations,team member wbg ho / ipo / cip operations,Kotak Mahindra Bank,"service delivery, data analysis, customer service orientation, performance management, compliance, wholesale banking, customer satisfaction, account management",,,0.5427,0.0,"[{""uri"": ""http://data.europa.eu/esco/occupation/d9f67d41-5e35-49c1-82a4-05ed94fbc3ab"", ""label"": ""weights and measures inspector"", ""score"": 0.5427}, {""uri"": ""http://data.europa.eu/esco/occupation/9f1d546b-1b4e-4b64-97e8-600fc502304b"", ""label"": ""innovation officer"", ""score"": 0.5224}, {""uri"": ""http://data.europa.eu/esco/occupation/dbdc9f7b-31c6-4f21-a9c5-48253bb69c08"", ""label"": ""purchase planner"", ""score"": 0.5207}, {""uri"": ""http://data.europa.eu/esco/occupation/82f90e87-de92-4678-adae-61d3e5f7e1e4"", ""label"": ""chief information officer"", ""score"": 0.5159}, {""uri"": ""http://data.europa.eu/esco/occupation/a330b100-e651-4db1-bcf0-e9cbc025c614"", ""label"": ""process officer"", ""score"": 0.4916}, {""uri"": ""http://data.europa.eu/esco/occupation/7b1b5da8-573a-49bb-a38e-68725a949f4f"", ""label"": ""chief technology officer"", ""score"": 0.4909}, {""uri"": ""http://data.europa.eu/esco/occupation/009d29de-5872-43be-8d9b-abd27f8c99f1"", ""label"": ""rental service representative in other machinery, equipment and tangible goods"", ""score"": 0.4908}, {""uri"": ""http://data.europa.eu/esco/occupation/5c5b153e-4bf8-4f3d-973d-12fabf306d12"", ""label"": ""secretary general"", ""score"": 0.4856}, {""uri"": ""http://data.europa.eu/esco/occupation/de31a27f-c6ba-4d4f-87cd-b405e1852121"", ""label"": ""rental manager"", ""score"": 0.4801}, {""uri"": ""http://data.europa.eu/esco/occupation/c64a6e4e-5b38-4f93-b26d-aded817aeaf3"", ""label"": ""chief operating officer"", ""score"": 0.478}]",0.50-0.60,15940,40,dev
260925031413,HCLTech | Hiring For Technical Support Role | Noida | Freshers,hcltech for technical support role noida,HCLTech,"fresher, graduate, entry level, bpo, communication skills, english, customer support, device support",,,0.5817,0.0,"[{""uri"": ""http://data.europa.eu/esco/occupation/9581c837-fee7-4068-9618-1116fd93d723"", ""label"": ""engineering assistant"", ""score"": 0.5817}, {""uri"": ""http://data.europa.eu/esco/occupation/1242d99a-47f1-4a62-b884-33746db8a6ca"", ""label"": ""ICT help desk manager"", ""score"": 0.5737}, {""uri"": ""http://data.europa.eu/esco/occupation/38a7f453-a7f0-45d2-a74d-5b92506e4a21"", ""label"": ""computer hardware engineering technician"", ""score"": 0.5733}, {""uri"": ""http://data.europa.eu/esco/occupation/92bb3d8c-8a9f-4cd7-80ec-247bbf173004"", ""label"": ""computer hardware engineer"", ""score"": 0.5727}, {""uri"": ""http://data.europa.eu/esco/occupation/aaeec9a7-dc57-4485-890c-86b3eef735f9"", ""label"": ""ICT help desk agent"", ""score"": 0.5565}, {""uri"": ""http://data.europa.eu/esco/occupation/fde4372d-8293-42de-afbb-8b5a9b274fe7"", ""label"": ""application engineer"", ""score"": 0.5556}, {""uri"": ""http://data.europa.eu/esco/occupation/8cb59bc4-1f39-477e-beea-effed12d186c"", ""label"": ""technical communicator"", ""score"": 0.5552}, {""uri"": ""http://data.europa.eu/esco/occupation/64c7d461-152c-477f-a8e2-c2c537e9d617"", ""label"": ""ICT network technician"", ""score"": 0.5475}, {""uri"": ""http://data.europa.eu/esco/occupation/9e2e6e1e-363b-4e1b-a673-7bc0f7343300"", ""label"": ""ICT system administrator"", ""score"": 0.5417}, {""uri"": ""http://data.europa.eu/esco/occupation/1f958638-066f-470c-9549-a9070ba280a6"", ""label"": ""component engineer"", ""score"": 0.5414}]",0.50-0.60,15940,40,dev
250925901137,SAP DATA Archiving Professional,sap data archiving professional,IDESLABS PRIVATE LIMITED,"opentext content server, jira, sap dms, sap, servicenow, sap fi, sap vim icc, dms",,,0.5235,0.25,"[{""uri"": ""http://data.europa.eu/esco/occupation/fb022de4-920a-4eb0-80f9-fbb8ecfc36b1"", ""label"": ""cultural archive manager"", ""score"": 0.5939}, {""uri"": ""http://data.europa.eu/esco/occupation/ef5b17a5-3ca8-4965-bd3d-61c4aca490d1"", ""label"": ""document management officer"", ""score"": 0.5939}, {""uri"": ""http://data.europa.eu/esco/occupation/e3b08984-19fe-4d51-a1b0-990676fc7234"", ""label"": ""archivist"", ""score"": 0.559}, {""uri"": ""http://data.europa.eu/esco/occupation/d3edb8f8-3a06-47a0-8fb9-9b212c006aa2"", ""label"": ""data analyst"", ""score"": 0.5515}, {""uri"": ""http://data.europa.eu/esco/occupation/8d9ec84d-cf2d-4179-87bc-335cda54a427"", ""label"": ""database designer"", ""score"": 0.5235}, {""uri"": ""http://data.europa.eu/esco/occupation/9ab0f0db-1128-4050-becd-b09db5eabdaa"", ""label"": ""file clerk"", ""score"": 0.5223}, {""uri"": ""http://data.europa.eu/esco/occupation/6353b3e8-e8f2-4ecb-b230-186927139892"", ""label"": ""data entry clerk"", ""score"": 0.5198}, {""uri"": ""http://data.europa.eu/esco/occupation/32ac76f6-20a0-469e-8cac-e68634087dd3"", ""label"": ""picture archiving and communication systems administrator"", ""score"": 0.5149}, {""uri"": ""http://data.europa.eu/esco/occupation/7a523273-9fff-4f11-beb6-110eeaec1436"", ""label"": ""recycling specialist"", ""score"": 0.5141}, {""uri"": ""http://data.europa.eu/esco/occupation/1562c7a3-c7d9-419d-b9b6-db26610bcf84"", ""label"": ""data warehouse designer"", ""score"": 0.5134}]",0.50-0.60,15940,40,test
240925013962,BULK Hiring -CCE/Telesales- Bengaluru (Whitefield / Koramangla),bulk cce/telesales bengaluru,R Cube Consultants Noida,"calling, bpo, voice, cce, inbound, telesales, customer service, customer care",,,0.5064,0.0,"[{""uri"": ""http://data.europa.eu/esco/occupation/e4f33b45-ee95-48b5-b2f8-e397aa14ed41"", ""label"": ""distribution centre dispatcher"", ""score"": 0.5064}, {""uri"": ""http://data.europa.eu/esco/occupation/2dcd3361-4c9b-4feb-a561-62257d6b31dd"", ""label"": ""wholesale merchant in electronic and telecommunications equipment and parts"", ""score"": 0.4987}, {""uri"": ""http://data.europa.eu/esco/occupation/aaeb2402-2ab3-411f-9a44-8ff4dd092de6"", ""label"": ""wholesale merchant in mining, construction and civil engineering machinery"", ""score"": 0.4847}, {""uri"": ""http://data.europa.eu/esco/occupation/30ca97f4-a4fd-4189-a781-ac08f6b09b78"", ""label"": ""call centre analyst"", ""score"": 0.47}, {""uri"": ""http://data.europa.eu/esco/occupation/8914badc-df5e-4671-908e-de5bc795658b"", ""label"": ""import export manager in electronic and telecommunications equipment and parts"", ""score"": 0.468}, {""uri"": ""http://data.europa.eu/esco/occupation/f4b4fb1d-0224-4e6b-b7c9-84bcf133be00"", ""label"": ""telecommunications equipment specialised seller"", ""score"": 0.4653}, {""uri"": ""http://data.europa.eu/esco/occupation/6aa78e46-ce22-421f-8a75-e915ac63c9d0"", ""label"": ""call centre supervisor"", ""score"": 0.4651}, {""uri"": ""http://data.europa.eu/esco/occupation/0ededdc2-050a-4ec3-8e70-6295105fcd19"", ""label"": ""call centre agent"", ""score"": 0.4645}, {""uri"": ""http://data.europa.eu/esco/occupation/032d4115-03ec-49c9-853d-678f8a41969b"", ""label"": ""electronic and telecommunications equipment and parts distribution manager"", ""score"": 0.4642}, {""uri"": ""http://data.europa.eu/esco/occupation/d694b54f-208a-4154-9fe1-d3d335992467"", ""label"": ""import export specialist in electronic and telecommunications equipment"", ""score"": 0.4594}]",0.50-0.60,15940,40,test
260925024465,AR - Hospital Billing,ar hospital billing,Omega Healthcare,"revenue cycle management, ar calling, ub04, us healthcare, ar caller, contingency, rcm, management",,,0.5039,0.3333333333333333,"[{""uri"": ""http://data.europa.eu/esco/occupation/92be1fac-97c4-4d4d-ada7-f6aa07d6f316"", ""label"": ""waiting list coordinator"", ""score"": 0.5167}, {""uri"": ""http://data.europa.eu/esco/occupation/a30734bb-2f10-4747-a94c-75f5ec3c63a4"", ""label"": ""hospital porter"", ""score"": 0.5117}, {""uri"": ""http://data.europa.eu/esco/occupation/43d49e27-302b-439d-bce6-86555527edb5"", ""label"": ""healthcare inspector"", ""score"": 0.5039}, {""uri"": ""http://data.europa.eu/esco/occupation/2bdf0696-776c-47e6-9259-6460af224dac"", ""label"": ""meter reader"", ""score"": 0.5008}, {""uri"": ""http://data.europa.eu/esco/occupation/14eb2c85-fce5-40b6-bcd0-46ac99994b0d"", ""label"": ""medical records clerk"", ""score"": 0.5006}, {""uri"": ""http://data.europa.eu/esco/occupation/4a29eab1-5f02-4723-a863-e2d5a0614dfa"", ""label"": ""healthcare institution manager"", ""score"": 0.4944}, {""uri"": ""http://data.europa.eu/esco/occupation/a580e79a-b752-49c1-b033-b5ab2b34bfba"", ""label"": ""specialist dentist"", ""score"": 0.4927}, {""uri"": ""http://data.europa.eu/esco/occupation/2c9939ef-ebab-4111-8f27-605ae8782791"", ""label"": ""contract manager"", ""score"": 0.491}, {""uri"": ""http://data.europa.eu/esco/occupation/9b889f07-c39c-464d-b9d9-b2daa650f9ac"", ""label"": ""specialised doctor"", ""score"": 0.4684}, {""uri"": ""http://data.europa.eu/esco/occupation/068c2787-58ff-468e-bbb6-c4e5dd6ee482"", ""label"": ""actuarial consultant"", ""score"": 0.4518}]",0.50-0.60,15940,40,dev
020125003658,Recruitment Partner - Career Break/Fresher/Remote/Pune!,recruitment partner career break/ / /pune,Seventh Contact Hiring Solutions,"it recruitment, career break, fresher, recruiter, recruitment, human resource, hiring, hr",,,0.5154,1.0,"[{""uri"": ""http://data.europa.eu/esco/occupation/068370e0-9c27-4814-87d0-44fbb3140815"", ""label"": ""recruitment consultant"", ""score"": 0.5617}, {""uri"": ""http://data.europa.eu/esco/occupation/0917ab6b-18a8-4cfd-8e7a-843b88cf9457"", ""label"": ""branch manager"", ""score"": 0.5568}, {""uri"": ""http://data.europa.eu/esco/occupation/e4112a88-973f-4c7a-97f5-2241e6b6833f"", ""label"": ""employment and vocational integration consultant"", ""score"": 0.5236}, {""uri"": ""http://data.europa.eu/esco/occupation/f605bcd2-90b6-45a0-a558-d05016d68a77"", ""label"": ""human resources manager"", ""score"": 0.5154}, {""uri"": ""http://data.europa.eu/esco/occupation/5d0cc30d-068a-424c-8463-f42872a7149e"", ""label"": ""career guidance advisor"", ""score"": 0.5056}, {""uri"": ""http://data.europa.eu/esco/occupation/070e94a8-a933-4557-9b95-fefe7f4f1763"", ""label"": ""public employment service manager"", ""score"": 0.4868}, {""uri"": ""http://data.europa.eu/esco/occupation/30ca97f4-a4fd-4189-a781-ac08f6b09b78"", ""label"": ""call centre analyst"", ""score"": 0.4739}, {""uri"": ""http://data.europa.eu/esco/occupation/d3e32e5e-7f24-48e3-b939-e4f800eb62fb"", ""label"": ""human resources officer"", ""score"": 0.4622}, {""uri"": ""http://data.europa.eu/esco/occupation/f84aae41-28cc-4aa0-a0df-e7c3030516fd"", ""label"": ""dating service consultant"", ""score"": 0.4621}, {""uri"": ""http://data.europa.eu/esco/occupation/65fb0b53-b8c4-4839-b099-c80b6de5a158"", ""label"": ""employment programme coordinator"", ""score"": 0.457}]",0.50-0.60,15940,40,test
230925918358,"Analyst, Client Financial Relations, Ratings",analyst client financial relations ratings,S&P Global Market Intelligence,"sap, customer service, b2b collection, collections, ms office suite, accounts receivable, accounting, sales",,,0.5991,0.0,"[{""uri"": ""http://data.europa.eu/esco/occupation/076d23f3-a689-4f1a-8b55-ae870c9aaa85"", ""label"": ""securities analyst"", ""score"": 0.5991}, {""uri"": ""http://data.europa.eu/esco/occupation/8d586ee9-0ab1-4155-a3b0-2ca786c8e48c"", ""label"": ""financial analyst"", ""score"": 0.5247}, {""uri"": ""http://data.europa.eu/esco/occupation/1e331638-3f66-4641-9c49-56a94235f94c"", ""label"": ""insurance rating analyst"", ""score"": 0.5245}, {""uri"": ""http://data.europa.eu/esco/occupation/50760da6-abc3-424c-b159-8ddf0818e016"", ""label"": ""business valuer"", ""score"": 0.5016}, {""uri"": ""http://data.europa.eu/esco/occupation/b3ce981c-5b32-4de2-8e53-502a6357b2bc"", ""label"": ""credit risk analyst"", ""score"": 0.4939}, {""uri"": ""http://data.europa.eu/esco/occupation/4c715719-3c3f-4058-ba00-9b2ef34848e8"", ""label"": ""investor relations manager"", ""score"": 0.4902}, {""uri"": ""http://data.europa.eu/esco/occupation/1ad59946-d13e-441e-9b36-56e1df055e21"", ""label"": ""financial auditor"", ""score"": 0.4874}, {""uri"": ""http://data.europa.eu/esco/occupation/eda0d957-3c3c-4139-b89a-a18bc9e18897"", ""label"": ""accountant"", ""score"": 0.4825}, {""uri"": ""http://data.europa.eu/esco/occupation/075e4d25-74b3-46fb-9b6e-6b53cdb196e7"", ""label"": ""credit analyst"", ""score"": 0.4823}, {""uri"": ""http://data.europa.eu/esco/occupation/d96de969-d43d-4082-8559-7fc35484a217"", ""label"": ""relationship banking manager"", ""score"": 0.4627}]",0.50-0.60,15940,40,test
011025011736,hiring For international bpo / voice process/ salary upto 5.5lpa,for international bpo / voice process/ salary upto 5.5lpa,The Job Factory,"customer care, customer support, voice support, international voice process, international bpo, handling calls, voice executive, solving queries",,,0.5383,0.0,"[{""uri"": ""http://data.europa.eu/esco/occupation/1fce1be0-bf52-449b-9a2b-3f2cc710290a"", ""label"": ""compensation analyst"", ""score"": 0.5383}, {""uri"": ""http://data.europa.eu/esco/occupation/12142c2c-9b6f-4e4f-8153-f1a51554e4e0"", ""label"": ""import export manager in machinery, industrial equipment, ships and aircraft"", ""score"": 0.514}, {""uri"": ""http://data.europa.eu/esco/occupation/30ca97f4-a4fd-4189-a781-ac08f6b09b78"", ""label"": ""call centre analyst"", ""score"": 0.5048}, {""uri"": ""http://data.europa.eu/esco/occupation/068370e0-9c27-4814-87d0-44fbb3140815"", ""label"": ""recruitment consultant"", ""score"": 0.5006}, {""uri"": ""http://data.europa.eu/esco/occupation/83b30677-6468-4a04-b20c-15daf6bc8fb5"", ""label"": ""import export specialist in computers, peripheral equipment and software"", ""score"": 0.4951}, {""uri"": ""http://data.europa.eu/esco/occupation/ba1e5427-46e0-4b6c-b196-5312d136dd3b"", ""label"": ""import export specialist in mining, construction, civil engineering machinery"", ""score"": 0.4943}, {""uri"": ""http://data.europa.eu/esco/occupation/e4112a88-973f-4c7a-97f5-2241e6b6833f"", ""label"": ""employment and vocational integration consultant"", ""score"": 0.4906}, {""uri"": ""http://data.europa.eu/esco/occupation/1a07bd7d-2e1d-4930-a84a-1a442b8f2a44"", ""label"": ""translator"", ""score"": 0.4894}, {""uri"": ""http://data.europa.eu/esco/occupation/173a882d-0a14-4919-ac1b-23e8ee8273de"", ""label"": ""import export manager in hardware, plumbing and heating equipment and supplies"", ""score"": 0.4884}, {""uri"": ""http://data.europa.eu/esco/occupation/7d9c060a-f280-441d-baf9-7d4a6b520a2a"", ""label"": ""import export manager in computers, computer peripheral equipment and software"", ""score"": 0.4837}]",0.50-0.60,15940,40,dev
230925011938,Opening For API Development,for api development,Tekskills,"api design and development, oracle sql, postgresql, mariadb, api gateway, python, gateways, sql",,,0.5225,0.5,"[{""uri"": ""http://data.europa.eu/esco/occupation/ec5b72d1-0206-4179-9abd-570c66bc44b9"", ""label"": ""e-learning developer"", ""score"": 0.5337}, {""uri"": ""http://data.europa.eu/esco/occupation/bd272aee-adc9-4a06-a15c-a73b4b4a46a7"", ""label"": ""ICT application developer"", ""score"": 0.5314}, {""uri"": ""http://data.europa.eu/esco/occupation/f2b15a0e-e65a-438a-affb-29b9d50b77d1"", ""label"": ""software developer"", ""score"": 0.5314}, {""uri"": ""http://data.europa.eu/esco/occupation/10469d70-78a3-4650-9e29-d04de13c62c1"", ""label"": ""embedded system designer"", ""score"": 0.5233}, {""uri"": ""http://data.europa.eu/esco/occupation/b11e1742-5e28-4270-b081-b0193d85ee7d"", ""label"": ""database developer"", ""score"": 0.5225}, {""uri"": ""http://data.europa.eu/esco/occupation/349ee6f6-c295-4c38-9b98-48765b55280e"", ""label"": ""cloud engineer"", ""score"": 0.5204}, {""uri"": ""http://data.europa.eu/esco/occupation/c40a2919-48a9-40ea-b506-1f34f693496d"", ""label"": ""web developer"", ""score"": 0.52}, {""uri"": ""http://data.europa.eu/esco/occupation/866c7813-2c03-47d7-9bdc-192cfbace57c"", ""label"": ""user interface developer"", ""score"": 0.5112}, {""uri"": ""http://data.europa.eu/esco/occupation/a6517365-211c-456d-aca4-1a0115c7b1e1"", ""label"": ""e-learning architect"", ""score"": 0.5011}, {""uri"": ""http://data.europa.eu/esco/occupation/781a6350-e686-45b9-b075-e4c8d5a05ff7"", ""label"": ""cloud software developer"", ""score"": 0.4983}]",0.50-0.60,15940,40,test
300925503097,Boomi Developer,boomi developer,Idemia Group,"coding, xml, javascript, agile, json, edi, microsoft dynamics, troubleshooting",,,0.5729,0.375,"[{""uri"": ""http://data.europa.eu/esco/occupation/4d102082-8d43-4c59-81ab-08a7509f3c40"", ""label"": ""boom operator"", ""score"": 0.5804}, {""uri"": ""http://data.europa.eu/esco/occupation/2ed56c3f-61d6-4f7e-9ef8-8849eb102e4c"", ""label"": ""mobile application developer"", ""score"": 0.5729}, {""uri"": ""http://data.europa.eu/esco/occupation/b9711647-463f-4991-a858-d5de66ff2f83"", ""label"": ""property developer"", ""score"": 0.571}, {""uri"": ""http://data.europa.eu/esco/occupation/f2b15a0e-e65a-438a-affb-29b9d50b77d1"", ""label"": ""software developer"", ""score"": 0.5687}, {""uri"": ""http://data.europa.eu/esco/occupation/d0aa0792-4345-474b-9365-686cf4869d2e"", ""label"": ""software architect"", ""score"": 0.5686}, {""uri"": ""http://data.europa.eu/esco/occupation/a6517365-211c-456d-aca4-1a0115c7b1e1"", ""label"": ""e-learning architect"", ""score"": 0.5633}, {""uri"": ""http://data.europa.eu/esco/occupation/555235ce-8c45-409b-a6c9-83e69c2d2bce"", ""label"": ""military engineer"", ""score"": 0.5598}, {""uri"": ""http://data.europa.eu/esco/occupation/9f508305-80ce-4111-8722-f2c9b4a44890"", ""label"": ""product manager"", ""score"": 0.5539}, {""uri"": ""http://data.europa.eu/esco/occupation/866c7813-2c03-47d7-9bdc-192cfbace57c"", ""label"": ""user interface developer"", ""score"": 0.5507}, {""uri"": ""http://data.europa.eu/esco/occupation/9ebaf3f0-0be0-47b7-b2b1-b3b04130fa81"", ""label"": ""digital games developer"", ""score"": 0.5485}]",0.50-0.60,15940,40,test
290925920389,Solution Enablement Senior Manager,solution enablement manager,Accenture,"nas, sales, sap basis, sap hana, solution management, sap upgrade, san, project management",,,0.5603,0.5,"[{""uri"": ""http://data.europa.eu/esco/occupation/3b1ea27c-781c-41eb-821f-214285260dd2"", ""label"": ""ICT change and configuration manager"", ""score"": 0.6126}, {""uri"": ""http://data.europa.eu/esco/occupation/1242d99a-47f1-4a62-b884-33746db8a6ca"", ""label"": ""ICT help desk manager"", ""score"": 0.6114}, {""uri"": ""http://data.europa.eu/esco/occupation/60082a99-d8ef-4e84-9290-78902681b6ed"", ""label"": ""business analyst"", ""score"": 0.5879}, {""uri"": ""http://data.europa.eu/esco/occupation/f31f487b-4ce2-40f3-90e8-7d0011b4ef1d"", ""label"": ""software manager"", ""score"": 0.5786}, {""uri"": ""http://data.europa.eu/esco/occupation/dab60fc6-c16e-4de7-b969-b323784f5a49"", ""label"": ""category manager"", ""score"": 0.5734}, {""uri"": ""http://data.europa.eu/esco/occupation/6833077e-e521-4605-bc1a-893f4b3d811c"", ""label"": ""textile product developer"", ""score"": 0.564}, {""uri"": ""http://data.europa.eu/esco/occupation/f2b15a0e-e65a-438a-affb-29b9d50b77d1"", ""label"": ""software developer"", ""score"": 0.5603}, {""uri"": ""http://data.europa.eu/esco/occupation/2bef94db-0088-4507-982a-2ca717529adb"", ""label"": ""enterprise architect"", ""score"": 0.5511}, {""uri"": ""http://data.europa.eu/esco/occupation/456ed487-02f2-45c9-9213-d0fd8e9a069d"", ""label"": ""ICT application configurator"", ""score"": 0.5505}, {""uri"": ""http://data.europa.eu/esco/occupation/bcc2c1db-f969-4355-bebf-4878ff6c2a94"", ""label"": ""service manager"", ""score"": 0.5413}]",0.50-0.60,15940,40,dev
250925010308,Clinical Prior Auth Specialist | Upto 40K Take-Home | Hyderabad,clinical prior auth specialist upto 40k take home hyderabad,Axis Services,"prior authorization, pre auth, clinical review process, us healthcare, prior auth, rcm, review process, healthcare",,,0.5292,0.3333333333333333,"[{""uri"": ""http://data.europa.eu/esco/occupation/9b889f07-c39c-464d-b9d9-b2daa650f9ac"", ""label"": ""specialised doctor"", ""score"": 0.5952}, {""uri"": ""http://data.europa.eu/esco/occupation/b3ebf55f-5e50-4262-946a-f08d7fbe29b2"", ""label"": ""healthcare specialist lecturer"", ""score"": 0.5724}, {""uri"": ""http://data.europa.eu/esco/occupation/aa9c6416-6a17-4e2f-a7c4-6d47c205d480"", ""label"": ""medical goods specialised seller"", ""score"": 0.5533}, {""uri"": ""http://data.europa.eu/esco/occupation/98588703-5f5c-41c6-a240-3411b6518b83"", ""label"": ""import export specialist in pharmaceutical goods"", ""score"": 0.5301}, {""uri"": ""http://data.europa.eu/esco/occupation/d4d6842b-27f0-4222-85db-c542acf6d434"", ""label"": ""public health policy officer"", ""score"": 0.5292}, {""uri"": ""http://data.europa.eu/esco/occupation/0bf5d25a-2b4d-43b5-b053-beeb210fa43a"", ""label"": ""medicine lecturer"", ""score"": 0.5279}, {""uri"": ""http://data.europa.eu/esco/occupation/ab762f91-d737-485f-a85c-67cab92dee01"", ""label"": ""medical sales representative"", ""score"": 0.5268}, {""uri"": ""http://data.europa.eu/esco/occupation/2dcb5dad-1902-4051-9023-d725485479a7"", ""label"": ""acupuncturist"", ""score"": 0.5134}, {""uri"": ""http://data.europa.eu/esco/occupation/1b3e150f-8ec1-47e2-a2ef-d02632efe0d5"", ""label"": ""medical goods shop manager"", ""score"": 0.511}, {""uri"": ""http://data.europa.eu/esco/occupation/55a785db-0636-41b8-950f-0b65abe5e81b"", ""label"": ""pharmacy lecturer"", ""score"": 0.5103}]",0.50-0.60,15940,40,test
250925002401,ServiceNow Process Lead,servicenow process lead,Mindpec Solutions,"servicenow, itsm, process, lead operations",,,0.5135,0.0,"[{""uri"": ""http://data.europa.eu/esco/occupation/bcc2c1db-f969-4355-bebf-4878ff6c2a94"", ""label"": ""service manager"", ""score"": 0.5135}, {""uri"": ""http://data.europa.eu/esco/occupation/3d974e0c-8ed9-47a7-aec2-ebdb34391c87"", ""label"": ""airport baggage handler"", ""score"": 0.5127}, {""uri"": ""http://data.europa.eu/esco/occupation/245be6d1-fe9a-4ac8-9f81-122a687e4724"", ""label"": ""factory hand"", ""score"": 0.483}, {""uri"": ""http://data.europa.eu/esco/occupation/3c136897-4e0e-41ef-bb57-d8152323b93a"", ""label"": ""business service manager"", ""score"": 0.4756}, {""uri"": ""http://data.europa.eu/esco/occupation/461959ed-6a80-4c33-a75e-26aaeb52a5a7"", ""label"": ""drain technician"", ""score"": 0.4709}, {""uri"": ""http://data.europa.eu/esco/occupation/a330b100-e651-4db1-bcf0-e9cbc025c614"", ""label"": ""process officer"", ""score"": 0.4683}, {""uri"": ""http://data.europa.eu/esco/occupation/c22724a3-079c-4897-bd92-d99e068b6ffc"", ""label"": ""pultrusion machine operator"", ""score"": 0.4663}, {""uri"": ""http://data.europa.eu/esco/occupation/30ca97f4-a4fd-4189-a781-ac08f6b09b78"", ""label"": ""call centre analyst"", ""score"": 0.4581}, {""uri"": ""http://data.europa.eu/esco/occupation/0552ff45-b282-455c-b431-fb05a0e00801"", ""label"": ""foundry manager"", ""score"": 0.4541}, {""uri"": ""http://data.europa.eu/esco/occupation/264b00c9-84d0-4dc9-b590-aed2cea2b904"", ""label"": ""vehicle maintenance supervisor"", ""score"": 0.4483}]",0.50-0.60,15940,40,dev
290925017286,Senior Manager- MEP Design- Mechanical,manager mep design mechanical,Godrej Properties,"plumbing design, hvac, firefighting, mechanical design, mep design, hvac design, hvac system, heat load calculation",,,0.5846,0.2857142857142857,"[{""uri"": ""http://data.europa.eu/esco/occupation/c0a35355-be44-44c0-82d2-acf8363ed45e"", ""label"": ""metal product quality control inspector"", ""score"": 0.6014}, {""uri"": ""http://data.europa.eu/esco/occupation/7db415ec-0437-4a5e-95ea-622ea9f13dd0"", ""label"": ""metal production supervisor"", ""score"": 0.6014}, {""uri"": ""http://data.europa.eu/esco/occupation/7f0fe7d3-54c6-41e9-88ba-9d4f0f1a46b4"", ""label"": ""microsystem engineer"", ""score"": 0.5846}, {""uri"": ""http://data.europa.eu/esco/occupation/53be4843-8f31-4645-b25c-9a5bbb04f6b6"", ""label"": ""process engineering technician"", ""score"": 0.5816}, {""uri"": ""http://data.europa.eu/esco/occupation/1a6d1acf-5956-4ba0-95bf-b15b05a02013"", ""label"": ""mechatronics assembler"", ""score"": 0.576}, {""uri"": ""http://data.europa.eu/esco/occupation/187f063b-1002-4d46-9b79-c46b2caedbb3"", ""label"": ""machinery assembly coordinator"", ""score"": 0.5715}, {""uri"": ""http://data.europa.eu/esco/occupation/6426ada1-4d8c-4612-99e3-91bc569805ee"", ""label"": ""manufacturing manager"", ""score"": 0.5538}, {""uri"": ""http://data.europa.eu/esco/occupation/40517ed4-2769-4283-a15b-4b0d939bd2d3"", ""label"": ""production supervisor"", ""score"": 0.5464}, {""uri"": ""http://data.europa.eu/esco/occupation/2cec9e4a-5a37-4cb1-a8b7-2e8d94766417"", ""label"": ""machine operator supervisor"", ""score"": 0.5448}, {""uri"": ""http://data.europa.eu/esco/occupation/d9004a14-bda2-4c63-ab64-17ca163ac1bd"", ""label"": ""parliamentary assistant"", ""score"": 0.5437}]",0.50-0.60,15940,40,test
031025002877,Customer Connect Specialist -Outbound Hindi/Marathi,customer connect specialist outbound hindi/marathi,Altruist Technologies,"outbound, customer support, outbound sales, customer service executive, customer handling, inbound process, bpo, customer service",,,0.5149,0.5,"[{""uri"": ""http://data.europa.eu/esco/occupation/0ededdc2-050a-4ec3-8e70-6295105fcd19"", ""label"": ""call centre agent"", ""score"": 0.5893}, {""uri"": ""http://data.europa.eu/esco/occupation/1a07bd7d-2e1d-4930-a84a-1a442b8f2a44"", ""label"": ""translator"", ""score"": 0.5791}, {""uri"": ""http://data.europa.eu/esco/occupation/903dc1bf-2da8-477d-83b2-687d360cf1da"", ""label"": ""intercultural communication consultant"", ""score"": 0.545}, {""uri"": ""http://data.europa.eu/esco/occupation/83588a0e-b63d-4483-a884-06f1e3a1a4be"", ""label"": ""translation agency manager"", ""score"": 0.5445}, {""uri"": ""http://data.europa.eu/esco/occupation/7d7ea936-a1c6-499d-9aa7-054e943b019b"", ""label"": ""interpretation agency manager"", ""score"": 0.5445}, {""uri"": ""http://data.europa.eu/esco/occupation/6aa78e46-ce22-421f-8a75-e915ac63c9d0"", ""label"": ""call centre supervisor"", ""score"": 0.5436}, {""uri"": ""http://data.europa.eu/esco/occupation/cd7b838c-51f6-41ec-9067-bb974c0f991b"", ""label"": ""communication manager"", ""score"": 0.5326}, {""uri"": ""http://data.europa.eu/esco/occupation/4874fa37-0cd1-4a68-aed8-a838851f242d"", ""label"": ""language engineer"", ""score"": 0.5264}, {""uri"": ""http://data.europa.eu/esco/occupation/9358775a-3769-4327-bf25-6c0d9d69d192"", ""label"": ""travel agency manager"", ""score"": 0.5195}, {""uri"": ""http://data.europa.eu/esco/occupation/580c98d4-fb97-4597-864c-54140f058f1b"", ""label"": ""call centre quality auditor"", ""score"": 0.5149}]",0.50-0.60,15940,40,test
230125021512,Sales Manager - Kotak Bank - CTC up To 5.5 LPA,sales manager kotak bank ctc up to 5.5 lpa,The Albatross,"banking products, sales, saving account, banca, cross sales, bancassurance, loan sales, direct",,,0.5321,0.4,"[{""uri"": ""http://data.europa.eu/esco/occupation/2eac08c2-a81a-46fc-8d75-eb0e0f3e0f6d"", ""label"": ""sales account manager"", ""score"": 0.5615}, {""uri"": ""http://data.europa.eu/esco/occupation/c530b0ee-46f8-40fb-818c-d9b44b891cb9"", ""label"": ""banking products manager"", ""score"": 0.5484}, {""uri"": ""http://data.europa.eu/esco/occupation/5e4d156a-1f05-4b2c-b0f0-5abb82d52ed6"", ""label"": ""bank account manager"", ""score"": 0.5321}, {""uri"": ""http://data.europa.eu/esco/occupation/754ce08f-b4d9-4b9c-b9d2-06f15258a3ce"", ""label"": ""bank manager"", ""score"": 0.5312}, {""uri"": ""http://data.europa.eu/esco/occupation/d2d451cc-e839-4192-be54-d7724814aa03"", ""label"": ""corporate banking adviser"", ""score"": 0.5251}, {""uri"": ""http://data.europa.eu/esco/occupation/c956be07-53a3-4b01-b8f8-f0c5a428eaa8"", ""label"": ""technical sales representative"", ""score"": 0.5192}, {""uri"": ""http://data.europa.eu/esco/occupation/4a13bafa-a2ac-4864-a278-176ea5969280"", ""label"": ""technical sales representative in hardware, plumbing and heating equipment"", ""score"": 0.5186}, {""uri"": ""http://data.europa.eu/esco/occupation/bf2ca3bb-5fa5-41d9-a039-949cad61616d"", ""label"": ""technical sales representative in chemical products"", ""score"": 0.5162}, {""uri"": ""http://data.europa.eu/esco/occupation/14031d4a-6e99-442f-b4fe-18262b6432b2"", ""label"": ""commercial sales representative"", ""score"": 0.5053}, {""uri"": ""http://data.europa.eu/esco/occupation/b6f4573d-659f-49ca-a885-850a48d01913"", ""label"": ""technical sales representative in machinery and industrial equipment"", ""score"": 0.505}]",0.50-0.60,15940,40,dev
300925915936,Business Interlock Senior Analyst,business interlock analyst,Accenture,"business analysis, training, talent development, recruitment, training need analysis, joining formalities, screening, hr generalist activities",,,0.5745,0.16666666666666666,"[{""uri"": ""http://data.europa.eu/esco/occupation/60082a99-d8ef-4e84-9290-78902681b6ed"", ""label"": ""business analyst"", ""score"": 0.5745}, {""uri"": ""http://data.europa.eu/esco/occupation/0ce5a9f4-e00a-4bbe-b255-3c63407167a4"", ""label"": ""cyber incident responder"", ""score"": 0.5567}, {""uri"": ""http://data.europa.eu/esco/occupation/6d03eaef-1ce5-4a1e-bb41-0908e1af1b65"", ""label"": ""occupational analyst"", ""score"": 0.55}, {""uri"": ""http://data.europa.eu/esco/occupation/fe0fa514-b48d-4a53-9757-a283c0baacf0"", ""label"": ""ICT business analyst"", ""score"": 0.5443}, {""uri"": ""http://data.europa.eu/esco/occupation/12ff7f9c-c5b5-4d4a-b585-c350dd1400eb"", ""label"": ""business economics researcher"", ""score"": 0.5439}, {""uri"": ""http://data.europa.eu/esco/occupation/b7f47c25-bdf3-42fa-a68e-ad32754b2dba"", ""label"": ""investment analyst"", ""score"": 0.5381}, {""uri"": ""http://data.europa.eu/esco/occupation/b76178c0-a03a-4793-b079-1e61e636c521"", ""label"": ""business developer"", ""score"": 0.5313}, {""uri"": ""http://data.europa.eu/esco/occupation/102e75c8-3b47-4964-9b47-30a980aed25c"", ""label"": ""ICT disaster recovery analyst"", ""score"": 0.5313}, {""uri"": ""http://data.europa.eu/esco/occupation/207d7b18-6540-432e-8aa6-785ed434572f"", ""label"": ""business intelligence manager"", ""score"": 0.5298}, {""uri"": ""http://data.europa.eu/esco/occupation/aaa485d0-6787-45c0-8596-b266c0b687fd"", ""label"": ""locksmith"", ""score"": 0.5264}]",0.50-0.60,15940,40,dev
240925503626,SAP MM professionals,sap mm professionals,Kannanware Innovations,"procurement, training, sap mm module, inventory management, management, troubleshooting, fico, testing",,,0.5674,0.16666666666666666,"[{""uri"": ""http://data.europa.eu/esco/occupation/53be4843-8f31-4645-b25c-9a5bbb04f6b6"", ""label"": ""process engineering technician"", ""score"": 0.5674}, {""uri"": ""http://data.europa.eu/esco/occupation/6833077e-e521-4605-bc1a-893f4b3d811c"", ""label"": ""textile product developer"", ""score"": 0.5564}, {""uri"": ""http://data.europa.eu/esco/occupation/3c136897-4e0e-41ef-bb57-d8152323b93a"", ""label"": ""business service manager"", ""score"": 0.5526}, {""uri"": ""http://data.europa.eu/esco/occupation/18d2b37a-9c31-4393-833e-bc2f7b1ce52a"", ""label"": ""mergers and acquisitions analyst"", ""score"": 0.5459}, {""uri"": ""http://data.europa.eu/esco/occupation/e5a63940-57d3-4065-8713-74b4e2c93063"", ""label"": ""product and services manager"", ""score"": 0.5277}, {""uri"": ""http://data.europa.eu/esco/occupation/f31f487b-4ce2-40f3-90e8-7d0011b4ef1d"", ""label"": ""software manager"", ""score"": 0.5262}, {""uri"": ""http://data.europa.eu/esco/occupation/4b3201cb-ffc5-4f61-9fc3-5c0f0038fa5f"", ""label"": ""ICT business analysis manager"", ""score"": 0.5191}, {""uri"": ""http://data.europa.eu/esco/occupation/d3e32e5e-7f24-48e3-b939-e4f800eb62fb"", ""label"": ""human resources officer"", ""score"": 0.5159}, {""uri"": ""http://data.europa.eu/esco/occupation/af355ac4-dd89-44df-99a6-bba70202d6fe"", ""label"": ""data entry supervisor"", ""score"": 0.515}, {""uri"": ""http://data.europa.eu/esco/occupation/bcc2c1db-f969-4355-bebf-4878ff6c2a94"", ""label"": ""service manager"", ""score"": 0.5123}]",0.50-0.60,15940,40,dev
260925503730,WIH2-SIC professionals,wih2 sic professionals,Walkaroo International,"analytical skills, production management, interpersonal skills, shop floor management, production control, sap production planning, scheduling, management",,,0.5154,0.0,"[{""uri"": ""http://data.europa.eu/esco/occupation/ec21ce88-ce14-49b6-be0a-cc53cf5a3a67"", ""label"": ""chemical engineer"", ""score"": 0.5154}, {""uri"": ""http://data.europa.eu/esco/occupation/f14194e2-8e7f-4fc9-9c8c-78d9ae2e7284"", ""label"": ""nuclear engineer"", ""score"": 0.5102}, {""uri"": ""http://data.europa.eu/esco/occupation/140613c4-8c3c-43c5-8525-2f63231c95b0"", ""label"": ""semiconductor processor"", ""score"": 0.4814}, {""uri"": ""http://data.europa.eu/esco/occupation/06351e17-67c4-44bc-adf7-64b73f92c3b5"", ""label"": ""metallurgical technician"", ""score"": 0.4763}, {""uri"": ""http://data.europa.eu/esco/occupation/27eb624c-6171-4c71-aa71-bb21e83381d4"", ""label"": ""chemical metallurgist"", ""score"": 0.4755}, {""uri"": ""http://data.europa.eu/esco/occupation/bf2ca3bb-5fa5-41d9-a039-949cad61616d"", ""label"": ""technical sales representative in chemical products"", ""score"": 0.4729}, {""uri"": ""http://data.europa.eu/esco/occupation/dacaa18b-93f6-48b4-b4f2-cb33e21804e7"", ""label"": ""chemical manufacturing quality technician"", ""score"": 0.4694}, {""uri"": ""http://data.europa.eu/esco/occupation/4efee3ed-de09-44c6-bd4a-d9eaafd04683"", ""label"": ""process metallurgist"", ""score"": 0.4685}, {""uri"": ""http://data.europa.eu/esco/occupation/654ce97c-9ed1-4614-bc76-36f4a1f67557"", ""label"": ""synthetic materials engineer"", ""score"": 0.4683}, {""uri"": ""http://data.europa.eu/esco/occupation/1b123879-8f0d-4793-8069-3dc21a08921a"", ""label"": ""chemical application specialist"", ""score"": 0.4617}]",0.50-0.60,15940,40,dev
230925020870,"Need Consultant Urology For Hospital Behror, Rajasthan..",need consultant urology for hospital behror rajasthan,TPS Consultants,"mch urology, dnb urology, dnb urologist, urology, consultant urology, urologist, mch urologist, consultant urologist",,,0.5767,0.5,"[{""uri"": ""http://data.europa.eu/esco/occupation/9b889f07-c39c-464d-b9d9-b2daa650f9ac"", ""label"": ""specialised doctor"", ""score"": 0.5767}, {""uri"": ""http://data.europa.eu/esco/occupation/c766198e-5b9c-4c85-9fef-be27c783ab19"", ""label"": ""tax inspector"", ""score"": 0.5378}, {""uri"": ""http://data.europa.eu/esco/occupation/b3e459a2-0103-4182-8882-c255d474a7ff"", ""label"": ""tax policy analyst"", ""score"": 0.5378}, {""uri"": ""http://data.europa.eu/esco/occupation/36494988-69d2-4420-9db4-eb56605ac983"", ""label"": ""advanced nurse practitioner"", ""score"": 0.5284}, {""uri"": ""http://data.europa.eu/esco/occupation/b3ebf55f-5e50-4262-946a-f08d7fbe29b2"", ""label"": ""healthcare specialist lecturer"", ""score"": 0.5271}, {""uri"": ""http://data.europa.eu/esco/occupation/ceda6443-e1dd-4890-b018-42318e3abac2"", ""label"": ""sophrologist"", ""score"": 0.5139}, {""uri"": ""http://data.europa.eu/esco/occupation/61053604-8091-4a8e-9c63-5151051722e3"", ""label"": ""healthcare consultant"", ""score"": 0.4996}, {""uri"": ""http://data.europa.eu/esco/occupation/068370e0-9c27-4814-87d0-44fbb3140815"", ""label"": ""recruitment consultant"", ""score"": 0.4984}, {""uri"": ""http://data.europa.eu/esco/occupation/cf9b6da9-3a59-4780-bec9-500b148b8878"", ""label"": ""podiatrist"", ""score"": 0.4976}, {""uri"": ""http://data.europa.eu/esco/occupation/0bf5d25a-2b4d-43b5-b053-beeb210fa43a"", ""label"": ""medicine lecturer"", ""score"": 0.4854}]",0.50-0.60,15940,40,test
230925011883,Glaucoma Surgeon(Ophthalmologist)-Ranchi,glaucoma surgeon ranchi,ASG Eye Hospital,"phaco surgeon, glaucoma, cataract surgeon, consultant ophthalmologist, senior ophthalmologist, sr. cataract surgeon, ophthalmology, phaco",,,0.5436,0.0,"[{""uri"": ""http://data.europa.eu/esco/occupation/6e0e068b-cd5c-4400-8899-54056087fa14"", ""label"": ""optician"", ""score"": 0.5436}, {""uri"": ""http://data.europa.eu/esco/occupation/bffbe18a-cb8b-4f90-bd87-7505cd3b16f5"", ""label"": ""optometrist"", ""score"": 0.5035}, {""uri"": ""http://data.europa.eu/esco/occupation/0c041d1e-1841-4acb-b0a1-2c387a61bf65"", ""label"": ""doctors' surgery assistant"", ""score"": 0.4941}, {""uri"": ""http://data.europa.eu/esco/occupation/1084e2d6-b153-4090-8065-c9231f71d4f0"", ""label"": ""optical technician"", ""score"": 0.4674}, {""uri"": ""http://data.europa.eu/esco/occupation/2ada3e89-9159-49e7-88f7-4dd435fd95ac"", ""label"": ""optical instrument repairer"", ""score"": 0.4632}, {""uri"": ""http://data.europa.eu/esco/occupation/f87779ae-7389-44e7-b155-16e87904857e"", ""label"": ""gemmologist"", ""score"": 0.4549}, {""uri"": ""http://data.europa.eu/esco/occupation/56a535ff-189b-45da-97d4-775f78744f83"", ""label"": ""eyewear and optical equipment specialised seller"", ""score"": 0.4417}, {""uri"": ""http://data.europa.eu/esco/occupation/08984bec-31d8-4bb0-aa2f-d557761ff029"", ""label"": ""specialised veterinarian"", ""score"": 0.4345}, {""uri"": ""http://data.europa.eu/esco/occupation/5ee264b2-9bc5-40f6-9db3-c87143af6b2d"", ""label"": ""phlebotomist"", ""score"": 0.4262}, {""uri"": ""http://data.europa.eu/esco/occupation/771244bf-b204-4e7f-8b25-ee523ae7b791"", ""label"": ""orthoptist"", ""score"": 0.4243}]",0.50-0.60,15940,40,test
290925923507,Application Lead,application lead,Accenture,"sap, sap fi, accounting, sap fiori, financial accounting, workday functional, accounts receivable, accounts payable",,,0.5625,0.0,"[{""uri"": ""http://data.europa.eu/esco/occupation/73856e9e-eca2-44c2-bb3c-aaedf4b25979"", ""label"": ""insurance product manager"", ""score"": 0.5625}, {""uri"": ""http://data.europa.eu/esco/occupation/42a96d07-1e1d-49ae-9399-c1f4be27ddea"", ""label"": ""employment agent"", ""score"": 0.533}, {""uri"": ""http://data.europa.eu/esco/occupation/068370e0-9c27-4814-87d0-44fbb3140815"", ""label"": ""recruitment consultant"", ""score"": 0.533}, {""uri"": ""http://data.europa.eu/esco/occupation/1fce1be0-bf52-449b-9a2b-3f2cc710290a"", ""label"": ""compensation analyst"", ""score"": 0.5275}, {""uri"": ""http://data.europa.eu/esco/occupation/1f5932eb-b36d-44e1-a063-7aa9e228af51"", ""label"": ""foster care support worker"", ""score"": 0.5224}, {""uri"": ""http://data.europa.eu/esco/occupation/e4112a88-973f-4c7a-97f5-2241e6b6833f"", ""label"": ""employment and vocational integration consultant"", ""score"": 0.4998}, {""uri"": ""http://data.europa.eu/esco/occupation/65fb0b53-b8c4-4839-b099-c80b6de5a158"", ""label"": ""employment programme coordinator"", ""score"": 0.4915}, {""uri"": ""http://data.europa.eu/esco/occupation/a9b20949-897b-481f-8642-d1f69263baff"", ""label"": ""industrial maintenance supervisor"", ""score"": 0.4907}, {""uri"": ""http://data.europa.eu/esco/occupation/9f1d546b-1b4e-4b64-97e8-600fc502304b"", ""label"": ""innovation officer"", ""score"": 0.4889}, {""uri"": ""http://data.europa.eu/esco/occupation/9af8907f-56a7-4170-83b1-3c6ba0997cfa"", ""label"": ""geographic information systems specialist"", ""score"": 0.4885}]",0.50-0.60,15940,40,test
031025006958,"Hirring For Automation Tester (Selenium, JAVA) - Salary 8LPA",hirring for automation tester salary 8lpa,KVC CONSULTANTS LTD,"automation testing, java selenium, selenium java, soap and rest api, agile testing, bdd framework, cucumber framework, qa testing",,,0.5621,0.25,"[{""uri"": ""http://data.europa.eu/esco/occupation/bb609566-3ab6-44dd-8f48-cf0b15b96827"", ""label"": ""automation engineer"", ""score"": 0.5998}, {""uri"": ""http://data.europa.eu/esco/occupation/5791a961-4717-4230-a245-a4082a675f04"", ""label"": ""automation engineering technician"", ""score"": 0.5852}, {""uri"": ""http://data.europa.eu/esco/occupation/2296fa07-98ae-4875-b18d-96ed86134ffb"", ""label"": ""electronic equipment inspector"", ""score"": 0.5621}, {""uri"": ""http://data.europa.eu/esco/occupation/1c25fdb4-c6e2-4118-99a5-519e9657a2bd"", ""label"": ""electrical equipment inspector"", ""score"": 0.5581}, {""uri"": ""http://data.europa.eu/esco/occupation/551a6797-3ca9-41fc-9dca-9a982a8fd8a6"", ""label"": ""robotics engineer"", ""score"": 0.5552}, {""uri"": ""http://data.europa.eu/esco/occupation/7833d5cd-873d-4fdd-b2f8-9762d68494a7"", ""label"": ""robotics engineering technician"", ""score"": 0.545}, {""uri"": ""http://data.europa.eu/esco/occupation/b2cac4bc-abb7-41b3-a515-2ad006b8ebf6"", ""label"": ""control panel tester"", ""score"": 0.5405}, {""uri"": ""http://data.europa.eu/esco/occupation/295dbed9-0330-42af-8650-f9296c6eb195"", ""label"": ""automotive test driver"", ""score"": 0.5377}, {""uri"": ""http://data.europa.eu/esco/occupation/dbc88790-a8c1-4dc4-9507-8f9dcff9c990"", ""label"": ""engine designer"", ""score"": 0.5283}, {""uri"": ""http://data.europa.eu/esco/occupation/d9ab0f3d-078d-42a7-a502-3e739e0aeff6"", ""label"": ""avionics technician"", ""score"": 0.5257}]",0.50-0.60,15940,40,dev
240625017352,Oracle Revenue Management Cloud Consultant,oracle revenue management cloud consultant,Tata Consultancy Services,"oracle cloud, revenue management, oracle erp, oracle revenue management, revenue, erp, cloud, consulting",,,0.5769,0.25,"[{""uri"": ""http://data.europa.eu/esco/occupation/2fb96c6c-8d0b-4ef0-b1ee-3e493305e4eb"", ""label"": ""cloud architect"", ""score"": 0.6469}, {""uri"": ""http://data.europa.eu/esco/occupation/781a6350-e686-45b9-b075-e4c8d5a05ff7"", ""label"": ""cloud software developer"", ""score"": 0.6417}, {""uri"": ""http://data.europa.eu/esco/occupation/002da35b-7808-43f3-83bf-63596b8b351f"", ""label"": ""hospitality revenue manager"", ""score"": 0.5769}, {""uri"": ""http://data.europa.eu/esco/occupation/50a66df6-c141-4b4a-937a-d3bc55737ae3"", ""label"": ""debt collector"", ""score"": 0.5651}, {""uri"": ""http://data.europa.eu/esco/occupation/a520fba4-2a29-43a0-bfd5-43892306501d"", ""label"": ""building information modelling consultant"", ""score"": 0.5422}, {""uri"": ""http://data.europa.eu/esco/occupation/207d7b18-6540-432e-8aa6-785ed434572f"", ""label"": ""business intelligence manager"", ""score"": 0.5412}, {""uri"": ""http://data.europa.eu/esco/occupation/580c98d4-fb97-4597-864c-54140f058f1b"", ""label"": ""call centre quality auditor"", ""score"": 0.5298}, {""uri"": ""http://data.europa.eu/esco/occupation/4a39fddb-17e7-4431-be03-613edab8d1c8"", ""label"": ""tax compliance officer"", ""score"": 0.5266}, {""uri"": ""http://data.europa.eu/esco/occupation/4b3201cb-ffc5-4f61-9fc3-5c0f0038fa5f"", ""label"": ""ICT business analysis manager"", ""score"": 0.5198}, {""uri"": ""http://data.europa.eu/esco/occupation/50760da6-abc3-424c-b159-8ddf0818e016"", ""label"": ""business valuer"", ""score"": 0.5157}]",0.50-0.60,15940,40,test
290925924583,Application Lead,application lead,Accenture,"net fullstack, fullstack development, software development, design patterns, web application framework, c#, cloud services, oracle",,,0.5625,0.0,"[{""uri"": ""http://data.europa.eu/esco/occupation/73856e9e-eca2-44c2-bb3c-aaedf4b25979"", ""label"": ""insurance product manager"", ""score"": 0.5625}, {""uri"": ""http://data.europa.eu/esco/occupation/42a96d07-1e1d-49ae-9399-c1f4be27ddea"", ""label"": ""employment agent"", ""score"": 0.533}, {""uri"": ""http://data.europa.eu/esco/occupation/068370e0-9c27-4814-87d0-44fbb3140815"", ""label"": ""recruitment consultant"", ""score"": 0.533}, {""uri"": ""http://data.europa.eu/esco/occupation/1fce1be0-bf52-449b-9a2b-3f2cc710290a"", ""label"": ""compensation analyst"", ""score"": 0.5275}, {""uri"": ""http://data.europa.eu/esco/occupation/1f5932eb-b36d-44e1-a063-7aa9e228af51"", ""label"": ""foster care support worker"", ""score"": 0.5224}, {""uri"": ""http://data.europa.eu/esco/occupation/e4112a88-973f-4c7a-97f5-2241e6b6833f"", ""label"": ""employment and vocational integration consultant"", ""score"": 0.4998}, {""uri"": ""http://data.europa.eu/esco/occupation/65fb0b53-b8c4-4839-b099-c80b6de5a158"", ""label"": ""employment programme coordinator"", ""score"": 0.4915}, {""uri"": ""http://data.europa.eu/esco/occupation/a9b20949-897b-481f-8642-d1f69263baff"", ""label"": ""industrial maintenance supervisor"", ""score"": 0.4907}, {""uri"": ""http://data.europa.eu/esco/occupation/9f1d546b-1b4e-4b64-97e8-600fc502304b"", ""label"": ""innovation officer"", ""score"": 0.4889}, {""uri"": ""http://data.europa.eu/esco/occupation/9af8907f-56a7-4170-83b1-3c6ba0997cfa"", ""label"": ""geographic information systems specialist"", ""score"": 0.4885}]",0.50-0.60,15940,40,test
260925918819,Windows/Azure Migration Engineer,windows/azure migration engineer,Talent21,"azure active directory, windows azure migration, azure vm, azure migration, azure site recovery, recovery, microsoft windows, vm",,,0.5132,0.5,"[{""uri"": ""http://data.europa.eu/esco/occupation/349ee6f6-c295-4c38-9b98-48765b55280e"", ""label"": ""cloud engineer"", ""score"": 0.5132}, {""uri"": ""http://data.europa.eu/esco/occupation/cc867bee-ab5c-427f-9244-f7a204d9574b"", ""label"": ""cloud DevOps engineer"", ""score"": 0.498}, {""uri"": ""http://data.europa.eu/esco/occupation/781a6350-e686-45b9-b075-e4c8d5a05ff7"", ""label"": ""cloud software developer"", ""score"": 0.4773}, {""uri"": ""http://data.europa.eu/esco/occupation/f57eb0cb-e67a-419c-9b7b-4abd811b7e2f"", ""label"": ""move coordinator"", ""score"": 0.4644}, {""uri"": ""http://data.europa.eu/esco/occupation/cc325a8f-702e-4bf0-893f-5b5d456475ad"", ""label"": ""cloud identity manager"", ""score"": 0.455}, {""uri"": ""http://data.europa.eu/esco/occupation/2fb96c6c-8d0b-4ef0-b1ee-3e493305e4eb"", ""label"": ""cloud architect"", ""score"": 0.4535}, {""uri"": ""http://data.europa.eu/esco/occupation/8f928d49-da89-4d07-9123-2151a4d276d4"", ""label"": ""move manager"", ""score"": 0.4531}, {""uri"": ""http://data.europa.eu/esco/occupation/719f101d-1866-49d3-8d5c-2256f606a8b9"", ""label"": ""digital transformation manager"", ""score"": 0.4201}, {""uri"": ""http://data.europa.eu/esco/occupation/2bef94db-0088-4507-982a-2ca717529adb"", ""label"": ""enterprise architect"", ""score"": 0.4034}, {""uri"": ""http://data.europa.eu/esco/occupation/42381741-f3a7-4b26-b35c-da6fad9f1cfd"", ""label"": ""product development engineering technician"", ""score"": 0.3985}]",0.50-0.60,15940,40,test
230825012274,Hiring HR Recruiter - NON -IT - WFH - Only Female Candidates,human resources recruiter non it only female candidates,Vibgyor Concepts,"non it recruitment, hr, recruitment, bulk hiring, recruiter, volume hiring, hiring, job posting",,,0.587,1.0,"[{""uri"": ""http://data.europa.eu/esco/occupation/068370e0-9c27-4814-87d0-44fbb3140815"", ""label"": ""recruitment consultant"", ""score"": 0.651}, {""uri"": ""http://data.europa.eu/esco/occupation/d3e32e5e-7f24-48e3-b939-e4f800eb62fb"", ""label"": ""human resources officer"", ""score"": 0.6201}, {""uri"": ""http://data.europa.eu/esco/occupation/f605bcd2-90b6-45a0-a558-d05016d68a77"", ""label"": ""human resources manager"", ""score"": 0.587}, {""uri"": ""http://data.europa.eu/esco/occupation/7843a4c6-a9f6-4095-94b9-45b384d4bd57"", ""label"": ""market research interviewer"", ""score"": 0.5705}, {""uri"": ""http://data.europa.eu/esco/occupation/0917ab6b-18a8-4cfd-8e7a-843b88cf9457"", ""label"": ""branch manager"", ""score"": 0.5649}, {""uri"": ""http://data.europa.eu/esco/occupation/4f2f2539-3e38-4393-9dac-a9a48af7cd32"", ""label"": ""casting director"", ""score"": 0.5304}, {""uri"": ""http://data.europa.eu/esco/occupation/a6e8a6bf-9209-4d19-a131-a8b6431e0f75"", ""label"": ""talent acquisition manager"", ""score"": 0.5115}, {""uri"": ""http://data.europa.eu/esco/occupation/f84aae41-28cc-4aa0-a0df-e7c3030516fd"", ""label"": ""dating service consultant"", ""score"": 0.4997}, {""uri"": ""http://data.europa.eu/esco/occupation/42a96d07-1e1d-49ae-9399-c1f4be27ddea"", ""label"": ""employment agent"", ""score"": 0.4937}, {""uri"": ""http://data.europa.eu/esco/occupation/d8ed1703-9c03-4ea0-83cc-b6169bc54ffd"", ""label"": ""human resources assistant"", ""score"": 0.4922}]",0.50-0.60,15940,40,test
250725028215,International customer service executive - UK Shifts Gurugram,international customer service executive uk shifts gurugram,Success Stories,"inbound process, excellent communication in english, international voice process, blended process, handling customer queries, customer service, solving queries, cse",,,0.5103,0.5,"[{""uri"": ""http://data.europa.eu/esco/occupation/56fa783a-cca4-42ef-8862-1fb6e43f215c"", ""label"": ""international forwarding operations coordinator"", ""score"": 0.5427}, {""uri"": ""http://data.europa.eu/esco/occupation/9358775a-3769-4327-bf25-6c0d9d69d192"", ""label"": ""travel agency manager"", ""score"": 0.5322}, {""uri"": ""http://data.europa.eu/esco/occupation/6aa78e46-ce22-421f-8a75-e915ac63c9d0"", ""label"": ""call centre supervisor"", ""score"": 0.5149}, {""uri"": ""http://data.europa.eu/esco/occupation/dd25a2b0-add0-4ae2-bd85-bb644e0d0c39"", ""label"": ""call centre manager"", ""score"": 0.5103}, {""uri"": ""http://data.europa.eu/esco/occupation/0ededdc2-050a-4ec3-8e70-6295105fcd19"", ""label"": ""call centre agent"", ""score"": 0.5011}, {""uri"": ""http://data.europa.eu/esco/occupation/f57eb0cb-e67a-419c-9b7b-4abd811b7e2f"", ""label"": ""move coordinator"", ""score"": 0.499}, {""uri"": ""http://data.europa.eu/esco/occupation/b7b75eb6-34bc-462d-b412-eed393cc1397"", ""label"": ""customer contact centre information clerk"", ""score"": 0.4944}, {""uri"": ""http://data.europa.eu/esco/occupation/9d2aae3e-cbfe-409f-86cc-7cef9cd0435a"", ""label"": ""contact centre supervisor"", ""score"": 0.4892}, {""uri"": ""http://data.europa.eu/esco/occupation/f5166c6b-3467-4fc4-9343-d12e870d9def"", ""label"": ""contact centre manager"", ""score"": 0.4843}, {""uri"": ""http://data.europa.eu/esco/occupation/070e94a8-a933-4557-9b95-fefe7f4f1763"", ""label"": ""public employment service manager"", ""score"": 0.483}]",0.50-0.60,15940,40,dev
240925932412,Java Full Stack Developer,java full stack developer,Wenger & Watson,"java, ci/cd, spring boot, java fullstack, react.js, angular, sql, full stack",,,0.5604,0.16666666666666666,"[{""uri"": ""http://data.europa.eu/esco/occupation/f2b15a0e-e65a-438a-affb-29b9d50b77d1"", ""label"": ""software developer"", ""score"": 0.5604}, {""uri"": ""http://data.europa.eu/esco/occupation/10469d70-78a3-4650-9e29-d04de13c62c1"", ""label"": ""embedded system designer"", ""score"": 0.5574}, {""uri"": ""http://data.europa.eu/esco/occupation/bd272aee-adc9-4a06-a15c-a73b4b4a46a7"", ""label"": ""ICT application developer"", ""score"": 0.5529}, {""uri"": ""http://data.europa.eu/esco/occupation/a7c1d23d-aeca-4bee-9a08-5993ed98b135"", ""label"": ""ICT system developer"", ""score"": 0.5527}, {""uri"": ""http://data.europa.eu/esco/occupation/bb6198c4-1d3e-40b9-9cc4-ad2dd9d7c74b"", ""label"": ""industrial mobile devices software developer"", ""score"": 0.5511}, {""uri"": ""http://data.europa.eu/esco/occupation/57af9090-55b4-4911-b2d0-86db01c00b02"", ""label"": ""embedded systems software developer"", ""score"": 0.541}, {""uri"": ""http://data.europa.eu/esco/occupation/a6517365-211c-456d-aca4-1a0115c7b1e1"", ""label"": ""e-learning architect"", ""score"": 0.5401}, {""uri"": ""http://data.europa.eu/esco/occupation/866c7813-2c03-47d7-9bdc-192cfbace57c"", ""label"": ""user interface developer"", ""score"": 0.5317}, {""uri"": ""http://data.europa.eu/esco/occupation/24161923-e3e6-4096-b377-f1ee8a7ea31b"", ""label"": ""satellite engineer"", ""score"": 0.5282}, {""uri"": ""http://data.europa.eu/esco/occupation/04ba4d6c-957d-417f-bf63-5b9e015a9f86"", ""label"": ""software analyst"", ""score"": 0.5247}]",0.50-0.60,15940,40,dev
011025501193,AM - Training & Quality,am training & quality,Swiggy,"training, qa, quality standards, analytical, packaging, wellness, event planning, continuous improvement",,,0.5726,0.16666666666666666,"[{""uri"": ""http://data.europa.eu/esco/occupation/b12b14fd-5b74-40c6-afd9-dd35b34e27ed"", ""label"": ""industrial assembly supervisor"", ""score"": 0.5726}, {""uri"": ""http://data.europa.eu/esco/occupation/1f8967ce-9faa-4d56-a656-50e041f7d07e"", ""label"": ""leather goods quality manager"", ""score"": 0.5726}, {""uri"": ""http://data.europa.eu/esco/occupation/a14e96a7-6c4d-4d69-8c6f-7ccadf77bac5"", ""label"": ""corporate training manager"", ""score"": 0.5255}, {""uri"": ""http://data.europa.eu/esco/occupation/998a0bf4-b1be-42ab-aee5-0096c9be3319"", ""label"": ""quality engineering technician"", ""score"": 0.5151}, {""uri"": ""http://data.europa.eu/esco/occupation/d3e32e5e-7f24-48e3-b939-e4f800eb62fb"", ""label"": ""human resources officer"", ""score"": 0.5068}, {""uri"": ""http://data.europa.eu/esco/occupation/fdb16700-109e-4d02-949e-3213f278df93"", ""label"": ""industrial quality manager"", ""score"": 0.5058}, {""uri"": ""http://data.europa.eu/esco/occupation/109e0a5d-203d-4af6-8f70-692111335ec3"", ""label"": ""quality services manager"", ""score"": 0.4959}, {""uri"": ""http://data.europa.eu/esco/occupation/745c8bb3-b50b-4380-9377-1b68a6576986"", ""label"": ""textile process controller"", ""score"": 0.4959}, {""uri"": ""http://data.europa.eu/esco/occupation/a28dff76-74df-46ee-929f-d1fffbb63cd7"", ""label"": ""ICT quality assurance manager"", ""score"": 0.4867}, {""uri"": ""http://data.europa.eu/esco/occupation/2412bbb1-29ca-4e17-a2b8-70694f0cb14f"", ""label"": ""educational counsellor"", ""score"": 0.4789}]",0.50-0.60,15940,40,dev
230925500581,Bluetooth (BT) Developer,bluetooth developer,Univision Technology Consulting,"infotainment, c++, bluetooth, linux, log analysis, test cases, high level design, middleware",,,0.5894,0.08333333333333333,"[{""uri"": ""http://data.europa.eu/esco/occupation/bb6198c4-1d3e-40b9-9cc4-ad2dd9d7c74b"", ""label"": ""industrial mobile devices software developer"", ""score"": 0.5894}, {""uri"": ""http://data.europa.eu/esco/occupation/10469d70-78a3-4650-9e29-d04de13c62c1"", ""label"": ""embedded system designer"", ""score"": 0.5541}, {""uri"": ""http://data.europa.eu/esco/occupation/57af9090-55b4-4911-b2d0-86db01c00b02"", ""label"": ""embedded systems software developer"", ""score"": 0.5286}, {""uri"": ""http://data.europa.eu/esco/occupation/6ce5f7e3-a534-4aa2-ab23-255408ddb53a"", ""label"": ""IoT developer"", ""score"": 0.5277}, {""uri"": ""http://data.europa.eu/esco/occupation/b37d15b3-402e-4792-8292-f18c0de7aca6"", ""label"": ""mobile devices technician"", ""score"": 0.5195}, {""uri"": ""http://data.europa.eu/esco/occupation/2ed56c3f-61d6-4f7e-9ef8-8849eb102e4c"", ""label"": ""mobile application developer"", ""score"": 0.5025}, {""uri"": ""http://data.europa.eu/esco/occupation/2ef000b1-8058-4e5a-9646-c5d4e7dbfdae"", ""label"": ""communication infrastructure maintainer"", ""score"": 0.4827}, {""uri"": ""http://data.europa.eu/esco/occupation/716df735-77eb-47c8-8c06-d86e46903989"", ""label"": ""smart home engineer"", ""score"": 0.4696}, {""uri"": ""http://data.europa.eu/esco/occupation/8bc48c43-d976-458a-9e3c-ee784572351d"", ""label"": ""industrial tool design engineer"", ""score"": 0.4554}, {""uri"": ""http://data.europa.eu/esco/occupation/d5a43cd3-230e-46d0-ba05-d67d61e5cfbb"", ""label"": ""digital media designer"", ""score"": 0.4513}]",0.50-0.60,15940,40,dev
240925007912,We are hiring Lab technician- Bengaluru,we are lab technician bengaluru,Dr Lal PathLabs,"mlt, diagnostics, hematology, typing speed, blood bank, biochemistry, lab technician, bmlt",,,0.5501,0.21428571428571427,"[{""uri"": ""http://data.europa.eu/esco/occupation/4fef1907-cf82-413b-841a-02ef57e299a6"", ""label"": ""scientific laboratory technician"", ""score"": 0.5501}, {""uri"": ""http://data.europa.eu/esco/occupation/0da75680-fbf9-44d8-802a-ac12eb425a34"", ""label"": ""biotechnical technician"", ""score"": 0.505}, {""uri"": ""http://data.europa.eu/esco/occupation/734bb387-ea3a-4c62-abc1-05f894d51921"", ""label"": ""medical laboratory technology vocational teacher"", ""score"": 0.5004}, {""uri"": ""http://data.europa.eu/esco/occupation/f3b99acc-b212-45cf-bb4f-7b83cc6f0d71"", ""label"": ""bacteriology technician"", ""score"": 0.4924}, {""uri"": ""http://data.europa.eu/esco/occupation/f4de7e28-ca67-46cd-b760-30e02b3aa83b"", ""label"": ""medical laboratory manager"", ""score"": 0.4923}, {""uri"": ""http://data.europa.eu/esco/occupation/0663da10-e42c-41e8-992c-07d00ac97bea"", ""label"": ""textile quality technician"", ""score"": 0.4837}, {""uri"": ""http://data.europa.eu/esco/occupation/2e8820ba-5b2d-4572-92a1-942dbd02a6d6"", ""label"": ""biomedical scientist"", ""score"": 0.4832}, {""uri"": ""http://data.europa.eu/esco/occupation/87775d69-ae88-449e-ad71-6f9875711816"", ""label"": ""chemistry technician"", ""score"": 0.4803}, {""uri"": ""http://data.europa.eu/esco/occupation/95324a4a-a5ea-4d89-8ede-4422ccb46a28"", ""label"": ""biochemistry technician"", ""score"": 0.48}, {""uri"": ""http://data.europa.eu/esco/occupation/4a5b3686-eea4-4ba0-b446-33f7b6a95aed"", ""label"": ""anatomical pathology technician"", ""score"": 0.479}]",0.50-0.60,15940,40,test
011025917278,Cluster Manager,cluster manager,PRO Hr Complete Solutions,"insurance sales, agriculture, sales, insurance, clustering, cluster management, management",,,0.531,0.16666666666666666,"[{""uri"": ""http://data.europa.eu/esco/occupation/9f12704c-5e6c-47b0-a866-3b92663e6a4b"", ""label"": ""resource manager"", ""score"": 0.5879}, {""uri"": ""http://data.europa.eu/esco/occupation/8b6388a4-4904-471b-9331-d3b1211f5525"", ""label"": ""ICT project manager"", ""score"": 0.5731}, {""uri"": ""http://data.europa.eu/esco/occupation/df66a6e6-2130-4932-8aaf-263dafa569fa"", ""label"": ""mine production manager"", ""score"": 0.5571}, {""uri"": ""http://data.europa.eu/esco/occupation/eda6cb5e-c27a-4661-b536-eadeb387dee3"", ""label"": ""bicycle shop manager"", ""score"": 0.5347}, {""uri"": ""http://data.europa.eu/esco/occupation/eb9479c6-5fdf-4f45-ace4-28b547b8c7e5"", ""label"": ""industrial production manager"", ""score"": 0.5346}, {""uri"": ""http://data.europa.eu/esco/occupation/5fd69ee2-2042-4280-85e1-8f1462886987"", ""label"": ""mine development engineer"", ""score"": 0.5326}, {""uri"": ""http://data.europa.eu/esco/occupation/8c57af09-719c-42b3-be40-6ed4946236cc"", ""label"": ""database administrator"", ""score"": 0.531}, {""uri"": ""http://data.europa.eu/esco/occupation/03632d98-0ae3-4dd2-941c-3b48de9a0219"", ""label"": ""performance production manager"", ""score"": 0.5171}, {""uri"": ""http://data.europa.eu/esco/occupation/bcc2c1db-f969-4355-bebf-4878ff6c2a94"", ""label"": ""service manager"", ""score"": 0.5154}, {""uri"": ""http://data.europa.eu/esco/occupation/107d21c6-973b-411c-89fd-69da48d29ada"", ""label"": ""mine manager"", ""score"": 0.5112}]",0.50-0.60,15940,40,test
300925917004,"Quality Head-Casting , Aluminium Die Casting , Khed City,Pune",quality head casting aluminium die casting khed city pune,HR Innovation Group,"iso, iatf, casting, qms, plant quality, npd, machining, gdc",,,0.5135,0.16666666666666666,"[{""uri"": ""http://data.europa.eu/esco/occupation/af2f3615-63ab-44dc-957d-c9660410d336"", ""label"": ""metal products assembler"", ""score"": 0.5569}, {""uri"": ""http://data.europa.eu/esco/occupation/2a8d6b4c-661d-4620-8f68-2c99e78f512e"", ""label"": ""casting mould maker"", ""score"": 0.5309}, {""uri"": ""http://data.europa.eu/esco/occupation/599c2ce9-0e1b-4f63-9d65-1f19b3847efb"", ""label"": ""forge equipment technician"", ""score"": 0.5285}, {""uri"": ""http://data.europa.eu/esco/occupation/bc61e0de-2d72-471c-90c1-a9fe371020f9"", ""label"": ""mechanical forging press worker"", ""score"": 0.5135}, {""uri"": ""http://data.europa.eu/esco/occupation/c0a35355-be44-44c0-82d2-acf8363ed45e"", ""label"": ""metal product quality control inspector"", ""score"": 0.5076}, {""uri"": ""http://data.europa.eu/esco/occupation/5318abf2-2e7b-4d09-ae57-6bd500689ebc"", ""label"": ""mouldmaker"", ""score"": 0.5013}, {""uri"": ""http://data.europa.eu/esco/occupation/066fe11d-10e4-4fec-bd27-3e78797500b9"", ""label"": ""enameller"", ""score"": 0.4943}, {""uri"": ""http://data.europa.eu/esco/occupation/dc14bed4-87ca-4e6c-9f69-458e2689d2d6"", ""label"": ""foundry operative"", ""score"": 0.492}, {""uri"": ""http://data.europa.eu/esco/occupation/25206eaa-04da-4fd6-bac7-173d7eb142dc"", ""label"": ""casting machine operator"", ""score"": 0.492}, {""uri"": ""http://data.europa.eu/esco/occupation/c5902c47-0c2e-45aa-94dd-951ad641449c"", ""label"": ""foundry moulder"", ""score"": 0.4868}]",0.50-0.60,15940,40,dev
240925026395,Global BPO Opportunity |Voice Support | Freshers & Experienced Welcome,global bpo opportunity voice support & experienced welcome,JobShop,"bpo, customer service, voice process, bpo voice, international voice process, international call center, aus shift, us sales",,,0.5711,0.3333333333333333,"[{""uri"": ""http://data.europa.eu/esco/occupation/6a29d804-f775-446c-bec7-35fc4e28ac97"", ""label"": ""business consultant"", ""score"": 0.5748}, {""uri"": ""http://data.europa.eu/esco/occupation/30ca97f4-a4fd-4189-a781-ac08f6b09b78"", ""label"": ""call centre analyst"", ""score"": 0.5711}, {""uri"": ""http://data.europa.eu/esco/occupation/a330b100-e651-4db1-bcf0-e9cbc025c614"", ""label"": ""process officer"", ""score"": 0.5675}, {""uri"": ""http://data.europa.eu/esco/occupation/fe0fa514-b48d-4a53-9757-a283c0baacf0"", ""label"": ""ICT business analyst"", ""score"": 0.5674}, {""uri"": ""http://data.europa.eu/esco/occupation/3c136897-4e0e-41ef-bb57-d8152323b93a"", ""label"": ""business service manager"", ""score"": 0.5498}, {""uri"": ""http://data.europa.eu/esco/occupation/068370e0-9c27-4814-87d0-44fbb3140815"", ""label"": ""recruitment consultant"", ""score"": 0.5446}, {""uri"": ""http://data.europa.eu/esco/occupation/6aa78e46-ce22-421f-8a75-e915ac63c9d0"", ""label"": ""call centre supervisor"", ""score"": 0.5426}, {""uri"": ""http://data.europa.eu/esco/occupation/98fa571c-dc8f-438f-909f-f426ec322c72"", ""label"": ""wholesale merchant in machine tools"", ""score"": 0.5398}, {""uri"": ""http://data.europa.eu/esco/occupation/e4112a88-973f-4c7a-97f5-2241e6b6833f"", ""label"": ""employment and vocational integration consultant"", ""score"": 0.5395}, {""uri"": ""http://data.europa.eu/esco/occupation/2dcd3361-4c9b-4feb-a561-62257d6b31dd"", ""label"": ""wholesale merchant in electronic and telecommunications equipment and parts"", ""score"": 0.5351}]",0.50-0.60,15940,40,dev
290925926320,Azure Databricks Data Engineer/Developer,azure databricks data engineer/developer,Infosys,"azure databricks, debugging, software quality assurance, project life cycle, agile methodology, python, analytics services, azure data lake",,,0.5876,0.08333333333333333,"[{""uri"": ""http://data.europa.eu/esco/occupation/1562c7a3-c7d9-419d-b9b6-db26610bcf84"", ""label"": ""data warehouse designer"", ""score"": 0.5876}, {""uri"": ""http://data.europa.eu/esco/occupation/cc867bee-ab5c-427f-9244-f7a204d9574b"", ""label"": ""cloud DevOps engineer"", ""score"": 0.581}, {""uri"": ""http://data.europa.eu/esco/occupation/2079755f-d809-49e6-8037-4de6180e54c0"", ""label"": ""data engineer"", ""score"": 0.5557}, {""uri"": ""http://data.europa.eu/esco/occupation/d3edb8f8-3a06-47a0-8fb9-9b212c006aa2"", ""label"": ""data analyst"", ""score"": 0.5443}, {""uri"": ""http://data.europa.eu/esco/occupation/349ee6f6-c295-4c38-9b98-48765b55280e"", ""label"": ""cloud engineer"", ""score"": 0.5443}, {""uri"": ""http://data.europa.eu/esco/occupation/781a6350-e686-45b9-b075-e4c8d5a05ff7"", ""label"": ""cloud software developer"", ""score"": 0.5345}, {""uri"": ""http://data.europa.eu/esco/occupation/608edf30-fe37-4ae5-bdd1-2d3a8fd347bd"", ""label"": ""flight test engineer"", ""score"": 0.5202}, {""uri"": ""http://data.europa.eu/esco/occupation/8d9ec84d-cf2d-4179-87bc-335cda54a427"", ""label"": ""database designer"", ""score"": 0.5054}, {""uri"": ""http://data.europa.eu/esco/occupation/b11e1742-5e28-4270-b081-b0193d85ee7d"", ""label"": ""database developer"", ""score"": 0.503}, {""uri"": ""http://data.europa.eu/esco/occupation/79fed799-ab3a-43d9-bd91-414c2c3b2f57"", ""label"": ""tooling engineer"", ""score"": 0.4996}]",0.50-0.60,15940,40,test
270925010550,Need Candidates For Part-Time Recruitment & Promotions Executive (WFH),need candidates for part time recruitment & promotions executive,Skybound Trip Services Llp,"remote, tourism, lead generation, promotions, cold calling, freelancing, freelance recruitment, part time",http://data.europa.eu/esco/occupation/068370e0-9c27-4814-87d0-44fbb3140815,recruitment consultant,0.677,0.25,"[{""uri"": ""http://data.europa.eu/esco/occupation/068370e0-9c27-4814-87d0-44fbb3140815"", ""label"": ""recruitment consultant"", ""score"": 0.677}, {""uri"": ""http://data.europa.eu/esco/occupation/0917ab6b-18a8-4cfd-8e7a-843b88cf9457"", ""label"": ""branch manager"", ""score"": 0.675}, {""uri"": ""http://data.europa.eu/esco/occupation/f605bcd2-90b6-45a0-a558-d05016d68a77"", ""label"": ""human resources manager"", ""score"": 0.6634}, {""uri"": ""http://data.europa.eu/esco/occupation/e4112a88-973f-4c7a-97f5-2241e6b6833f"", ""label"": ""employment and vocational integration consultant"", ""score"": 0.6484}, {""uri"": ""http://data.europa.eu/esco/occupation/7843a4c6-a9f6-4095-94b9-45b384d4bd57"", ""label"": ""market research interviewer"", ""score"": 0.615}, {""uri"": ""http://data.europa.eu/esco/occupation/42a96d07-1e1d-49ae-9399-c1f4be27ddea"", ""label"": ""employment agent"", ""score"": 0.5954}, {""uri"": ""http://data.europa.eu/esco/occupation/d3e32e5e-7f24-48e3-b939-e4f800eb62fb"", ""label"": ""human resources officer"", ""score"": 0.5809}, {""uri"": ""http://data.europa.eu/esco/occupation/070e94a8-a933-4557-9b95-fefe7f4f1763"", ""label"": ""public employment service manager"", ""score"": 0.577}, {""uri"": ""http://data.europa.eu/esco/occupation/65fb0b53-b8c4-4839-b099-c80b6de5a158"", ""label"": ""employment programme coordinator"", ""score"": 0.5702}, {""uri"": ""http://data.europa.eu/esco/occupation/2dcd3361-4c9b-4feb-a561-62257d6b31dd"", ""label"": ""wholesale merchant in electronic and telecommunications equipment and parts"", ""score"": 0.5607}]",0.60-0.70,20073,40,test
250925507719,Specialist- SAP Operations,specialist sap operations,NOVARTIS,"sap erp, sap, networking, diversity and inclusion, gts, itsm, problem management, risk management",http://data.europa.eu/esco/occupation/0ce5a9f4-e00a-4bbe-b255-3c63407167a4,cyber incident responder,0.61,0.14285714285714285,"[{""uri"": ""http://data.europa.eu/esco/occupation/30ca97f4-a4fd-4189-a781-ac08f6b09b78"", ""label"": ""call centre analyst"", ""score"": 0.6336}, {""uri"": ""http://data.europa.eu/esco/occupation/0ce5a9f4-e00a-4bbe-b255-3c63407167a4"", ""label"": ""cyber incident responder"", ""score"": 0.61}, {""uri"": ""http://data.europa.eu/esco/occupation/781a6350-e686-45b9-b075-e4c8d5a05ff7"", ""label"": ""cloud software developer"", ""score"": 0.6016}, {""uri"": ""http://data.europa.eu/esco/occupation/276a4ff1-a67c-4677-9f20-dc85f1060e1b"", ""label"": ""middle office analyst"", ""score"": 0.5951}, {""uri"": ""http://data.europa.eu/esco/occupation/580c98d4-fb97-4597-864c-54140f058f1b"", ""label"": ""call centre quality auditor"", ""score"": 0.5926}, {""uri"": ""http://data.europa.eu/esco/occupation/fe0fa514-b48d-4a53-9757-a283c0baacf0"", ""label"": ""ICT business analyst"", ""score"": 0.5906}, {""uri"": ""http://data.europa.eu/esco/occupation/c9b2b0a7-0adc-4ca7-bf7c-dc95e18aeac7"", ""label"": ""procurement support officer"", ""score"": 0.5861}, {""uri"": ""http://data.europa.eu/esco/occupation/547b304b-9a72-4717-9b24-b7046df5f64e"", ""label"": ""specialised seller"", ""score"": 0.5786}, {""uri"": ""http://data.europa.eu/esco/occupation/73357956-f607-4baa-9ce6-03beb9b39da2"", ""label"": ""sales processor"", ""score"": 0.5745}, {""uri"": ""http://data.europa.eu/esco/occupation/3c136897-4e0e-41ef-bb57-d8152323b93a"", ""label"": ""business service manager"", ""score"": 0.5685}]",0.60-0.70,20073,40,test
290925501602,Alternatives - Fund Controllers - Analyst,alternatives fund controllers analyst,JPMorgan Chase Bank,"mechanical engineering, mathematics, private equity, hedge funds, thermodynamics, mechanics, teaching, ansys",http://data.europa.eu/esco/occupation/934c3572-37f4-4cdd-a4a4-017f5f7809e4,investment fund management assistant,0.6401,0.0,"[{""uri"": ""http://data.europa.eu/esco/occupation/934c3572-37f4-4cdd-a4a4-017f5f7809e4"", ""label"": ""investment fund management assistant"", ""score"": 0.6401}, {""uri"": ""http://data.europa.eu/esco/occupation/b95bdbed-1e7e-482a-aa73-7bdbb3e36358"", ""label"": ""investment fund manager"", ""score"": 0.6142}, {""uri"": ""http://data.europa.eu/esco/occupation/5e5b1b61-1351-4d3b-a293-deb3661715dd"", ""label"": ""financial controller"", ""score"": 0.5803}, {""uri"": ""http://data.europa.eu/esco/occupation/12ff7f9c-c5b5-4d4a-b585-c350dd1400eb"", ""label"": ""business economics researcher"", ""score"": 0.5786}, {""uri"": ""http://data.europa.eu/esco/occupation/1c85eee2-a8ca-4750-a889-10a3e6c17b80"", ""label"": ""EU funds manager"", ""score"": 0.5604}, {""uri"": ""http://data.europa.eu/esco/occupation/7a6ca615-a2bc-499d-8288-d186ce2594ea"", ""label"": ""financial risk manager"", ""score"": 0.5399}, {""uri"": ""http://data.europa.eu/esco/occupation/b3ce981c-5b32-4de2-8e53-502a6357b2bc"", ""label"": ""credit risk analyst"", ""score"": 0.5399}, {""uri"": ""http://data.europa.eu/esco/occupation/076d23f3-a689-4f1a-8b55-ae870c9aaa85"", ""label"": ""securities analyst"", ""score"": 0.5253}, {""uri"": ""http://data.europa.eu/esco/occupation/e20eee17-4876-4f21-a0cb-5d7f40c63cd8"", ""label"": ""asset manager"", ""score"": 0.5237}, {""uri"": ""http://data.europa.eu/esco/occupation/4c715719-3c3f-4058-ba00-9b2ef34848e8"", ""label"": ""investor relations manager"", ""score"": 0.5174}]",0.60-0.70,20073,40,test
260925002606,Senior Design Engineer - Pune chinchwad,design engineer pune chinchwad,HR Innovation Group,"solid works, inventor, autocad, hydraulics, plc, design calculations, dfm, special purpose machine design",http://data.europa.eu/esco/occupation/6fc8f605-98b9-4218-b5e2-91c4c9c55c4d,design engineer,0.6918,0.2,"[{""uri"": ""http://data.europa.eu/esco/occupation/6fc8f605-98b9-4218-b5e2-91c4c9c55c4d"", ""label"": ""design engineer"", ""score"": 0.6918}, {""uri"": ""http://data.europa.eu/esco/occupation/58c30193-d29f-4d22-8bf0-fd87346b91dd"", ""label"": ""installation engineer"", ""score"": 0.6802}, {""uri"": ""http://data.europa.eu/esco/occupation/ab7bccb2-6f81-4a3d-a0c0-fca5d47d2775"", ""label"": ""industrial designer"", ""score"": 0.6429}, {""uri"": ""http://data.europa.eu/esco/occupation/2a914d26-42aa-46b5-acf3-097d51ba4617"", ""label"": ""construction engineer"", ""score"": 0.6344}, {""uri"": ""http://data.europa.eu/esco/occupation/9dbbeb2c-0d51-4c03-8ef6-8dfa7360db22"", ""label"": ""ship assistant engineer"", ""score"": 0.6194}, {""uri"": ""http://data.europa.eu/esco/occupation/acb6b99a-6c13-482a-81b1-8b5614e0153e"", ""label"": ""stage technician"", ""score"": 0.619}, {""uri"": ""http://data.europa.eu/esco/occupation/0f7c84c5-1c0d-4fc1-8949-07dbe8bd34ef"", ""label"": ""textile designer"", ""score"": 0.6155}, {""uri"": ""http://data.europa.eu/esco/occupation/6818c837-072a-4120-b913-bd360b7b14d0"", ""label"": ""manufacturing engineer"", ""score"": 0.6134}, {""uri"": ""http://data.europa.eu/esco/occupation/849a656c-8559-4471-91ed-442c42b0b641"", ""label"": ""clothing CAD technician"", ""score"": 0.6095}, {""uri"": ""http://data.europa.eu/esco/occupation/efa81635-9125-4276-8902-9deb12170ea7"", ""label"": ""interior architect"", ""score"": 0.6053}]",0.60-0.70,20073,40,dev
260925010582,LLM Trainer,llm trainer,Truetech Solutions,"large language model, artificial intelligence, aiml, json, ml, languages, training, intelligence",http://data.europa.eu/esco/occupation/a14e96a7-6c4d-4d69-8c6f-7ccadf77bac5,corporate training manager,0.6684,0.0,"[{""uri"": ""http://data.europa.eu/esco/occupation/a14e96a7-6c4d-4d69-8c6f-7ccadf77bac5"", ""label"": ""corporate training manager"", ""score"": 0.6684}, {""uri"": ""http://data.europa.eu/esco/occupation/d3e32e5e-7f24-48e3-b939-e4f800eb62fb"", ""label"": ""human resources officer"", ""score"": 0.6513}, {""uri"": ""http://data.europa.eu/esco/occupation/2412bbb1-29ca-4e17-a2b8-70694f0cb14f"", ""label"": ""educational counsellor"", ""score"": 0.6207}, {""uri"": ""http://data.europa.eu/esco/occupation/f7177f79-63e7-4944-8896-044056b62523"", ""label"": ""personal trainer"", ""score"": 0.6176}, {""uri"": ""http://data.europa.eu/esco/occupation/9e657046-67ce-4e16-ab2e-ddb918638910"", ""label"": ""ICT trainer"", ""score"": 0.6158}, {""uri"": ""http://data.europa.eu/esco/occupation/52a769ab-c899-4e8c-b31d-e5c2a01f32e3"", ""label"": ""survival instructor"", ""score"": 0.6071}, {""uri"": ""http://data.europa.eu/esco/occupation/b8139469-92cc-4f57-9e69-a0d9f7fc3817"", ""label"": ""firefighter instructor"", ""score"": 0.599}, {""uri"": ""http://data.europa.eu/esco/occupation/bca2528a-5a87-4576-a3b5-1edbbce40a9f"", ""label"": ""driving instructor"", ""score"": 0.5964}, {""uri"": ""http://data.europa.eu/esco/occupation/b3b32930-05f0-4b2e-93bf-34d1e3f89a3b"", ""label"": ""flight instructor"", ""score"": 0.5861}, {""uri"": ""http://data.europa.eu/esco/occupation/0ba06640-e0ac-4911-9e43-289a8e41651e"", ""label"": ""corporate trainer"", ""score"": 0.5803}]",0.60-0.70,20073,40,dev
270925007579,Hiring Now !! Regional Sales Manager - Piping Division,now regional sales manager piping division,Epp Composites,"sales, industrial sales, project sales, technical sales, b2b sales, b2b, frp pipes, sales and marketing",http://data.europa.eu/esco/occupation/a7594892-ff23-4e2a-aedf-2f967ebca15c,sales manager,0.698,0.5,"[{""uri"": ""http://data.europa.eu/esco/occupation/3a4c4e33-ee34-4abe-ba5c-26f9037d292f"", ""label"": ""trade regional manager"", ""score"": 0.7485}, {""uri"": ""http://data.europa.eu/esco/occupation/4a13bafa-a2ac-4864-a278-176ea5969280"", ""label"": ""technical sales representative in hardware, plumbing and heating equipment"", ""score"": 0.7056}, {""uri"": ""http://data.europa.eu/esco/occupation/173a882d-0a14-4919-ac1b-23e8ee8273de"", ""label"": ""import export manager in hardware, plumbing and heating equipment and supplies"", ""score"": 0.7032}, {""uri"": ""http://data.europa.eu/esco/occupation/a7594892-ff23-4e2a-aedf-2f967ebca15c"", ""label"": ""sales manager"", ""score"": 0.698}, {""uri"": ""http://data.europa.eu/esco/occupation/b21b5952-1658-44f8-b719-e5be7fb39866"", ""label"": ""motor vehicle shop manager"", ""score"": 0.6922}, {""uri"": ""http://data.europa.eu/esco/occupation/a79d9e58-36be-4e67-a4db-ea6c8ff445fc"", ""label"": ""retail department manager"", ""score"": 0.6734}, {""uri"": ""http://data.europa.eu/esco/occupation/0917ab6b-18a8-4cfd-8e7a-843b88cf9457"", ""label"": ""branch manager"", ""score"": 0.6729}, {""uri"": ""http://data.europa.eu/esco/occupation/d46a0f9d-4474-46f8-b59d-7970da915b94"", ""label"": ""hardware, plumbing and heating equipment and supplies distribution manager"", ""score"": 0.6716}, {""uri"": ""http://data.europa.eu/esco/occupation/bf2ca3bb-5fa5-41d9-a039-949cad61616d"", ""label"": ""technical sales representative in chemical products"", ""score"": 0.6702}, {""uri"": ""http://data.europa.eu/esco/occupation/73d3ce3c-296c-4f85-9381-2eed6f3ae5fa"", ""label"": ""inland water transport general manager"", ""score"": 0.67}]",0.60-0.70,20073,40,dev
300925925623,Assistant Manager - Learning and Development,assistant manager learning and development,Naukri Hospitality Jobs,"project management, presentation skills, adult learning, instructional design, learning management, needs assessment, behavioural training, training management",http://data.europa.eu/esco/occupation/a14e96a7-6c4d-4d69-8c6f-7ccadf77bac5,corporate training manager,0.6694,0.25,"[{""uri"": ""http://data.europa.eu/esco/occupation/8cce40c1-4479-47e7-b5fc-c976631d919f"", ""label"": ""management assistant"", ""score"": 0.7314}, {""uri"": ""http://data.europa.eu/esco/occupation/2a04a1df-a3b9-403e-a245-e7f93fdddd44"", ""label"": ""executive assistant"", ""score"": 0.7314}, {""uri"": ""http://data.europa.eu/esco/occupation/a14e96a7-6c4d-4d69-8c6f-7ccadf77bac5"", ""label"": ""corporate training manager"", ""score"": 0.6694}, {""uri"": ""http://data.europa.eu/esco/occupation/e5a63940-57d3-4065-8713-74b4e2c93063"", ""label"": ""product and services manager"", ""score"": 0.6258}, {""uri"": ""http://data.europa.eu/esco/occupation/6e6839b6-099c-4802-906e-7f2c8203ee69"", ""label"": ""office manager"", ""score"": 0.6241}, {""uri"": ""http://data.europa.eu/esco/occupation/8de99659-5b10-4825-ac67-0c50189bcc3c"", ""label"": ""packaging production manager"", ""score"": 0.6166}, {""uri"": ""http://data.europa.eu/esco/occupation/36494988-69d2-4420-9db4-eb56605ac983"", ""label"": ""advanced nurse practitioner"", ""score"": 0.6101}, {""uri"": ""http://data.europa.eu/esco/occupation/79c2e54e-26e8-4cdc-a7f1-908e000bfb83"", ""label"": ""secondary school teaching assistant"", ""score"": 0.6095}, {""uri"": ""http://data.europa.eu/esco/occupation/632e61c8-4e4b-44c7-b213-6dd5a174b143"", ""label"": ""distribution manager"", ""score"": 0.6045}, {""uri"": ""http://data.europa.eu/esco/occupation/4d27152a-a8ee-4f5a-9f93-a2fb4fb2b2e3"", ""label"": ""early years teaching assistant"", ""score"": 0.6015}]",0.60-0.70,20073,40,test
270825004241,Contracts Manager - High Rise Residential / Commercial Projects,contracts manager high rise residential / commercial projects,Centre For Recruitment & Selection,"construction contracts, contract management, contract law, cidc, pwd, administration, compliance, earned value",http://data.europa.eu/esco/occupation/b9711647-463f-4991-a858-d5de66ff2f83,property developer,0.6714,0.5,"[{""uri"": ""http://data.europa.eu/esco/occupation/2c9939ef-ebab-4111-8f27-605ae8782791"", ""label"": ""contract manager"", ""score"": 0.7369}, {""uri"": ""http://data.europa.eu/esco/occupation/59cc9783-7289-4e1d-b80b-93c1776f49cc"", ""label"": ""house builder"", ""score"": 0.7009}, {""uri"": ""http://data.europa.eu/esco/occupation/b9711647-463f-4991-a858-d5de66ff2f83"", ""label"": ""property developer"", ""score"": 0.6714}, {""uri"": ""http://data.europa.eu/esco/occupation/836f0a96-7546-4003-9fc8-714fc79199d4"", ""label"": ""contract engineer"", ""score"": 0.6427}, {""uri"": ""http://data.europa.eu/esco/occupation/cee31c49-abe9-4f29-ad10-5eefe63f2a57"", ""label"": ""real estate leasing manager"", ""score"": 0.6394}, {""uri"": ""http://data.europa.eu/esco/occupation/b915ab4a-f7b1-44bc-a5a4-585e91d31dfd"", ""label"": ""property acquisitions manager"", ""score"": 0.6278}, {""uri"": ""http://data.europa.eu/esco/occupation/faed05c0-c1d1-4e34-b575-0dea96459e56"", ""label"": ""construction manager"", ""score"": 0.6269}, {""uri"": ""http://data.europa.eu/esco/occupation/ba3bacd4-73e9-4861-a9c0-f89f1f28055a"", ""label"": ""construction general contractor"", ""score"": 0.6269}, {""uri"": ""http://data.europa.eu/esco/occupation/0cca32c2-9308-4927-adb2-14771ab787f0"", ""label"": ""quantity surveyor"", ""score"": 0.6269}, {""uri"": ""http://data.europa.eu/esco/occupation/5ccb2c34-e860-43a5-9869-342487518115"", ""label"": ""project support officer"", ""score"": 0.624}]",0.60-0.70,20073,40,dev
240924909245,Personal Assistant To Managing Director,personal assistant to managing director,M And C Property Development,"personal assistant, travel arrangement, pa, correspondence, external communications, daily operations, personal assistance, business administration",http://data.europa.eu/esco/occupation/5ac377d2-e1d0-4911-a299-b4ef2782a0ba,secretary,0.69,0.16666666666666666,"[{""uri"": ""http://data.europa.eu/esco/occupation/2a04a1df-a3b9-403e-a245-e7f93fdddd44"", ""label"": ""executive assistant"", ""score"": 0.7266}, {""uri"": ""http://data.europa.eu/esco/occupation/5ac377d2-e1d0-4911-a299-b4ef2782a0ba"", ""label"": ""secretary"", ""score"": 0.69}, {""uri"": ""http://data.europa.eu/esco/occupation/045f05f2-4ff8-46b2-9d08-e12a81657498"", ""label"": ""medical administrative assistant"", ""score"": 0.69}, {""uri"": ""http://data.europa.eu/esco/occupation/8cce40c1-4479-47e7-b5fc-c976631d919f"", ""label"": ""management assistant"", ""score"": 0.6761}, {""uri"": ""http://data.europa.eu/esco/occupation/d2e63d7e-2605-4af1-bb7d-b1ed9ad08825"", ""label"": ""statistical assistant"", ""score"": 0.6618}, {""uri"": ""http://data.europa.eu/esco/occupation/b2e81332-0972-4e0f-9a4d-1d15c9c9513b"", ""label"": ""back office specialist"", ""score"": 0.6505}, {""uri"": ""http://data.europa.eu/esco/occupation/35fbb8cd-c044-49a1-850c-010481c99b4a"", ""label"": ""financial markets back office administrator"", ""score"": 0.6505}, {""uri"": ""http://data.europa.eu/esco/occupation/d9004a14-bda2-4c63-ab64-17ca163ac1bd"", ""label"": ""parliamentary assistant"", ""score"": 0.6445}, {""uri"": ""http://data.europa.eu/esco/occupation/f7b04542-d8c7-42db-8475-e63b507cce82"", ""label"": ""receptionist"", ""score"": 0.6409}, {""uri"": ""http://data.europa.eu/esco/occupation/e5a63940-57d3-4065-8713-74b4e2c93063"", ""label"": ""product and services manager"", ""score"": 0.6379}]",0.60-0.70,20073,40,dev
240925909747,Techno Functional Consultant - L2,techno functional consultant,Wipro,"erp, oracle, techno functional, business analysis, functional design, project management, gap analysis, user stories",http://data.europa.eu/esco/occupation/1c36dd08-f6a7-43f2-a889-beebedb71c25,equipment engineer,0.6773,0.2,"[{""uri"": ""http://data.europa.eu/esco/occupation/b1c80369-067e-4041-84c8-dbe65640a5d8"", ""label"": ""ICT consultant"", ""score"": 0.7395}, {""uri"": ""http://data.europa.eu/esco/occupation/9f1d546b-1b4e-4b64-97e8-600fc502304b"", ""label"": ""innovation officer"", ""score"": 0.7047}, {""uri"": ""http://data.europa.eu/esco/occupation/0f7c84c5-1c0d-4fc1-8949-07dbe8bd34ef"", ""label"": ""textile designer"", ""score"": 0.6998}, {""uri"": ""http://data.europa.eu/esco/occupation/53d2052f-edc0-4f44-8be1-164526412bfe"", ""label"": ""industrial engineer"", ""score"": 0.6829}, {""uri"": ""http://data.europa.eu/esco/occupation/8cb59bc4-1f39-477e-beea-effed12d186c"", ""label"": ""technical communicator"", ""score"": 0.6805}, {""uri"": ""http://data.europa.eu/esco/occupation/1c36dd08-f6a7-43f2-a889-beebedb71c25"", ""label"": ""equipment engineer"", ""score"": 0.6773}, {""uri"": ""http://data.europa.eu/esco/occupation/c956be07-53a3-4b01-b8f8-f0c5a428eaa8"", ""label"": ""technical sales representative"", ""score"": 0.6761}, {""uri"": ""http://data.europa.eu/esco/occupation/fde4372d-8293-42de-afbb-8b5a9b274fe7"", ""label"": ""application engineer"", ""score"": 0.6753}, {""uri"": ""http://data.europa.eu/esco/occupation/4d34a9ee-2653-4da0-bef7-f59294577224"", ""label"": ""electronics engineer"", ""score"": 0.6737}, {""uri"": ""http://data.europa.eu/esco/occupation/c5d36eef-df20-47a8-a332-5b4358fa83e3"", ""label"": ""telecommunications analyst"", ""score"": 0.6713}]",0.60-0.70,20073,40,test
260925030680,Urgent || TSE || Modern Trade Sales || FMCG,tse modern trade sales fmcg,Avani Consulting,"modern trade, modern trade sales, tse, trade, trade sales, sales",http://data.europa.eu/esco/occupation/4dc6e03f-bfb0-4078-a453-01bd1cb735aa,computer and accessories specialised seller,0.6014,0.25,"[{""uri"": ""http://data.europa.eu/esco/occupation/4dc6e03f-bfb0-4078-a453-01bd1cb735aa"", ""label"": ""computer and accessories specialised seller"", ""score"": 0.6014}, {""uri"": ""http://data.europa.eu/esco/occupation/c956be07-53a3-4b01-b8f8-f0c5a428eaa8"", ""label"": ""technical sales representative"", ""score"": 0.5955}, {""uri"": ""http://data.europa.eu/esco/occupation/6a163fef-dee8-4583-82b0-13b76d8a27b2"", ""label"": ""motor vehicles specialised seller"", ""score"": 0.5905}, {""uri"": ""http://data.europa.eu/esco/occupation/b21b5952-1658-44f8-b719-e5be7fb39866"", ""label"": ""motor vehicle shop manager"", ""score"": 0.5842}, {""uri"": ""http://data.europa.eu/esco/occupation/547b304b-9a72-4717-9b24-b7046df5f64e"", ""label"": ""specialised seller"", ""score"": 0.5644}, {""uri"": ""http://data.europa.eu/esco/occupation/80fe3002-3ae4-4d3b-8969-0f2ce1049d7d"", ""label"": ""jewellery and watches specialised seller"", ""score"": 0.5542}, {""uri"": ""http://data.europa.eu/esco/occupation/6fc25650-e69b-43c7-b4d5-3ca95acd7696"", ""label"": ""wholesale merchant in coffee, tea, cocoa and spices"", ""score"": 0.5514}, {""uri"": ""http://data.europa.eu/esco/occupation/c822ca35-6c36-4eab-97fa-90f2775091c3"", ""label"": ""market vendor"", ""score"": 0.5498}, {""uri"": ""http://data.europa.eu/esco/occupation/aa9c6416-6a17-4e2f-a7c4-6d47c205d480"", ""label"": ""medical goods specialised seller"", ""score"": 0.5406}, {""uri"": ""http://data.europa.eu/esco/occupation/ccf0becd-247d-4497-9ee7-25a46c1ffb7a"", ""label"": ""press and stationery specialised seller"", ""score"": 0.5401}]",0.60-0.70,20073,40,test
300925500770,Repossession Manager,repossession manager,Kotak Mahindra Bank,"excel, commercial vehicle, legal, banking, auto loans, management, cost, commercial",http://data.europa.eu/esco/occupation/2339733d-5a37-4031-b587-db28848e4958,foreclosure specialist,0.6995,0.2,"[{""uri"": ""http://data.europa.eu/esco/occupation/32fafe2c-0099-4852-889e-46614ce9a9ae"", ""label"": ""credit manager"", ""score"": 0.7057}, {""uri"": ""http://data.europa.eu/esco/occupation/2339733d-5a37-4031-b587-db28848e4958"", ""label"": ""foreclosure specialist"", ""score"": 0.6995}, {""uri"": ""http://data.europa.eu/esco/occupation/50a66df6-c141-4b4a-937a-d3bc55737ae3"", ""label"": ""debt collector"", ""score"": 0.6941}, {""uri"": ""http://data.europa.eu/esco/occupation/b471350e-23ce-4789-a821-5500b28cffe1"", ""label"": ""court enforcement officer"", ""score"": 0.6812}, {""uri"": ""http://data.europa.eu/esco/occupation/8e185c49-704e-49c0-8584-a7e0b618f628"", ""label"": ""loan officer"", ""score"": 0.6075}, {""uri"": ""http://data.europa.eu/esco/occupation/a9411821-4f54-406e-ba37-4c6e5a39f9fe"", ""label"": ""conveyance clerk"", ""score"": 0.5994}, {""uri"": ""http://data.europa.eu/esco/occupation/c5c1c40f-d2b7-437f-b3e8-b9da48f6d728"", ""label"": ""property assistant"", ""score"": 0.5966}, {""uri"": ""http://data.europa.eu/esco/occupation/3cc87d40-f402-4f57-9353-4b36a031cfc5"", ""label"": ""vehicle rental agent"", ""score"": 0.5924}, {""uri"": ""http://data.europa.eu/esco/occupation/2d32bea0-dccd-4dc5-9ea9-c51c653a46ef"", ""label"": ""insurance collector"", ""score"": 0.582}, {""uri"": ""http://data.europa.eu/esco/occupation/009d29de-5872-43be-8d9b-abd27f8c99f1"", ""label"": ""rental service representative in other machinery, equipment and tangible goods"", ""score"": 0.5769}]",0.60-0.70,20073,40,test
250925931189,EPM / Hyperion: Service Engineer,epm / hyperion service engineer,Krazy Mantra HR Solutions Pvt. Ltd,"epm, oracle, hyperion essbase, hyperion, oracle epm, hyperion financial management, essbase, epbcs",http://data.europa.eu/esco/occupation/2a914d26-42aa-46b5-acf3-097d51ba4617,construction engineer,0.6645,0.0,"[{""uri"": ""http://data.europa.eu/esco/occupation/2a914d26-42aa-46b5-acf3-097d51ba4617"", ""label"": ""construction engineer"", ""score"": 0.6645}, {""uri"": ""http://data.europa.eu/esco/occupation/53be4843-8f31-4645-b25c-9a5bbb04f6b6"", ""label"": ""process engineering technician"", ""score"": 0.6241}, {""uri"": ""http://data.europa.eu/esco/occupation/d7380260-1386-4e36-98b5-8115ca4a3536"", ""label"": ""production engineer"", ""score"": 0.6226}, {""uri"": ""http://data.europa.eu/esco/occupation/6818c837-072a-4120-b913-bd360b7b14d0"", ""label"": ""manufacturing engineer"", ""score"": 0.6213}, {""uri"": ""http://data.europa.eu/esco/occupation/1f958638-066f-470c-9549-a9070ba280a6"", ""label"": ""component engineer"", ""score"": 0.6188}, {""uri"": ""http://data.europa.eu/esco/occupation/a1273779-d2d4-4708-a406-62f7cdd26aab"", ""label"": ""health and safety engineer"", ""score"": 0.6153}, {""uri"": ""http://data.europa.eu/esco/occupation/86ca306c-ab99-420a-9e2a-aa73c5c4de22"", ""label"": ""electrical engineer"", ""score"": 0.6095}, {""uri"": ""http://data.europa.eu/esco/occupation/83191970-020d-4350-b2e0-be971533d286"", ""label"": ""electronics production supervisor"", ""score"": 0.6078}, {""uri"": ""http://data.europa.eu/esco/occupation/1c36dd08-f6a7-43f2-a889-beebedb71c25"", ""label"": ""equipment engineer"", ""score"": 0.6074}, {""uri"": ""http://data.europa.eu/esco/occupation/4d34a9ee-2653-4da0-bef7-f59294577224"", ""label"": ""electronics engineer"", ""score"": 0.6073}]",0.60-0.70,20073,40,test
300925504620,Business Logic Developer II (PEGA),business logic developer,AMERICAN EXPRESS,"process design, career development, core java, finance, agile, business rules, scrum, business process management",http://data.europa.eu/esco/occupation/b76178c0-a03a-4793-b079-1e61e636c521,business developer,0.6968,0.0,"[{""uri"": ""http://data.europa.eu/esco/occupation/b76178c0-a03a-4793-b079-1e61e636c521"", ""label"": ""business developer"", ""score"": 0.6968}, {""uri"": ""http://data.europa.eu/esco/occupation/d3edb8f8-3a06-47a0-8fb9-9b212c006aa2"", ""label"": ""data analyst"", ""score"": 0.6239}, {""uri"": ""http://data.europa.eu/esco/occupation/1562c7a3-c7d9-419d-b9b6-db26610bcf84"", ""label"": ""data warehouse designer"", ""score"": 0.6152}, {""uri"": ""http://data.europa.eu/esco/occupation/b11e1742-5e28-4270-b081-b0193d85ee7d"", ""label"": ""database developer"", ""score"": 0.6108}, {""uri"": ""http://data.europa.eu/esco/occupation/72628f3a-fd49-499a-9741-870b0a1fcef2"", ""label"": ""mathematician"", ""score"": 0.6106}, {""uri"": ""http://data.europa.eu/esco/occupation/35553663-deab-4d9a-bf22-15c1625d28e8"", ""label"": ""artificial intelligence engineer"", ""score"": 0.6085}, {""uri"": ""http://data.europa.eu/esco/occupation/8d9ec84d-cf2d-4179-87bc-335cda54a427"", ""label"": ""database designer"", ""score"": 0.6047}, {""uri"": ""http://data.europa.eu/esco/occupation/60082a99-d8ef-4e84-9290-78902681b6ed"", ""label"": ""business analyst"", ""score"": 0.598}, {""uri"": ""http://data.europa.eu/esco/occupation/fe0fa514-b48d-4a53-9757-a283c0baacf0"", ""label"": ""ICT business analyst"", ""score"": 0.5876}, {""uri"": ""http://data.europa.eu/esco/occupation/207d7b18-6540-432e-8aa6-785ed434572f"", ""label"": ""business intelligence manager"", ""score"": 0.5838}]",0.60-0.70,20073,40,test
290525000200,Hiring For BPO/ Inbound Customer Care/ No Targets/ International BPO,for bpo/ inbound customer care/ no targets/ international bpo,Career Bricks,"customer service, inbound voice process, customer care, international voice process, inbound process, inbound customer service, inbound sales, fluent english",http://data.europa.eu/esco/occupation/580c98d4-fb97-4597-864c-54140f058f1b,call centre quality auditor,0.6018,0.25,"[{""uri"": ""http://data.europa.eu/esco/occupation/580c98d4-fb97-4597-864c-54140f058f1b"", ""label"": ""call centre quality auditor"", ""score"": 0.6018}, {""uri"": ""http://data.europa.eu/esco/occupation/6a29d804-f775-446c-bec7-35fc4e28ac97"", ""label"": ""business consultant"", ""score"": 0.6017}, {""uri"": ""http://data.europa.eu/esco/occupation/3c136897-4e0e-41ef-bb57-d8152323b93a"", ""label"": ""business service manager"", ""score"": 0.5969}, {""uri"": ""http://data.europa.eu/esco/occupation/6d03eaef-1ce5-4a1e-bb41-0908e1af1b65"", ""label"": ""occupational analyst"", ""score"": 0.5922}, {""uri"": ""http://data.europa.eu/esco/occupation/30ca97f4-a4fd-4189-a781-ac08f6b09b78"", ""label"": ""call centre analyst"", ""score"": 0.5908}, {""uri"": ""http://data.europa.eu/esco/occupation/fe0fa514-b48d-4a53-9757-a283c0baacf0"", ""label"": ""ICT business analyst"", ""score"": 0.584}, {""uri"": ""http://data.europa.eu/esco/occupation/3ac7fbb4-91b2-4d4d-abc8-7a6c55ed648f"", ""label"": ""wholesale merchant"", ""score"": 0.581}, {""uri"": ""http://data.europa.eu/esco/occupation/bd9d395a-d587-45c6-8d72-ceef226df9e1"", ""label"": ""ICT system integration consultant"", ""score"": 0.5804}, {""uri"": ""http://data.europa.eu/esco/occupation/98fa571c-dc8f-438f-909f-f426ec322c72"", ""label"": ""wholesale merchant in machine tools"", ""score"": 0.5798}, {""uri"": ""http://data.europa.eu/esco/occupation/c7ffc270-7bd2-4bb1-a51a-4766170d7935"", ""label"": ""wholesale merchant in chemical products"", ""score"": 0.5781}]",0.60-0.70,20073,40,dev
260925025093,Record To Report Analsyt,record to report analsyt,AMERICAN EXPRESS,"balance sheet reconciliation, month end closing, month end reporting, general ledger accounting, intercompany reconciliation, gl accounting, general ledger, reporting",http://data.europa.eu/esco/occupation/8213b4bc-60ce-4ffc-9e00-9758fb2003c6,monitoring and evaluation officer,0.6067,0.0,"[{""uri"": ""http://data.europa.eu/esco/occupation/8213b4bc-60ce-4ffc-9e00-9758fb2003c6"", ""label"": ""monitoring and evaluation officer"", ""score"": 0.6067}, {""uri"": ""http://data.europa.eu/esco/occupation/eda0d957-3c3c-4139-b89a-a18bc9e18897"", ""label"": ""accountant"", ""score"": 0.4843}, {""uri"": ""http://data.europa.eu/esco/occupation/cd4f41a5-87a6-4b3c-8ee3-14e6f457c365"", ""label"": ""audit supervisor"", ""score"": 0.4796}, {""uri"": ""http://data.europa.eu/esco/occupation/6cc19251-763b-4de1-b4f7-526c9ff732d2"", ""label"": ""public relations manager"", ""score"": 0.465}, {""uri"": ""http://data.europa.eu/esco/occupation/ae3f1edd-d191-4a8d-8dfc-099dcdc6f1e8"", ""label"": ""record press operator"", ""score"": 0.4597}, {""uri"": ""http://data.europa.eu/esco/occupation/1f665529-96e9-46c1-99f4-9ffbf9ffa036"", ""label"": ""auditing clerk"", ""score"": 0.4588}, {""uri"": ""http://data.europa.eu/esco/occupation/109e0a5d-203d-4af6-8f70-692111335ec3"", ""label"": ""quality services manager"", ""score"": 0.4531}, {""uri"": ""http://data.europa.eu/esco/occupation/276a4ff1-a67c-4677-9f20-dc85f1060e1b"", ""label"": ""middle office analyst"", ""score"": 0.4524}, {""uri"": ""http://data.europa.eu/esco/occupation/30ca97f4-a4fd-4189-a781-ac08f6b09b78"", ""label"": ""call centre analyst"", ""score"": 0.4436}, {""uri"": ""http://data.europa.eu/esco/occupation/e7417f4f-7072-4b07-a71f-71f6fc7f5e5b"", ""label"": ""zoo registrar"", ""score"": 0.4423}]",0.60-0.70,20073,40,test
290925027730,Snowflake Data Engineer || 5+ Yrs,snowflake data engineer 5+ yrs,Emids Technologies,"snowflake, etl, sql, aws, data",http://data.europa.eu/esco/occupation/2079755f-d809-49e6-8037-4de6180e54c0,data engineer,0.6497,0.5,"[{""uri"": ""http://data.europa.eu/esco/occupation/2079755f-d809-49e6-8037-4de6180e54c0"", ""label"": ""data engineer"", ""score"": 0.6497}, {""uri"": ""http://data.europa.eu/esco/occupation/62d3f108-ade2-44b5-beeb-d63d0b21268f"", ""label"": ""mineral processing engineer"", ""score"": 0.5938}, {""uri"": ""http://data.europa.eu/esco/occupation/30ca97f4-a4fd-4189-a781-ac08f6b09b78"", ""label"": ""call centre analyst"", ""score"": 0.5861}, {""uri"": ""http://data.europa.eu/esco/occupation/4f4d33a1-0b41-4dd9-8a42-aeba5a3974ab"", ""label"": ""sensor engineer"", ""score"": 0.5851}, {""uri"": ""http://data.europa.eu/esco/occupation/258e46f9-0075-4a2e-adae-1ff0477e0f30"", ""label"": ""data scientist"", ""score"": 0.5775}, {""uri"": ""http://data.europa.eu/esco/occupation/9af8907f-56a7-4170-83b1-3c6ba0997cfa"", ""label"": ""geographic information systems specialist"", ""score"": 0.5775}, {""uri"": ""http://data.europa.eu/esco/occupation/f2b15a0e-e65a-438a-affb-29b9d50b77d1"", ""label"": ""software developer"", ""score"": 0.5752}, {""uri"": ""http://data.europa.eu/esco/occupation/e027434f-8aa4-4d87-a070-b1d5c57749e6"", ""label"": ""fragrance chemist"", ""score"": 0.5731}, {""uri"": ""http://data.europa.eu/esco/occupation/fde4372d-8293-42de-afbb-8b5a9b274fe7"", ""label"": ""application engineer"", ""score"": 0.5731}, {""uri"": ""http://data.europa.eu/esco/occupation/92bb3d8c-8a9f-4cd7-80ec-247bbf173004"", ""label"": ""computer hardware engineer"", ""score"": 0.5659}]",0.60-0.70,20073,40,test
300925924292,Events Auto CAD Designer,events auto cad designer,Stch Integrated Marketing Solution,"autocad designing, autocad, luminous, coreldraw, photoshop, autocad designer, cad drawing, corel draw",http://data.europa.eu/esco/occupation/62979364-6fac-41f2-87ca-202bca19a6ab,computer-aided design operator,0.6128,0.5,"[{""uri"": ""http://data.europa.eu/esco/occupation/1d8f8111-79dd-41dc-aa2a-12f3192dde3c"", ""label"": ""automotive designer"", ""score"": 0.6266}, {""uri"": ""http://data.europa.eu/esco/occupation/62979364-6fac-41f2-87ca-202bca19a6ab"", ""label"": ""computer-aided design operator"", ""score"": 0.6128}, {""uri"": ""http://data.europa.eu/esco/occupation/ab7bccb2-6f81-4a3d-a0c0-fca5d47d2775"", ""label"": ""industrial designer"", ""score"": 0.5874}, {""uri"": ""http://data.europa.eu/esco/occupation/84931290-ad27-45ad-b611-9556c5facbdb"", ""label"": ""event assistant"", ""score"": 0.5831}, {""uri"": ""http://data.europa.eu/esco/occupation/3fa9a480-ceb3-4c2a-8a91-0508e1bb6ba5"", ""label"": ""footwear CAD patternmaker"", ""score"": 0.541}, {""uri"": ""http://data.europa.eu/esco/occupation/a4869ae9-2dfe-48cc-bd97-f803880f3407"", ""label"": ""drafter"", ""score"": 0.5273}, {""uri"": ""http://data.europa.eu/esco/occupation/6cfba9ca-f9a0-4a50-a8d3-064d88c928b1"", ""label"": ""event scaffolder"", ""score"": 0.5223}, {""uri"": ""http://data.europa.eu/esco/occupation/a142a645-6e9e-4d86-accd-9816df857c90"", ""label"": ""leather goods designer"", ""score"": 0.5177}, {""uri"": ""http://data.europa.eu/esco/occupation/dbc88790-a8c1-4dc4-9507-8f9dcff9c990"", ""label"": ""engine designer"", ""score"": 0.4931}, {""uri"": ""http://data.europa.eu/esco/occupation/29900d8d-4463-4a6e-b6aa-e97418700245"", ""label"": ""leather goods CAD patternmaker"", ""score"": 0.4843}]",0.60-0.70,20073,40,test
290925924454,Clinical Data Svs Specialist,clinical data svs specialist,Accenture,"python, data services, sql, plsql, r, sae reconciliation, pharmaceutical, inform",http://data.europa.eu/esco/occupation/ef909843-97c6-4c48-8038-2e7aefdfcad5,clinical informatics manager,0.6282,0.0,"[{""uri"": ""http://data.europa.eu/esco/occupation/ef909843-97c6-4c48-8038-2e7aefdfcad5"", ""label"": ""clinical informatics manager"", ""score"": 0.6282}, {""uri"": ""http://data.europa.eu/esco/occupation/01d74409-5303-4b5c-8925-0cc21c4da8ee"", ""label"": ""medical writer"", ""score"": 0.5753}, {""uri"": ""http://data.europa.eu/esco/occupation/acbb7a20-c947-480d-a07e-868a0ab3eab8"", ""label"": ""specialist biomedical scientist"", ""score"": 0.5601}, {""uri"": ""http://data.europa.eu/esco/occupation/6219f0ef-6414-4d01-9221-41ac25dcb409"", ""label"": ""clinical coder"", ""score"": 0.5577}, {""uri"": ""http://data.europa.eu/esco/occupation/ab762f91-d737-485f-a85c-67cab92dee01"", ""label"": ""medical sales representative"", ""score"": 0.5426}, {""uri"": ""http://data.europa.eu/esco/occupation/14eb2c85-fce5-40b6-bcd0-46ac99994b0d"", ""label"": ""medical records clerk"", ""score"": 0.5389}, {""uri"": ""http://data.europa.eu/esco/occupation/983c2816-a339-4817-97f4-151a9ff3e64d"", ""label"": ""medical records manager"", ""score"": 0.5329}, {""uri"": ""http://data.europa.eu/esco/occupation/2e8820ba-5b2d-4572-92a1-942dbd02a6d6"", ""label"": ""biomedical scientist"", ""score"": 0.5271}, {""uri"": ""http://data.europa.eu/esco/occupation/b7b17a85-ccd0-4d2f-92f2-7e99839731b0"", ""label"": ""biomedical scientist advanced"", ""score"": 0.5142}, {""uri"": ""http://data.europa.eu/esco/occupation/8213b4bc-60ce-4ffc-9e00-9758fb2003c6"", ""label"": ""monitoring and evaluation officer"", ""score"": 0.5049}]",0.60-0.70,20073,40,dev
011025011306,Opening For Sr. Piping Stress Engineer / Piping Stress Engineer,for . piping stress engineer / piping stress engineer,Novargi,"caesar ii, piping stress, stress analysis, piping stress analysis, piping, piping engineering, caesar, analysis",http://data.europa.eu/esco/occupation/b9296f1a-a68b-4ac7-9904-f2cf1374fbaf,material stress analyst,0.6047,0.3333333333333333,"[{""uri"": ""http://data.europa.eu/esco/occupation/57ac359a-ae52-4aea-bc9c-93af7efa502e"", ""label"": ""pipeline engineer"", ""score"": 0.6641}, {""uri"": ""http://data.europa.eu/esco/occupation/13331bd9-0599-47c0-9812-29650c218de3"", ""label"": ""water systems engineering technician"", ""score"": 0.6544}, {""uri"": ""http://data.europa.eu/esco/occupation/41d609a1-62df-4cec-ac71-6434e545a729"", ""label"": ""corrosion technician"", ""score"": 0.6372}, {""uri"": ""http://data.europa.eu/esco/occupation/a377fafb-7e6e-4925-bc64-8099b58aafb8"", ""label"": ""drainage engineer"", ""score"": 0.6171}, {""uri"": ""http://data.europa.eu/esco/occupation/4a5ceaae-0f05-4091-bdbf-59f250ce6374"", ""label"": ""plastic heat treatment equipment operator"", ""score"": 0.617}, {""uri"": ""http://data.europa.eu/esco/occupation/fbceeac6-798b-4307-a825-626707a753ad"", ""label"": ""calculation engineer"", ""score"": 0.617}, {""uri"": ""http://data.europa.eu/esco/occupation/75f4c7aa-019f-4545-9ce1-2d163fe78580"", ""label"": ""pipeline maintenance worker"", ""score"": 0.6138}, {""uri"": ""http://data.europa.eu/esco/occupation/b9296f1a-a68b-4ac7-9904-f2cf1374fbaf"", ""label"": ""material stress analyst"", ""score"": 0.6047}, {""uri"": ""http://data.europa.eu/esco/occupation/53be4843-8f31-4645-b25c-9a5bbb04f6b6"", ""label"": ""process engineering technician"", ""score"": 0.5934}, {""uri"": ""http://data.europa.eu/esco/occupation/dca305c8-d665-462c-bdc9-c3a19734ba18"", ""label"": ""surface engineer"", ""score"": 0.5879}]",0.60-0.70,20073,40,dev
290925926004,AI/ML Computational Science Manager,artificial intelligence machine learning computational science manager,Accenture,"python, artificial intelligence, sql server integration services, sql, ssis, architecting, interior designing, service operations",http://data.europa.eu/esco/occupation/35553663-deab-4d9a-bf22-15c1625d28e8,artificial intelligence engineer,0.6181,0.14285714285714285,"[{""uri"": ""http://data.europa.eu/esco/occupation/35553663-deab-4d9a-bf22-15c1625d28e8"", ""label"": ""artificial intelligence engineer"", ""score"": 0.6181}, {""uri"": ""http://data.europa.eu/esco/occupation/207d7b18-6540-432e-8aa6-785ed434572f"", ""label"": ""business intelligence manager"", ""score"": 0.5903}, {""uri"": ""http://data.europa.eu/esco/occupation/15cc27b1-7358-48ed-9fb8-69ffe9f1fc98"", ""label"": ""animal artificial insemination technician"", ""score"": 0.5741}, {""uri"": ""http://data.europa.eu/esco/occupation/e3229e40-f571-4b26-baca-29edc8fe313e"", ""label"": ""computer scientist"", ""score"": 0.533}, {""uri"": ""http://data.europa.eu/esco/occupation/9db7d74c-b46d-45c0-b611-6bcb7456ecc6"", ""label"": ""ICT research manager"", ""score"": 0.5283}, {""uri"": ""http://data.europa.eu/esco/occupation/af355ac4-dd89-44df-99a6-bba70202d6fe"", ""label"": ""data entry supervisor"", ""score"": 0.5282}, {""uri"": ""http://data.europa.eu/esco/occupation/fbceeac6-798b-4307-a825-626707a753ad"", ""label"": ""calculation engineer"", ""score"": 0.5217}, {""uri"": ""http://data.europa.eu/esco/occupation/8cce40c1-4479-47e7-b5fc-c976631d919f"", ""label"": ""management assistant"", ""score"": 0.5125}, {""uri"": ""http://data.europa.eu/esco/occupation/258e46f9-0075-4a2e-adae-1ff0477e0f30"", ""label"": ""data scientist"", ""score"": 0.5095}, {""uri"": ""http://data.europa.eu/esco/occupation/68d973df-bf10-4bf7-9a1b-fbd9f604b9db"", ""label"": ""bioinformatics scientist"", ""score"": 0.5095}]",0.60-0.70,20073,40,dev
230925506438,"Engineering Analyst, Foundational Fraud, Trust and Safety Ads",engineering analyst foundational fraud trust and safety ads,Google,"risk management, python, fraud analysis, data analysis, fraud, writing, presentation skills, sql",http://data.europa.eu/esco/occupation/a04eedcf-8424-475a-8dc5-f30a9da4b151,financial fraud examiner,0.6404,0.14285714285714285,"[{""uri"": ""http://data.europa.eu/esco/occupation/a04eedcf-8424-475a-8dc5-f30a9da4b151"", ""label"": ""financial fraud examiner"", ""score"": 0.6404}, {""uri"": ""http://data.europa.eu/esco/occupation/a2b81132-2147-4c8e-b250-e6290ed906ea"", ""label"": ""insurance fraud investigator"", ""score"": 0.579}, {""uri"": ""http://data.europa.eu/esco/occupation/2c83f279-a1d1-4c9f-a6aa-5e5ee1850e46"", ""label"": ""social security inspector"", ""score"": 0.5515}, {""uri"": ""http://data.europa.eu/esco/occupation/07dfff6d-a0d0-4202-a697-fe9176c15999"", ""label"": ""dependability engineer"", ""score"": 0.5256}, {""uri"": ""http://data.europa.eu/esco/occupation/5e5b1b61-1351-4d3b-a293-deb3661715dd"", ""label"": ""financial controller"", ""score"": 0.5133}, {""uri"": ""http://data.europa.eu/esco/occupation/836f0a96-7546-4003-9fc8-714fc79199d4"", ""label"": ""contract engineer"", ""score"": 0.5061}, {""uri"": ""http://data.europa.eu/esco/occupation/01a83071-6533-4675-b2da-f0c6d02669f5"", ""label"": ""insurance claims handler"", ""score"": 0.4954}, {""uri"": ""http://data.europa.eu/esco/occupation/a1273779-d2d4-4708-a406-62f7cdd26aab"", ""label"": ""health and safety engineer"", ""score"": 0.4945}, {""uri"": ""http://data.europa.eu/esco/occupation/7bcafcd7-3f35-4a72-849c-c92b334927fd"", ""label"": ""insurance risk consultant"", ""score"": 0.4921}, {""uri"": ""http://data.europa.eu/esco/occupation/3dab5c3f-84d0-4d52-901d-dd262eaea509"", ""label"": ""research engineer"", ""score"": 0.4878}]",0.60-0.70,20073,40,dev
290925011089,PLSQL Developer,plsql developer,Citiustech,"oracle sql, stored procedures, plsql, java, query tuning, plsql development, performance tuning, sql",http://data.europa.eu/esco/occupation/b11e1742-5e28-4270-b081-b0193d85ee7d,database developer,0.6847,0.5,"[{""uri"": ""http://data.europa.eu/esco/occupation/b11e1742-5e28-4270-b081-b0193d85ee7d"", ""label"": ""database developer"", ""score"": 0.6847}, {""uri"": ""http://data.europa.eu/esco/occupation/3d190639-90f8-4402-b1b3-a104a17e0d67"", ""label"": ""database integrator"", ""score"": 0.6194}, {""uri"": ""http://data.europa.eu/esco/occupation/8d9ec84d-cf2d-4179-87bc-335cda54a427"", ""label"": ""database designer"", ""score"": 0.6177}, {""uri"": ""http://data.europa.eu/esco/occupation/1562c7a3-c7d9-419d-b9b6-db26610bcf84"", ""label"": ""data warehouse designer"", ""score"": 0.5463}, {""uri"": ""http://data.europa.eu/esco/occupation/04ba4d6c-957d-417f-bf63-5b9e015a9f86"", ""label"": ""software analyst"", ""score"": 0.5018}, {""uri"": ""http://data.europa.eu/esco/occupation/d3edb8f8-3a06-47a0-8fb9-9b212c006aa2"", ""label"": ""data analyst"", ""score"": 0.4995}, {""uri"": ""http://data.europa.eu/esco/occupation/8c57af09-719c-42b3-be40-6ed4946236cc"", ""label"": ""database administrator"", ""score"": 0.4834}, {""uri"": ""http://data.europa.eu/esco/occupation/c40a2919-48a9-40ea-b506-1f34f693496d"", ""label"": ""web developer"", ""score"": 0.4643}, {""uri"": ""http://data.europa.eu/esco/occupation/cc867bee-ab5c-427f-9244-f7a204d9574b"", ""label"": ""cloud DevOps engineer"", ""score"": 0.4642}, {""uri"": ""http://data.europa.eu/esco/occupation/f2b15a0e-e65a-438a-affb-29b9d50b77d1"", ""label"": ""software developer"", ""score"": 0.454}]",0.60-0.70,20073,40,dev
011025500707,Branch:Branch Relationship Officer,branch branch relationship officer,Axis Bank,"loans, networking, branch banking, relationship building, anti money laundering, customer service, customer engagement, internet banking",http://data.europa.eu/esco/occupation/13d1b2b4-99dd-44da-9734-c9f74bae18f7,customer service representative,0.6642,0.16666666666666666,"[{""uri"": ""http://data.europa.eu/esco/occupation/0917ab6b-18a8-4cfd-8e7a-843b88cf9457"", ""label"": ""branch manager"", ""score"": 0.7026}, {""uri"": ""http://data.europa.eu/esco/occupation/13d1b2b4-99dd-44da-9734-c9f74bae18f7"", ""label"": ""customer service representative"", ""score"": 0.6642}, {""uri"": ""http://data.europa.eu/esco/occupation/73856e9e-eca2-44c2-bb3c-aaedf4b25979"", ""label"": ""insurance product manager"", ""score"": 0.6633}, {""uri"": ""http://data.europa.eu/esco/occupation/754ce08f-b4d9-4b9c-b9d2-06f15258a3ce"", ""label"": ""bank manager"", ""score"": 0.657}, {""uri"": ""http://data.europa.eu/esco/occupation/594170bc-5663-40b0-97ef-c9f1ad51b2a0"", ""label"": ""insurance agency manager"", ""score"": 0.6429}, {""uri"": ""http://data.europa.eu/esco/occupation/5e4d156a-1f05-4b2c-b0f0-5abb82d52ed6"", ""label"": ""bank account manager"", ""score"": 0.623}, {""uri"": ""http://data.europa.eu/esco/occupation/2eac08c2-a81a-46fc-8d75-eb0e0f3e0f6d"", ""label"": ""sales account manager"", ""score"": 0.6195}, {""uri"": ""http://data.europa.eu/esco/occupation/a330b100-e651-4db1-bcf0-e9cbc025c614"", ""label"": ""process officer"", ""score"": 0.6149}, {""uri"": ""http://data.europa.eu/esco/occupation/c8b296be-54ae-48cf-be21-031fa8457937"", ""label"": ""supply chain assistant"", ""score"": 0.6143}, {""uri"": ""http://data.europa.eu/esco/occupation/d96de969-d43d-4082-8559-7fc35484a217"", ""label"": ""relationship banking manager"", ""score"": 0.6134}]",0.60-0.70,20073,40,test
250925905929,Field Executive - Service,field executive service,Otis,"field service, customer service, sales, customer support, service engineering, repair, cdd, edd",http://data.europa.eu/esco/occupation/98e58946-3227-4f6c-a5d1-5892fe76883d,after-sales service technician,0.6994,0.4,"[{""uri"": ""http://data.europa.eu/esco/occupation/14031d4a-6e99-442f-b4fe-18262b6432b2"", ""label"": ""commercial sales representative"", ""score"": 0.7791}, {""uri"": ""http://data.europa.eu/esco/occupation/bbd1fe06-1b55-4937-9317-fc162311ab38"", ""label"": ""brigadier"", ""score"": 0.7331}, {""uri"": ""http://data.europa.eu/esco/occupation/98e58946-3227-4f6c-a5d1-5892fe76883d"", ""label"": ""after-sales service technician"", ""score"": 0.6994}, {""uri"": ""http://data.europa.eu/esco/occupation/555235ce-8c45-409b-a6c9-83e69c2d2bce"", ""label"": ""military engineer"", ""score"": 0.6887}, {""uri"": ""http://data.europa.eu/esco/occupation/bcc2c1db-f969-4355-bebf-4878ff6c2a94"", ""label"": ""service manager"", ""score"": 0.6822}, {""uri"": ""http://data.europa.eu/esco/occupation/725090a7-9943-4dae-8079-a6999d21ddba"", ""label"": ""client relations manager"", ""score"": 0.6732}, {""uri"": ""http://data.europa.eu/esco/occupation/2a04a1df-a3b9-403e-a245-e7f93fdddd44"", ""label"": ""executive assistant"", ""score"": 0.6484}, {""uri"": ""http://data.europa.eu/esco/occupation/3c136897-4e0e-41ef-bb57-d8152323b93a"", ""label"": ""business service manager"", ""score"": 0.6427}, {""uri"": ""http://data.europa.eu/esco/occupation/4b214899-ed00-4156-b269-a23df0fb1093"", ""label"": ""environmental protection manager"", ""score"": 0.6339}, {""uri"": ""http://data.europa.eu/esco/occupation/84cb6e91-ce11-409e-9306-23c9698631af"", ""label"": ""soil surveying technician"", ""score"": 0.6245}]",0.60-0.70,20073,40,dev
290925015087,SAP Extended Warehouse Management Consultant,sap extended warehouse management consultant,Anonymous,"warehouse automation integration, ewm, ewm solutions, sap, sap hana, consulting, integration, sap warehouse management",http://data.europa.eu/esco/occupation/2f5de1ab-eddf-4715-8193-e994912c22ea,warehouse manager,0.6649,0.4,"[{""uri"": ""http://data.europa.eu/esco/occupation/2f5de1ab-eddf-4715-8193-e994912c22ea"", ""label"": ""warehouse manager"", ""score"": 0.6649}, {""uri"": ""http://data.europa.eu/esco/occupation/d7a9f9e0-e2f5-4804-a0e0-b21ebb1403ee"", ""label"": ""inventory coordinator"", ""score"": 0.6614}, {""uri"": ""http://data.europa.eu/esco/occupation/1562c7a3-c7d9-419d-b9b6-db26610bcf84"", ""label"": ""data warehouse designer"", ""score"": 0.6459}, {""uri"": ""http://data.europa.eu/esco/occupation/c4071145-a774-4cf4-aefa-ae18a385cca4"", ""label"": ""logistics engineer"", ""score"": 0.6267}, {""uri"": ""http://data.europa.eu/esco/occupation/30870ea4-5e8e-4b92-a9d5-65e3b97a9b30"", ""label"": ""raw materials warehouse specialist"", ""score"": 0.6254}, {""uri"": ""http://data.europa.eu/esco/occupation/260b01cc-7dd6-4584-8863-cae5426819c6"", ""label"": ""ship planner"", ""score"": 0.6227}, {""uri"": ""http://data.europa.eu/esco/occupation/784c98c2-96bd-4610-8da3-87d80f136285"", ""label"": ""finished leather warehouse manager"", ""score"": 0.6184}, {""uri"": ""http://data.europa.eu/esco/occupation/dab60fc6-c16e-4de7-b969-b323784f5a49"", ""label"": ""category manager"", ""score"": 0.6114}, {""uri"": ""http://data.europa.eu/esco/occupation/d3edb8f8-3a06-47a0-8fb9-9b212c006aa2"", ""label"": ""data analyst"", ""score"": 0.611}, {""uri"": ""http://data.europa.eu/esco/occupation/cd94def5-3442-4c2e-ae3d-0761a3008bcb"", ""label"": ""warehouse order picker"", ""score"": 0.6098}]",0.60-0.70,20073,40,test
230925504994,Visualizer in Interior Designer,visualizer in interior designer,Design Consultants Architects,"3d modeling, interior designing, 3ds max, visualiser, vray, software, texturing, 3d animation",http://data.europa.eu/esco/occupation/73e776fb-4d99-4031-bad4-7716f121155d,interior designer,0.6054,0.16666666666666666,"[{""uri"": ""http://data.europa.eu/esco/occupation/773e5ea3-235b-4e72-afc5-290dd841eed8"", ""label"": ""interior planner"", ""score"": 0.6432}, {""uri"": ""http://data.europa.eu/esco/occupation/c995fe34-0909-4ce3-b7b7-97945efede56"", ""label"": ""performance video designer"", ""score"": 0.6123}, {""uri"": ""http://data.europa.eu/esco/occupation/73e776fb-4d99-4031-bad4-7716f121155d"", ""label"": ""interior designer"", ""score"": 0.6054}, {""uri"": ""http://data.europa.eu/esco/occupation/35eb0aa6-b40d-449d-9390-719be8912277"", ""label"": ""visual merchandiser"", ""score"": 0.5905}, {""uri"": ""http://data.europa.eu/esco/occupation/364cb5ca-3002-425f-b815-aefa513df78a"", ""label"": ""architectural drafter"", ""score"": 0.5902}, {""uri"": ""http://data.europa.eu/esco/occupation/78216000-edc1-474b-9569-28ed6a657da2"", ""label"": ""desktop publisher"", ""score"": 0.5859}, {""uri"": ""http://data.europa.eu/esco/occupation/96e20037-0a25-4bf6-a25e-808d1605d890"", ""label"": ""user interface designer"", ""score"": 0.5803}, {""uri"": ""http://data.europa.eu/esco/occupation/efa81635-9125-4276-8902-9deb12170ea7"", ""label"": ""interior architect"", ""score"": 0.5739}, {""uri"": ""http://data.europa.eu/esco/occupation/69bcbb0a-8d80-4ecd-b0a4-9adea2a40de2"", ""label"": ""graphic designer"", ""score"": 0.5729}, {""uri"": ""http://data.europa.eu/esco/occupation/b9b47087-6045-405d-b769-6a0c94e2eb84"", ""label"": ""cultural visitor services manager"", ""score"": 0.5587}]",0.60-0.70,20073,40,test
230925012758,Tele Caller,tele caller,Royal Square,"telecalling, real estate, cold calling, inside sales, real estate sales, calling, estate, sales",http://data.europa.eu/esco/occupation/0ededdc2-050a-4ec3-8e70-6295105fcd19,call centre agent,0.6651,0.0,"[{""uri"": ""http://data.europa.eu/esco/occupation/0ededdc2-050a-4ec3-8e70-6295105fcd19"", ""label"": ""call centre agent"", ""score"": 0.6651}, {""uri"": ""http://data.europa.eu/esco/occupation/23e692a9-a242-4d4f-988f-ed562f757864"", ""label"": ""interpreter"", ""score"": 0.6118}, {""uri"": ""http://data.europa.eu/esco/occupation/0bf68df5-e808-4c27-abf2-6f85440f2d7f"", ""label"": ""telephone switchboard operator"", ""score"": 0.6006}, {""uri"": ""http://data.europa.eu/esco/occupation/68450507-b4a0-40e0-895b-385fe705be10"", ""label"": ""emergency medical dispatcher"", ""score"": 0.594}, {""uri"": ""http://data.europa.eu/esco/occupation/2f7f5c84-b9b3-41ea-aa5f-5997d0873141"", ""label"": ""bingo caller"", ""score"": 0.5924}, {""uri"": ""http://data.europa.eu/esco/occupation/6aa78e46-ce22-421f-8a75-e915ac63c9d0"", ""label"": ""call centre supervisor"", ""score"": 0.5743}, {""uri"": ""http://data.europa.eu/esco/occupation/f4b4fb1d-0224-4e6b-b7c9-84bcf133be00"", ""label"": ""telecommunications equipment specialised seller"", ""score"": 0.5604}, {""uri"": ""http://data.europa.eu/esco/occupation/6fcf4638-e7c7-4978-9302-9a7b63a3d57c"", ""label"": ""marketing manager"", ""score"": 0.5594}, {""uri"": ""http://data.europa.eu/esco/occupation/f0f6d531-eb96-4bad-84ff-8e2999ea68e6"", ""label"": ""mobile phone repair technician"", ""score"": 0.5593}, {""uri"": ""http://data.europa.eu/esco/occupation/dd25a2b0-add0-4ae2-bd85-bb644e0d0c39"", ""label"": ""call centre manager"", ""score"": 0.5301}]",0.60-0.70,20073,40,test
290925909557,Team Lead - Inter company,team lead inter company,ABB,"accounts payable, sap, p2p, recruitment, team leading, operations management, hiring, team management",http://data.europa.eu/esco/occupation/95d69048-3a4b-4cce-a155-584aaecfe403,footwear assembly supervisor,0.6539,0.0,"[{""uri"": ""http://data.europa.eu/esco/occupation/95d69048-3a4b-4cce-a155-584aaecfe403"", ""label"": ""footwear assembly supervisor"", ""score"": 0.6539}, {""uri"": ""http://data.europa.eu/esco/occupation/ef6020f9-11b4-4d1a-96e0-903331594121"", ""label"": ""footwear product development manager"", ""score"": 0.6245}, {""uri"": ""http://data.europa.eu/esco/occupation/c76dda38-938c-404e-8a6d-78c8705eebc0"", ""label"": ""checkout supervisor"", ""score"": 0.6173}, {""uri"": ""http://data.europa.eu/esco/occupation/dbdc9f7b-31c6-4f21-a9c5-48253bb69c08"", ""label"": ""purchase planner"", ""score"": 0.6154}, {""uri"": ""http://data.europa.eu/esco/occupation/de31a27f-c6ba-4d4f-87cd-b405e1852121"", ""label"": ""rental manager"", ""score"": 0.6108}, {""uri"": ""http://data.europa.eu/esco/occupation/4a1125ee-5728-4b1f-b655-7b8eb2e27660"", ""label"": ""quick service restaurant team leader"", ""score"": 0.5906}, {""uri"": ""http://data.europa.eu/esco/occupation/f5e80af5-eebe-4133-878a-5dc5ef34fe93"", ""label"": ""agronomic crop production team leader"", ""score"": 0.589}, {""uri"": ""http://data.europa.eu/esco/occupation/40517ed4-2769-4283-a15b-4b0d939bd2d3"", ""label"": ""production supervisor"", ""score"": 0.589}, {""uri"": ""http://data.europa.eu/esco/occupation/56bff5e1-3c76-4f45-b50e-e3a59bf1053e"", ""label"": ""post-production supervisor"", ""score"": 0.5796}, {""uri"": ""http://data.europa.eu/esco/occupation/3900b684-6b4b-4133-b134-e1d129d60383"", ""label"": ""rental service representative"", ""score"": 0.5756}]",0.60-0.70,20073,40,test
260925018375,EDA Tool Developer,eda tool developer,ti Steps,"sta, c++, git, vlsi, eda tools, jenkins, c, eda",http://data.europa.eu/esco/occupation/8bc48c43-d976-458a-9e3c-ee784572351d,industrial tool design engineer,0.6342,0.0,"[{""uri"": ""http://data.europa.eu/esco/occupation/8bc48c43-d976-458a-9e3c-ee784572351d"", ""label"": ""industrial tool design engineer"", ""score"": 0.6342}, {""uri"": ""http://data.europa.eu/esco/occupation/dbc88790-a8c1-4dc4-9507-8f9dcff9c990"", ""label"": ""engine designer"", ""score"": 0.5938}, {""uri"": ""http://data.europa.eu/esco/occupation/aff66ae0-d6e1-4de3-b6af-78647defd08c"", ""label"": ""enterprise development worker"", ""score"": 0.586}, {""uri"": ""http://data.europa.eu/esco/occupation/42381741-f3a7-4b26-b35c-da6fad9f1cfd"", ""label"": ""product development engineering technician"", ""score"": 0.568}, {""uri"": ""http://data.europa.eu/esco/occupation/2bef94db-0088-4507-982a-2ca717529adb"", ""label"": ""enterprise architect"", ""score"": 0.5591}, {""uri"": ""http://data.europa.eu/esco/occupation/79fed799-ab3a-43d9-bd91-414c2c3b2f57"", ""label"": ""tooling engineer"", ""score"": 0.5573}, {""uri"": ""http://data.europa.eu/esco/occupation/812c217d-32b7-4f6a-9faf-993d3577ac7f"", ""label"": ""knowledge engineer"", ""score"": 0.5538}, {""uri"": ""http://data.europa.eu/esco/occupation/35553663-deab-4d9a-bf22-15c1625d28e8"", ""label"": ""artificial intelligence engineer"", ""score"": 0.5538}, {""uri"": ""http://data.europa.eu/esco/occupation/1562c7a3-c7d9-419d-b9b6-db26610bcf84"", ""label"": ""data warehouse designer"", ""score"": 0.5518}, {""uri"": ""http://data.europa.eu/esco/occupation/f2b15a0e-e65a-438a-affb-29b9d50b77d1"", ""label"": ""software developer"", ""score"": 0.5503}]",0.60-0.70,20073,40,test
140425003321,QA -IPQA,quality assurance ipqa,Amanta Healthcare,"ipqa, raw material, line process, raw material procurement, inprocess, gmp, in process quality assurance, quality",http://data.europa.eu/esco/occupation/a28dff76-74df-46ee-929f-d1fffbb63cd7,ICT quality assurance manager,0.6628,0.2,"[{""uri"": ""http://data.europa.eu/esco/occupation/61d9270c-491d-438d-8d41-77ba2e0ef023"", ""label"": ""product quality inspector"", ""score"": 0.6909}, {""uri"": ""http://data.europa.eu/esco/occupation/a28dff76-74df-46ee-929f-d1fffbb63cd7"", ""label"": ""ICT quality assurance manager"", ""score"": 0.6628}, {""uri"": ""http://data.europa.eu/esco/occupation/d7d986e1-7333-431b-9719-0c5c6939e360"", ""label"": ""civil engineer"", ""score"": 0.6619}, {""uri"": ""http://data.europa.eu/esco/occupation/109e0a5d-203d-4af6-8f70-692111335ec3"", ""label"": ""quality services manager"", ""score"": 0.6534}, {""uri"": ""http://data.europa.eu/esco/occupation/fdb16700-109e-4d02-949e-3213f278df93"", ""label"": ""industrial quality manager"", ""score"": 0.634}, {""uri"": ""http://data.europa.eu/esco/occupation/30c0943c-caa1-411d-b273-26f475971273"", ""label"": ""quality engineer"", ""score"": 0.6302}, {""uri"": ""http://data.europa.eu/esco/occupation/0d93706d-32fd-4de3-aa08-be1003e325da"", ""label"": ""chemist"", ""score"": 0.6275}, {""uri"": ""http://data.europa.eu/esco/occupation/cc8f929a-75fa-404d-aa17-3301fb494b4f"", ""label"": ""product grader"", ""score"": 0.6232}, {""uri"": ""http://data.europa.eu/esco/occupation/b0ad8659-0410-4b5b-9466-a90f8b3cdac9"", ""label"": ""product quality controller"", ""score"": 0.6232}, {""uri"": ""http://data.europa.eu/esco/occupation/1f8967ce-9faa-4d56-a656-50e041f7d07e"", ""label"": ""leather goods quality manager"", ""score"": 0.6073}]",0.60-0.70,20073,40,test
300925502838,Category Buyer,category buyer,Caterpillar Inc,"procurement, data analysis, bidding, risk assessment, data collection, strategic sourcing, market research, predictive modeling",http://data.europa.eu/esco/occupation/29fa406d-de89-4515-be8d-0fe7bda993f1,purchaser,0.6807,0.16666666666666666,"[{""uri"": ""http://data.europa.eu/esco/occupation/547b304b-9a72-4717-9b24-b7046df5f64e"", ""label"": ""specialised seller"", ""score"": 0.6906}, {""uri"": ""http://data.europa.eu/esco/occupation/29fa406d-de89-4515-be8d-0fe7bda993f1"", ""label"": ""purchaser"", ""score"": 0.6807}, {""uri"": ""http://data.europa.eu/esco/occupation/1739b07b-7e8f-4dcb-bc59-b5ae18f30077"", ""label"": ""wholesale merchant in household goods"", ""score"": 0.6627}, {""uri"": ""http://data.europa.eu/esco/occupation/dab60fc6-c16e-4de7-b969-b323784f5a49"", ""label"": ""category manager"", ""score"": 0.6619}, {""uri"": ""http://data.europa.eu/esco/occupation/3ac7fbb4-91b2-4d4d-abc8-7a6c55ed648f"", ""label"": ""wholesale merchant"", ""score"": 0.6527}, {""uri"": ""http://data.europa.eu/esco/occupation/2af80b12-a73a-4cc2-8af1-d26a1e60738d"", ""label"": ""commodity broker"", ""score"": 0.6495}, {""uri"": ""http://data.europa.eu/esco/occupation/f1ecc3c4-8212-4386-871a-6fda1b5b4d91"", ""label"": ""auctioneer"", ""score"": 0.6456}, {""uri"": ""http://data.europa.eu/esco/occupation/c822ca35-6c36-4eab-97fa-90f2775091c3"", ""label"": ""market vendor"", ""score"": 0.6441}, {""uri"": ""http://data.europa.eu/esco/occupation/6a163fef-dee8-4583-82b0-13b76d8a27b2"", ""label"": ""motor vehicles specialised seller"", ""score"": 0.6406}, {""uri"": ""http://data.europa.eu/esco/occupation/0561328b-875b-4ae2-9ba1-9af9049aef01"", ""label"": ""procurement category specialist"", ""score"": 0.6402}]",0.60-0.70,20073,40,test
230925504512,Staff Inbound Product Manager,staff inbound product manager,Snow Planet,"product strategy, project management, ux, product life cycle management, business analysis, wireframing, business development, market research",http://data.europa.eu/esco/occupation/6fcf4638-e7c7-4978-9302-9a7b63a3d57c,marketing manager,0.6959,0.5,"[{""uri"": ""http://data.europa.eu/esco/occupation/9f508305-80ce-4111-8722-f2c9b4a44890"", ""label"": ""product manager"", ""score"": 0.7323}, {""uri"": ""http://data.europa.eu/esco/occupation/6fcf4638-e7c7-4978-9302-9a7b63a3d57c"", ""label"": ""marketing manager"", ""score"": 0.6959}, {""uri"": ""http://data.europa.eu/esco/occupation/e5a63940-57d3-4065-8713-74b4e2c93063"", ""label"": ""product and services manager"", ""score"": 0.6624}, {""uri"": ""http://data.europa.eu/esco/occupation/a79170ad-0b7b-4697-864f-1748359aa10a"", ""label"": ""ICT product manager"", ""score"": 0.6609}, {""uri"": ""http://data.europa.eu/esco/occupation/1488589a-7b83-471d-b094-492f5616f4e0"", ""label"": ""product development manager"", ""score"": 0.647}, {""uri"": ""http://data.europa.eu/esco/occupation/fd00e4bb-dcee-41d7-81d3-2cdebad8fe70"", ""label"": ""import export manager in chemical products"", ""score"": 0.6378}, {""uri"": ""http://data.europa.eu/esco/occupation/3a4c4e33-ee34-4abe-ba5c-26f9037d292f"", ""label"": ""trade regional manager"", ""score"": 0.6374}, {""uri"": ""http://data.europa.eu/esco/occupation/8a0afc76-4a09-449a-9e7b-a33495889f95"", ""label"": ""chief product officer"", ""score"": 0.6184}, {""uri"": ""http://data.europa.eu/esco/occupation/b12b14fd-5b74-40c6-afd9-dd35b34e27ed"", ""label"": ""industrial assembly supervisor"", ""score"": 0.6123}, {""uri"": ""http://data.europa.eu/esco/occupation/f605bcd2-90b6-45a0-a558-d05016d68a77"", ""label"": ""human resources manager"", ""score"": 0.6116}]",0.60-0.70,20073,40,dev
290925019022,QA -Chennai -Immediate Joiners (Only) 5+ years,quality assurance chennai 5+ years,Innova Solutions,"java, selenium, cucumber, xpath, quality assurance",http://data.europa.eu/esco/occupation/109e0a5d-203d-4af6-8f70-692111335ec3,quality services manager,0.6456,0.25,"[{""uri"": ""http://data.europa.eu/esco/occupation/d7d986e1-7333-431b-9719-0c5c6939e360"", ""label"": ""civil engineer"", ""score"": 0.6799}, {""uri"": ""http://data.europa.eu/esco/occupation/109e0a5d-203d-4af6-8f70-692111335ec3"", ""label"": ""quality services manager"", ""score"": 0.6456}, {""uri"": ""http://data.europa.eu/esco/occupation/1f8967ce-9faa-4d56-a656-50e041f7d07e"", ""label"": ""leather goods quality manager"", ""score"": 0.6404}, {""uri"": ""http://data.europa.eu/esco/occupation/30c0943c-caa1-411d-b273-26f475971273"", ""label"": ""quality engineer"", ""score"": 0.6404}, {""uri"": ""http://data.europa.eu/esco/occupation/61d9270c-491d-438d-8d41-77ba2e0ef023"", ""label"": ""product quality inspector"", ""score"": 0.6364}, {""uri"": ""http://data.europa.eu/esco/occupation/580c98d4-fb97-4597-864c-54140f058f1b"", ""label"": ""call centre quality auditor"", ""score"": 0.6318}, {""uri"": ""http://data.europa.eu/esco/occupation/a28dff76-74df-46ee-929f-d1fffbb63cd7"", ""label"": ""ICT quality assurance manager"", ""score"": 0.6294}, {""uri"": ""http://data.europa.eu/esco/occupation/0d93706d-32fd-4de3-aa08-be1003e325da"", ""label"": ""chemist"", ""score"": 0.6267}, {""uri"": ""http://data.europa.eu/esco/occupation/745c8bb3-b50b-4380-9377-1b68a6576986"", ""label"": ""textile process controller"", ""score"": 0.626}, {""uri"": ""http://data.europa.eu/esco/occupation/fdb16700-109e-4d02-949e-3213f278df93"", ""label"": ""industrial quality manager"", ""score"": 0.6234}]",0.60-0.70,20073,40,dev
250925030374,Sr Revenue Analyst. AR ( US Healthcare ),revenue analyst. ar,ZG Staffing Solutions,"ar, revenue analysis, hipaa, rejection, accounts receivable, denials, revenue recognition, sr",http://data.europa.eu/esco/occupation/002da35b-7808-43f3-83bf-63596b8b351f,hospitality revenue manager,0.6864,0.25,"[{""uri"": ""http://data.europa.eu/esco/occupation/caafca69-9faa-4850-8930-a3fa07fea4e6"", ""label"": ""accounting analyst"", ""score"": 0.7163}, {""uri"": ""http://data.europa.eu/esco/occupation/b7f47c25-bdf3-42fa-a68e-ad32754b2dba"", ""label"": ""investment analyst"", ""score"": 0.7024}, {""uri"": ""http://data.europa.eu/esco/occupation/002da35b-7808-43f3-83bf-63596b8b351f"", ""label"": ""hospitality revenue manager"", ""score"": 0.6864}, {""uri"": ""http://data.europa.eu/esco/occupation/4e4a291d-1d38-4c5a-812a-5827d0691b11"", ""label"": ""budget analyst"", ""score"": 0.6732}, {""uri"": ""http://data.europa.eu/esco/occupation/8d586ee9-0ab1-4155-a3b0-2ca786c8e48c"", ""label"": ""financial analyst"", ""score"": 0.6729}, {""uri"": ""http://data.europa.eu/esco/occupation/7843a4c6-a9f6-4095-94b9-45b384d4bd57"", ""label"": ""market research interviewer"", ""score"": 0.6647}, {""uri"": ""http://data.europa.eu/esco/occupation/66fb9704-0d56-4673-8e69-7823816b73e1"", ""label"": ""market research analyst"", ""score"": 0.6647}, {""uri"": ""http://data.europa.eu/esco/occupation/b3e459a2-0103-4182-8882-c255d474a7ff"", ""label"": ""tax policy analyst"", ""score"": 0.6635}, {""uri"": ""http://data.europa.eu/esco/occupation/e16c2422-1323-4d8a-bd0f-c7584de70be1"", ""label"": ""pricing specialist"", ""score"": 0.6634}, {""uri"": ""http://data.europa.eu/esco/occupation/60082a99-d8ef-4e84-9290-78902681b6ed"", ""label"": ""business analyst"", ""score"": 0.6627}]",0.60-0.70,20073,40,test
040725016204,Unity Developer,unity developer,Ingenuity Gaming,"unity, c#, unity3d, unity engine, unity framework, gaming, engine, framework",http://data.europa.eu/esco/occupation/866c7813-2c03-47d7-9bdc-192cfbace57c,user interface developer,0.6425,0.1,"[{""uri"": ""http://data.europa.eu/esco/occupation/866c7813-2c03-47d7-9bdc-192cfbace57c"", ""label"": ""user interface developer"", ""score"": 0.6425}, {""uri"": ""http://data.europa.eu/esco/occupation/5f50290d-f520-4a69-85c7-1390d2a4a8b6"", ""label"": ""ICT usability tester"", ""score"": 0.5978}, {""uri"": ""http://data.europa.eu/esco/occupation/f2b15a0e-e65a-438a-affb-29b9d50b77d1"", ""label"": ""software developer"", ""score"": 0.5861}, {""uri"": ""http://data.europa.eu/esco/occupation/bab5fa79-7f96-4e21-87b6-1eba560b8d9a"", ""label"": ""3D modeller"", ""score"": 0.5818}, {""uri"": ""http://data.europa.eu/esco/occupation/bd272aee-adc9-4a06-a15c-a73b4b4a46a7"", ""label"": ""ICT application developer"", ""score"": 0.58}, {""uri"": ""http://data.europa.eu/esco/occupation/a7c1d23d-aeca-4bee-9a08-5993ed98b135"", ""label"": ""ICT system developer"", ""score"": 0.5796}, {""uri"": ""http://data.europa.eu/esco/occupation/b9711647-463f-4991-a858-d5de66ff2f83"", ""label"": ""property developer"", ""score"": 0.5486}, {""uri"": ""http://data.europa.eu/esco/occupation/96e20037-0a25-4bf6-a25e-808d1605d890"", ""label"": ""user interface designer"", ""score"": 0.5472}, {""uri"": ""http://data.europa.eu/esco/occupation/a6517365-211c-456d-aca4-1a0115c7b1e1"", ""label"": ""e-learning architect"", ""score"": 0.5462}, {""uri"": ""http://data.europa.eu/esco/occupation/9f508305-80ce-4111-8722-f2c9b4a44890"", ""label"": ""product manager"", ""score"": 0.5422}]",0.60-0.70,20073,40,dev
300925010436,"Anesthesiologist JOB IN Palakkad, Kerala, INDIA",anesthesiologist job in palakkad kerala india,Doctors Door Health Care Staffing And Consultant,"md, diploma in anaesthesia, dnb, anesthesiologist, consultant anaesthesiologist, mdt, anesthesia, anaesthesiologist",http://data.europa.eu/esco/occupation/16e65196-3449-4c88-b379-0aa98f43db2b,anaesthetic technician,0.6289,1.0,"[{""uri"": ""http://data.europa.eu/esco/occupation/16e65196-3449-4c88-b379-0aa98f43db2b"", ""label"": ""anaesthetic technician"", ""score"": 0.6289}, {""uri"": ""http://data.europa.eu/esco/occupation/0c041d1e-1841-4acb-b0a1-2c387a61bf65"", ""label"": ""doctors' surgery assistant"", ""score"": 0.5403}, {""uri"": ""http://data.europa.eu/esco/occupation/0bf5d25a-2b4d-43b5-b053-beeb210fa43a"", ""label"": ""medicine lecturer"", ""score"": 0.5259}, {""uri"": ""http://data.europa.eu/esco/occupation/92be1fac-97c4-4d4d-ada7-f6aa07d6f316"", ""label"": ""waiting list coordinator"", ""score"": 0.5213}, {""uri"": ""http://data.europa.eu/esco/occupation/0c7c9606-fde3-4658-8136-8fe0c9b8bd09"", ""label"": ""medical device engineer"", ""score"": 0.5031}, {""uri"": ""http://data.europa.eu/esco/occupation/b3ebf55f-5e50-4262-946a-f08d7fbe29b2"", ""label"": ""healthcare specialist lecturer"", ""score"": 0.5026}, {""uri"": ""http://data.europa.eu/esco/occupation/045f05f2-4ff8-46b2-9d08-e12a81657498"", ""label"": ""medical administrative assistant"", ""score"": 0.4905}, {""uri"": ""http://data.europa.eu/esco/occupation/bca063d2-a904-45db-b3f4-0fd7e681753e"", ""label"": ""surgical instrument maker"", ""score"": 0.4798}, {""uri"": ""http://data.europa.eu/esco/occupation/500b7b14-507c-4c49-816d-c1d0b05b85e4"", ""label"": ""prosthetic-orthotics technician"", ""score"": 0.4791}, {""uri"": ""http://data.europa.eu/esco/occupation/8bbac392-3d62-4c46-a56e-3f244fdda216"", ""label"": ""orthopaedic supply shop manager"", ""score"": 0.4749}]",0.60-0.70,20073,40,dev
230925935927,"Director - Metrics, Analytics & Reporting",director metrics analytics & reporting,Mercer,"backoffice planning, project management, contact centre operations, supply chain, stakeholder management, predictive modeling, forecasting, business intelligence",http://data.europa.eu/esco/occupation/8213b4bc-60ce-4ffc-9e00-9758fb2003c6,monitoring and evaluation officer,0.6075,0.0,"[{""uri"": ""http://data.europa.eu/esco/occupation/8213b4bc-60ce-4ffc-9e00-9758fb2003c6"", ""label"": ""monitoring and evaluation officer"", ""score"": 0.6075}, {""uri"": ""http://data.europa.eu/esco/occupation/4b3201cb-ffc5-4f61-9fc3-5c0f0038fa5f"", ""label"": ""ICT business analysis manager"", ""score"": 0.5676}, {""uri"": ""http://data.europa.eu/esco/occupation/1313aeea-63a9-4b4d-82d1-dbe00ff9ed10"", ""label"": ""corporate social responsibility manager"", ""score"": 0.5587}, {""uri"": ""http://data.europa.eu/esco/occupation/e297ec12-4712-40a4-ad98-ba004cacb205"", ""label"": ""chief data officer"", ""score"": 0.5428}, {""uri"": ""http://data.europa.eu/esco/occupation/aeb7c6bd-22c9-43c2-8551-a1cc2560584f"", ""label"": ""forecast manager"", ""score"": 0.5406}, {""uri"": ""http://data.europa.eu/esco/occupation/6cc19251-763b-4de1-b4f7-526c9ff732d2"", ""label"": ""public relations manager"", ""score"": 0.5403}, {""uri"": ""http://data.europa.eu/esco/occupation/44e0c015-309d-4f67-98a3-1e036966ed7f"", ""label"": ""budget manager"", ""score"": 0.5395}, {""uri"": ""http://data.europa.eu/esco/occupation/eda0d957-3c3c-4139-b89a-a18bc9e18897"", ""label"": ""accountant"", ""score"": 0.5307}, {""uri"": ""http://data.europa.eu/esco/occupation/580c98d4-fb97-4597-864c-54140f058f1b"", ""label"": ""call centre quality auditor"", ""score"": 0.5146}, {""uri"": ""http://data.europa.eu/esco/occupation/76a1a76c-b014-4600-8901-56cb936de7ed"", ""label"": ""ICT auditor manager"", ""score"": 0.5068}]",0.60-0.70,20073,40,test
270925006772,Assistant Manager US Healthcare | 5-8 Years | Visakhapatnam,assistant manager us healthcare 5 8 years visakhapatnam,Crescendo Global Leadership Hiring India,"assistant manager, process management, healthcare, sla management, quality control, workflow management, team management, health services",http://data.europa.eu/esco/occupation/d4d6842b-27f0-4222-85db-c542acf6d434,public health policy officer,0.6688,0.14285714285714285,"[{""uri"": ""http://data.europa.eu/esco/occupation/d4d6842b-27f0-4222-85db-c542acf6d434"", ""label"": ""public health policy officer"", ""score"": 0.6688}, {""uri"": ""http://data.europa.eu/esco/occupation/1b3e150f-8ec1-47e2-a2ef-d02632efe0d5"", ""label"": ""medical goods shop manager"", ""score"": 0.62}, {""uri"": ""http://data.europa.eu/esco/occupation/173a882d-0a14-4919-ac1b-23e8ee8273de"", ""label"": ""import export manager in hardware, plumbing and heating equipment and supplies"", ""score"": 0.6159}, {""uri"": ""http://data.europa.eu/esco/occupation/0bf5d25a-2b4d-43b5-b053-beeb210fa43a"", ""label"": ""medicine lecturer"", ""score"": 0.6082}, {""uri"": ""http://data.europa.eu/esco/occupation/b3ebf55f-5e50-4262-946a-f08d7fbe29b2"", ""label"": ""healthcare specialist lecturer"", ""score"": 0.6065}, {""uri"": ""http://data.europa.eu/esco/occupation/d871af8b-f6d7-4377-b609-d422afe3b5de"", ""label"": ""drugstore manager"", ""score"": 0.6057}, {""uri"": ""http://data.europa.eu/esco/occupation/d38c2107-98f2-47b7-8bb4-f69750d51082"", ""label"": ""healthcare assistant"", ""score"": 0.6021}, {""uri"": ""http://data.europa.eu/esco/occupation/045f05f2-4ff8-46b2-9d08-e12a81657498"", ""label"": ""medical administrative assistant"", ""score"": 0.5985}, {""uri"": ""http://data.europa.eu/esco/occupation/98588703-5f5c-41c6-a240-3411b6518b83"", ""label"": ""import export specialist in pharmaceutical goods"", ""score"": 0.5891}, {""uri"": ""http://data.europa.eu/esco/occupation/d9632b0a-3c95-4a8a-a15c-c5413beda52e"", ""label"": ""import export manager in pharmaceutical goods"", ""score"": 0.5866}]",0.60-0.70,20073,40,dev
031025015895,Costumer Support,costumer support,Policybazaar,"spoken english, convincing power, strong communication skills, english, communication skills, customer support",http://data.europa.eu/esco/occupation/b3b79192-f6e0-4aa0-92d1-f876508e05b3,costume maker,0.6905,0.0,"[{""uri"": ""http://data.europa.eu/esco/occupation/b3b79192-f6e0-4aa0-92d1-f876508e05b3"", ""label"": ""costume maker"", ""score"": 0.6905}, {""uri"": ""http://data.europa.eu/esco/occupation/cc844eb8-c81d-40ff-af3d-119700e60f23"", ""label"": ""costume buyer"", ""score"": 0.6332}, {""uri"": ""http://data.europa.eu/esco/occupation/9581c837-fee7-4068-9618-1116fd93d723"", ""label"": ""engineering assistant"", ""score"": 0.5829}, {""uri"": ""http://data.europa.eu/esco/occupation/d1b1dfdf-7d60-430a-b569-7dd71b2ebeaa"", ""label"": ""costume designer"", ""score"": 0.568}, {""uri"": ""http://data.europa.eu/esco/occupation/90569478-805c-4d14-a1ba-e9c9c4ac2818"", ""label"": ""victim support officer"", ""score"": 0.5663}, {""uri"": ""http://data.europa.eu/esco/occupation/1242d99a-47f1-4a62-b884-33746db8a6ca"", ""label"": ""ICT help desk manager"", ""score"": 0.5488}, {""uri"": ""http://data.europa.eu/esco/occupation/30739eb6-218b-4e8a-9209-e2f36b9446cd"", ""label"": ""costume attendant"", ""score"": 0.5397}, {""uri"": ""http://data.europa.eu/esco/occupation/bcc2c1db-f969-4355-bebf-4878ff6c2a94"", ""label"": ""service manager"", ""score"": 0.5328}, {""uri"": ""http://data.europa.eu/esco/occupation/dbdc9f7b-31c6-4f21-a9c5-48253bb69c08"", ""label"": ""purchase planner"", ""score"": 0.5307}, {""uri"": ""http://data.europa.eu/esco/occupation/377865f0-c327-4599-8c7e-d428c6588edf"", ""label"": ""purchasing manager"", ""score"": 0.5307}]",0.60-0.70,20073,40,dev
260925022385,Manager/Sr. Manager-Sales,manager/ . manager sales,United Office Systems,"business development, sales, project sales, bdm, b2b sales, sales management, sr, project",http://data.europa.eu/esco/occupation/a7594892-ff23-4e2a-aedf-2f967ebca15c,sales manager,0.7238,0.5,"[{""uri"": ""http://data.europa.eu/esco/occupation/a7594892-ff23-4e2a-aedf-2f967ebca15c"", ""label"": ""sales manager"", ""score"": 0.7238}, {""uri"": ""http://data.europa.eu/esco/occupation/a79d9e58-36be-4e67-a4db-ea6c8ff445fc"", ""label"": ""retail department manager"", ""score"": 0.7008}, {""uri"": ""http://data.europa.eu/esco/occupation/6fcf4638-e7c7-4978-9302-9a7b63a3d57c"", ""label"": ""marketing manager"", ""score"": 0.6837}, {""uri"": ""http://data.europa.eu/esco/occupation/d954fd71-0e2f-4cf9-85f0-c040fa6cbda9"", ""label"": ""promotion manager"", ""score"": 0.6806}, {""uri"": ""http://data.europa.eu/esco/occupation/547b304b-9a72-4717-9b24-b7046df5f64e"", ""label"": ""specialised seller"", ""score"": 0.6788}, {""uri"": ""http://data.europa.eu/esco/occupation/6aa78e46-ce22-421f-8a75-e915ac63c9d0"", ""label"": ""call centre supervisor"", ""score"": 0.6678}, {""uri"": ""http://data.europa.eu/esco/occupation/a2ade835-81c2-452e-a4d8-a90348bbe378"", ""label"": ""aftersales service manager"", ""score"": 0.6565}, {""uri"": ""http://data.europa.eu/esco/occupation/2eac08c2-a81a-46fc-8d75-eb0e0f3e0f6d"", ""label"": ""sales account manager"", ""score"": 0.6495}, {""uri"": ""http://data.europa.eu/esco/occupation/377865f0-c327-4599-8c7e-d428c6588edf"", ""label"": ""purchasing manager"", ""score"": 0.6379}, {""uri"": ""http://data.europa.eu/esco/occupation/b21b5952-1658-44f8-b719-e5be7fb39866"", ""label"": ""motor vehicle shop manager"", ""score"": 0.6302}]",0.70-0.80,20075,40,test
180925017433,Sourcing & Procurement,sourcing & procurement,Enrich And Enlight Business Consulting,"procurement, sap, sourcing, pr to po process, ariba, purchase requisition, rfi, rfx",http://data.europa.eu/esco/occupation/29fa406d-de89-4515-be8d-0fe7bda993f1,purchaser,0.7232,0.3333333333333333,"[{""uri"": ""http://data.europa.eu/esco/occupation/377865f0-c327-4599-8c7e-d428c6588edf"", ""label"": ""purchasing manager"", ""score"": 0.7493}, {""uri"": ""http://data.europa.eu/esco/occupation/d08b4700-758c-467d-ab77-d5a8029c4070"", ""label"": ""standalone public buyer"", ""score"": 0.7472}, {""uri"": ""http://data.europa.eu/esco/occupation/29fa406d-de89-4515-be8d-0fe7bda993f1"", ""label"": ""purchaser"", ""score"": 0.7232}, {""uri"": ""http://data.europa.eu/esco/occupation/cb4f98c8-6b8d-41d8-87eb-a2a2033a3a25"", ""label"": ""public procurement specialist"", ""score"": 0.7076}, {""uri"": ""http://data.europa.eu/esco/occupation/dbdc9f7b-31c6-4f21-a9c5-48253bb69c08"", ""label"": ""purchase planner"", ""score"": 0.6887}, {""uri"": ""http://data.europa.eu/esco/occupation/aacc3918-b5d3-484b-9480-5d29aa550d74"", ""label"": ""supply chain manager"", ""score"": 0.6568}, {""uri"": ""http://data.europa.eu/esco/occupation/c9b2b0a7-0adc-4ca7-bf7c-dc95e18aeac7"", ""label"": ""procurement support officer"", ""score"": 0.6511}, {""uri"": ""http://data.europa.eu/esco/occupation/91f93dc4-1b71-4053-b6fb-c579ec19303a"", ""label"": ""procurement department manager"", ""score"": 0.6502}, {""uri"": ""http://data.europa.eu/esco/occupation/974d4eab-fbee-4c52-b16e-73bdd8c25b53"", ""label"": ""lawyer"", ""score"": 0.6476}, {""uri"": ""http://data.europa.eu/esco/occupation/0561328b-875b-4ae2-9ba1-9af9049aef01"", ""label"": ""procurement category specialist"", ""score"": 0.6392}]",0.70-0.80,20075,40,dev
240925036933,Java Developer,java developer,Qualitest,"cerner, emr, microservices, development, java development, java",http://data.europa.eu/esco/occupation/f2b15a0e-e65a-438a-affb-29b9d50b77d1,software developer,0.7308,0.25,"[{""uri"": ""http://data.europa.eu/esco/occupation/f2b15a0e-e65a-438a-affb-29b9d50b77d1"", ""label"": ""software developer"", ""score"": 0.7308}, {""uri"": ""http://data.europa.eu/esco/occupation/bd272aee-adc9-4a06-a15c-a73b4b4a46a7"", ""label"": ""ICT application developer"", ""score"": 0.7236}, {""uri"": ""http://data.europa.eu/esco/occupation/04ba4d6c-957d-417f-bf63-5b9e015a9f86"", ""label"": ""software analyst"", ""score"": 0.7178}, {""uri"": ""http://data.europa.eu/esco/occupation/c40a2919-48a9-40ea-b506-1f34f693496d"", ""label"": ""web developer"", ""score"": 0.6956}, {""uri"": ""http://data.europa.eu/esco/occupation/2ed56c3f-61d6-4f7e-9ef8-8849eb102e4c"", ""label"": ""mobile application developer"", ""score"": 0.6924}, {""uri"": ""http://data.europa.eu/esco/occupation/866c7813-2c03-47d7-9bdc-192cfbace57c"", ""label"": ""user interface developer"", ""score"": 0.6749}, {""uri"": ""http://data.europa.eu/esco/occupation/d0aa0792-4345-474b-9365-686cf4869d2e"", ""label"": ""software architect"", ""score"": 0.666}, {""uri"": ""http://data.europa.eu/esco/occupation/9ebaf3f0-0be0-47b7-b2b1-b3b04130fa81"", ""label"": ""digital games developer"", ""score"": 0.658}, {""uri"": ""http://data.europa.eu/esco/occupation/a6517365-211c-456d-aca4-1a0115c7b1e1"", ""label"": ""e-learning architect"", ""score"": 0.6574}, {""uri"": ""http://data.europa.eu/esco/occupation/a7c1d23d-aeca-4bee-9a08-5993ed98b135"", ""label"": ""ICT system developer"", ""score"": 0.6524}]",0.70-0.80,20075,40,test
300925016243,Walk-in For Mechanical Engineer,for mechanical engineer,Veolia,"package engineer, sizing calculations, project engineering, detail engineering, detailing, packaging, project, sizing",http://data.europa.eu/esco/occupation/579254cf-6d69-4889-9000-9c79dc568644,mechanical engineer,0.7612,0.0,"[{""uri"": ""http://data.europa.eu/esco/occupation/579254cf-6d69-4889-9000-9c79dc568644"", ""label"": ""mechanical engineer"", ""score"": 0.7612}, {""uri"": ""http://data.europa.eu/esco/occupation/77abfaec-a250-4765-95fa-6091e8da1bba"", ""label"": ""electromechanical engineer"", ""score"": 0.7238}, {""uri"": ""http://data.europa.eu/esco/occupation/38240cc5-d1d9-4de9-9480-29c51da291eb"", ""label"": ""mechanical engineering drafter"", ""score"": 0.7069}, {""uri"": ""http://data.europa.eu/esco/occupation/b31e404e-9af6-457d-a58a-208f612eeba3"", ""label"": ""mechanical engineering technician"", ""score"": 0.7068}, {""uri"": ""http://data.europa.eu/esco/occupation/d1974e0c-8f92-473b-a32d-f0616c08b1ff"", ""label"": ""precision mechanic"", ""score"": 0.6931}, {""uri"": ""http://data.europa.eu/esco/occupation/269c47e7-9017-4aa6-bce8-49e89a696a64"", ""label"": ""industrial machinery mechanic"", ""score"": 0.6922}, {""uri"": ""http://data.europa.eu/esco/occupation/c44c078d-85e4-40a3-9598-2c333d7a24ca"", ""label"": ""paper engineer"", ""score"": 0.688}, {""uri"": ""http://data.europa.eu/esco/occupation/615920c5-4f63-4eb3-8b60-afaaed3ab1ff"", ""label"": ""maintenance and repair engineer"", ""score"": 0.688}, {""uri"": ""http://data.europa.eu/esco/occupation/ab360abd-32e2-4e03-967d-a10758efffa7"", ""label"": ""mechatronics engineer"", ""score"": 0.6755}, {""uri"": ""http://data.europa.eu/esco/occupation/42381741-f3a7-4b26-b35c-da6fad9f1cfd"", ""label"": ""product development engineering technician"", ""score"": 0.6745}]",0.70-0.80,20075,40,test
290925907830,Assistant Project Manager,assistant project manager,Cushman & Wakefield,"project management, project quality, contractors, construction, agile, site execution, risk assessment, real estate",http://data.europa.eu/esco/occupation/faed05c0-c1d1-4e34-b575-0dea96459e56,construction manager,0.7564,0.5,"[{""uri"": ""http://data.europa.eu/esco/occupation/bea99fea-0383-4c63-b944-70d4799de2c5"", ""label"": ""project manager"", ""score"": 0.8292}, {""uri"": ""http://data.europa.eu/esco/occupation/8cce40c1-4479-47e7-b5fc-c976631d919f"", ""label"": ""management assistant"", ""score"": 0.8008}, {""uri"": ""http://data.europa.eu/esco/occupation/2a04a1df-a3b9-403e-a245-e7f93fdddd44"", ""label"": ""executive assistant"", ""score"": 0.8008}, {""uri"": ""http://data.europa.eu/esco/occupation/5ccb2c34-e860-43a5-9869-342487518115"", ""label"": ""project support officer"", ""score"": 0.7788}, {""uri"": ""http://data.europa.eu/esco/occupation/faed05c0-c1d1-4e34-b575-0dea96459e56"", ""label"": ""construction manager"", ""score"": 0.7564}, {""uri"": ""http://data.europa.eu/esco/occupation/ba3bacd4-73e9-4861-a9c0-f89f1f28055a"", ""label"": ""construction general contractor"", ""score"": 0.7564}, {""uri"": ""http://data.europa.eu/esco/occupation/0cca32c2-9308-4927-adb2-14771ab787f0"", ""label"": ""quantity surveyor"", ""score"": 0.7564}, {""uri"": ""http://data.europa.eu/esco/occupation/8de99659-5b10-4825-ac67-0c50189bcc3c"", ""label"": ""packaging production manager"", ""score"": 0.7509}, {""uri"": ""http://data.europa.eu/esco/occupation/e5a63940-57d3-4065-8713-74b4e2c93063"", ""label"": ""product and services manager"", ""score"": 0.7328}, {""uri"": ""http://data.europa.eu/esco/occupation/3f3748a7-4bb3-40b4-9ae3-1c5040c70f52"", ""label"": ""rail project engineer"", ""score"": 0.7321}]",0.70-0.80,20075,40,test
080925027334,Java Developer,java developer,Hsbc,"java, spring, devops, microservices, java development, development",http://data.europa.eu/esco/occupation/04ba4d6c-957d-417f-bf63-5b9e015a9f86,software analyst,0.7178,0.3333333333333333,"[{""uri"": ""http://data.europa.eu/esco/occupation/f2b15a0e-e65a-438a-affb-29b9d50b77d1"", ""label"": ""software developer"", ""score"": 0.7308}, {""uri"": ""http://data.europa.eu/esco/occupation/bd272aee-adc9-4a06-a15c-a73b4b4a46a7"", ""label"": ""ICT application developer"", ""score"": 0.7236}, {""uri"": ""http://data.europa.eu/esco/occupation/04ba4d6c-957d-417f-bf63-5b9e015a9f86"", ""label"": ""software analyst"", ""score"": 0.7178}, {""uri"": ""http://data.europa.eu/esco/occupation/c40a2919-48a9-40ea-b506-1f34f693496d"", ""label"": ""web developer"", ""score"": 0.6956}, {""uri"": ""http://data.europa.eu/esco/occupation/2ed56c3f-61d6-4f7e-9ef8-8849eb102e4c"", ""label"": ""mobile application developer"", ""score"": 0.6924}, {""uri"": ""http://data.europa.eu/esco/occupation/866c7813-2c03-47d7-9bdc-192cfbace57c"", ""label"": ""user interface developer"", ""score"": 0.6749}, {""uri"": ""http://data.europa.eu/esco/occupation/d0aa0792-4345-474b-9365-686cf4869d2e"", ""label"": ""software architect"", ""score"": 0.666}, {""uri"": ""http://data.europa.eu/esco/occupation/9ebaf3f0-0be0-47b7-b2b1-b3b04130fa81"", ""label"": ""digital games developer"", ""score"": 0.658}, {""uri"": ""http://data.europa.eu/esco/occupation/a6517365-211c-456d-aca4-1a0115c7b1e1"", ""label"": ""e-learning architect"", ""score"": 0.6574}, {""uri"": ""http://data.europa.eu/esco/occupation/a7c1d23d-aeca-4bee-9a08-5993ed98b135"", ""label"": ""ICT system developer"", ""score"": 0.6524}]",0.70-0.80,20075,40,dev
230925501364,Pathology Equipment Expert,pathology equipment expert,Istos Medical,"erection, cytology, pathology, lab testing, blood bank, clinical chemistry, preventive maintenance, microbiology",http://data.europa.eu/esco/occupation/4a5b3686-eea4-4ba0-b446-33f7b6a95aed,anatomical pathology technician,0.782,0.2857142857142857,"[{""uri"": ""http://data.europa.eu/esco/occupation/4a5b3686-eea4-4ba0-b446-33f7b6a95aed"", ""label"": ""anatomical pathology technician"", ""score"": 0.782}, {""uri"": ""http://data.europa.eu/esco/occupation/30641348-f9f2-4fe5-ab8c-fe6ff9931a54"", ""label"": ""medical device engineering technician"", ""score"": 0.7561}, {""uri"": ""http://data.europa.eu/esco/occupation/bca063d2-a904-45db-b3f4-0fd7e681753e"", ""label"": ""surgical instrument maker"", ""score"": 0.7292}, {""uri"": ""http://data.europa.eu/esco/occupation/b3ebf55f-5e50-4262-946a-f08d7fbe29b2"", ""label"": ""healthcare specialist lecturer"", ""score"": 0.7101}, {""uri"": ""http://data.europa.eu/esco/occupation/7d092380-1c2e-48fe-81de-0d191b4e96d6"", ""label"": ""diagnostic radiographer"", ""score"": 0.708}, {""uri"": ""http://data.europa.eu/esco/occupation/68ad860f-c5cd-420f-840f-993e3e813508"", ""label"": ""consumer goods inspector"", ""score"": 0.7035}, {""uri"": ""http://data.europa.eu/esco/occupation/0c7c9606-fde3-4658-8136-8fe0c9b8bd09"", ""label"": ""medical device engineer"", ""score"": 0.7029}, {""uri"": ""http://data.europa.eu/esco/occupation/24a170fc-be68-43a5-93f1-7a5c31c6062b"", ""label"": ""medical device assembler"", ""score"": 0.7025}, {""uri"": ""http://data.europa.eu/esco/occupation/2e8820ba-5b2d-4572-92a1-942dbd02a6d6"", ""label"": ""biomedical scientist"", ""score"": 0.6796}, {""uri"": ""http://data.europa.eu/esco/occupation/734bb387-ea3a-4c62-abc1-05f894d51921"", ""label"": ""medical laboratory technology vocational teacher"", ""score"": 0.6793}]",0.70-0.80,20075,40,dev
250925921271,Hr Executive And Generalist,human resources executive and generalist,Bombay Coated And Special Steels,"hr generalist activities, generalist activities, hrsd",http://data.europa.eu/esco/occupation/f605bcd2-90b6-45a0-a558-d05016d68a77,human resources manager,0.7773,0.0,"[{""uri"": ""http://data.europa.eu/esco/occupation/f605bcd2-90b6-45a0-a558-d05016d68a77"", ""label"": ""human resources manager"", ""score"": 0.7773}, {""uri"": ""http://data.europa.eu/esco/occupation/d3e32e5e-7f24-48e3-b939-e4f800eb62fb"", ""label"": ""human resources officer"", ""score"": 0.736}, {""uri"": ""http://data.europa.eu/esco/occupation/d8ed1703-9c03-4ea0-83cc-b6169bc54ffd"", ""label"": ""human resources assistant"", ""score"": 0.7336}, {""uri"": ""http://data.europa.eu/esco/occupation/14031d4a-6e99-442f-b4fe-18262b6432b2"", ""label"": ""commercial sales representative"", ""score"": 0.6704}, {""uri"": ""http://data.europa.eu/esco/occupation/725090a7-9943-4dae-8079-a6999d21ddba"", ""label"": ""client relations manager"", ""score"": 0.6275}, {""uri"": ""http://data.europa.eu/esco/occupation/763f82c2-81e3-48d2-9cdf-f532b5016a1f"", ""label"": ""weight loss consultant"", ""score"": 0.6228}, {""uri"": ""http://data.europa.eu/esco/occupation/9f12704c-5e6c-47b0-a866-3b92663e6a4b"", ""label"": ""resource manager"", ""score"": 0.6195}, {""uri"": ""http://data.europa.eu/esco/occupation/cd7b838c-51f6-41ec-9067-bb974c0f991b"", ""label"": ""communication manager"", ""score"": 0.6163}, {""uri"": ""http://data.europa.eu/esco/occupation/d4d6842b-27f0-4222-85db-c542acf6d434"", ""label"": ""public health policy officer"", ""score"": 0.6161}, {""uri"": ""http://data.europa.eu/esco/occupation/9e285322-2cfa-430f-9b66-41be57d698e2"", ""label"": ""public affairs consultant"", ""score"": 0.6108}]",0.70-0.80,20075,40,dev
280925004371,Hiring Store Manager @Punjab,store manager punjab,Reliance Retail,"store operations, retail operations, store management, retail store operations, store supervision, showroom management, retail management, shrinkage control",http://data.europa.eu/esco/occupation/9e81adde-9983-44fa-b74b-c548d0dbfbdd,shop manager,0.7911,0.0,"[{""uri"": ""http://data.europa.eu/esco/occupation/9e81adde-9983-44fa-b74b-c548d0dbfbdd"", ""label"": ""shop manager"", ""score"": 0.7911}, {""uri"": ""http://data.europa.eu/esco/occupation/7dec82e0-3bfc-4c48-812d-c2095bfe05bb"", ""label"": ""department store manager"", ""score"": 0.7354}, {""uri"": ""http://data.europa.eu/esco/occupation/bdfb48e0-79dc-4b63-8470-db2e03b37326"", ""label"": ""shop supervisor"", ""score"": 0.7335}, {""uri"": ""http://data.europa.eu/esco/occupation/a79d9e58-36be-4e67-a4db-ea6c8ff445fc"", ""label"": ""retail department manager"", ""score"": 0.7201}, {""uri"": ""http://data.europa.eu/esco/occupation/b7744a45-a4ce-4037-b679-3d2377e17f31"", ""label"": ""supermarket manager"", ""score"": 0.7133}, {""uri"": ""http://data.europa.eu/esco/occupation/1b3e150f-8ec1-47e2-a2ef-d02632efe0d5"", ""label"": ""medical goods shop manager"", ""score"": 0.7011}, {""uri"": ""http://data.europa.eu/esco/occupation/f70e5875-df7e-40be-a315-3ac1c9d36d64"", ""label"": ""second-hand shop manager"", ""score"": 0.6962}, {""uri"": ""http://data.europa.eu/esco/occupation/9beeb1f0-5aca-4bde-bae9-c74ddb94fac3"", ""label"": ""textile shop manager"", ""score"": 0.6961}, {""uri"": ""http://data.europa.eu/esco/occupation/980c52f3-0054-45b1-a6f1-20ee8a1e8b9e"", ""label"": ""clothing shop manager"", ""score"": 0.6928}, {""uri"": ""http://data.europa.eu/esco/occupation/d7a9f9e0-e2f5-4804-a0e0-b21ebb1403ee"", ""label"": ""inventory coordinator"", ""score"": 0.6918}]",0.70-0.80,20075,40,dev
260925501485,Front end Developer Suchi,front end developer suchi,Vision Beyond Resources India Private Limited,"front end, version control, git, web technologies, html5, javascript, seo, ajax",http://data.europa.eu/esco/occupation/866c7813-2c03-47d7-9bdc-192cfbace57c,user interface developer,0.7675,0.5,"[{""uri"": ""http://data.europa.eu/esco/occupation/866c7813-2c03-47d7-9bdc-192cfbace57c"", ""label"": ""user interface developer"", ""score"": 0.7675}, {""uri"": ""http://data.europa.eu/esco/occupation/c40a2919-48a9-40ea-b506-1f34f693496d"", ""label"": ""web developer"", ""score"": 0.623}, {""uri"": ""http://data.europa.eu/esco/occupation/f2b15a0e-e65a-438a-affb-29b9d50b77d1"", ""label"": ""software developer"", ""score"": 0.5995}, {""uri"": ""http://data.europa.eu/esco/occupation/30ed83ba-cc89-4d9f-a59d-5c783c1da56e"", ""label"": ""web designer"", ""score"": 0.596}, {""uri"": ""http://data.europa.eu/esco/occupation/bd272aee-adc9-4a06-a15c-a73b4b4a46a7"", ""label"": ""ICT application developer"", ""score"": 0.5808}, {""uri"": ""http://data.europa.eu/esco/occupation/a6517365-211c-456d-aca4-1a0115c7b1e1"", ""label"": ""e-learning architect"", ""score"": 0.5724}, {""uri"": ""http://data.europa.eu/esco/occupation/a7c1d23d-aeca-4bee-9a08-5993ed98b135"", ""label"": ""ICT system developer"", ""score"": 0.5667}, {""uri"": ""http://data.europa.eu/esco/occupation/5f50290d-f520-4a69-85c7-1390d2a4a8b6"", ""label"": ""ICT usability tester"", ""score"": 0.5648}, {""uri"": ""http://data.europa.eu/esco/occupation/2ed56c3f-61d6-4f7e-9ef8-8849eb102e4c"", ""label"": ""mobile application developer"", ""score"": 0.5612}, {""uri"": ""http://data.europa.eu/esco/occupation/96e20037-0a25-4bf6-a25e-808d1605d890"", ""label"": ""user interface designer"", ""score"": 0.5572}]",0.70-0.80,20075,40,dev
011025913361,Assurance Associate 2 - Consumer Goods,assurance associate 2 consumer goods,RSM US in India,"project management, pivot table, vlookup, auditing, accounting, financial analysis, us gaap, balance sheet",http://data.europa.eu/esco/occupation/73856e9e-eca2-44c2-bb3c-aaedf4b25979,insurance product manager,0.7375,0.2,"[{""uri"": ""http://data.europa.eu/esco/occupation/73856e9e-eca2-44c2-bb3c-aaedf4b25979"", ""label"": ""insurance product manager"", ""score"": 0.7375}, {""uri"": ""http://data.europa.eu/esco/occupation/f1fcad3b-fdf0-444a-81b0-e50e96f8966a"", ""label"": ""merchandiser"", ""score"": 0.6843}, {""uri"": ""http://data.europa.eu/esco/occupation/68ad860f-c5cd-420f-840f-993e3e813508"", ""label"": ""consumer goods inspector"", ""score"": 0.6445}, {""uri"": ""http://data.europa.eu/esco/occupation/377865f0-c327-4599-8c7e-d428c6588edf"", ""label"": ""purchasing manager"", ""score"": 0.6344}, {""uri"": ""http://data.europa.eu/esco/occupation/7bcafcd7-3f35-4a72-849c-c92b334927fd"", ""label"": ""insurance risk consultant"", ""score"": 0.6299}, {""uri"": ""http://data.europa.eu/esco/occupation/47e81c7f-2d04-4a60-a8ff-9913c36d8344"", ""label"": ""marketing assistant"", ""score"": 0.6235}, {""uri"": ""http://data.europa.eu/esco/occupation/2eac08c2-a81a-46fc-8d75-eb0e0f3e0f6d"", ""label"": ""sales account manager"", ""score"": 0.6187}, {""uri"": ""http://data.europa.eu/esco/occupation/c956be07-53a3-4b01-b8f8-f0c5a428eaa8"", ""label"": ""technical sales representative"", ""score"": 0.6173}, {""uri"": ""http://data.europa.eu/esco/occupation/bf2ca3bb-5fa5-41d9-a039-949cad61616d"", ""label"": ""technical sales representative in chemical products"", ""score"": 0.6154}, {""uri"": ""http://data.europa.eu/esco/occupation/00ab5610-e715-428f-99f6-b1e5e469dbcd"", ""label"": ""food safety specialist"", ""score"": 0.6145}]",0.70-0.80,20075,40,test
260925929585,Technical Lead,technical lead,Wipro,"continuous integration, java, design patterns, j2ee, ci cd pipeline, kubernetes, rest, side",http://data.europa.eu/esco/occupation/00030d09-2b3a-4efd-87cc-c4ea39d27c34,technical director,0.7775,0.0,"[{""uri"": ""http://data.europa.eu/esco/occupation/00030d09-2b3a-4efd-87cc-c4ea39d27c34"", ""label"": ""technical director"", ""score"": 0.7775}, {""uri"": ""http://data.europa.eu/esco/occupation/1242d99a-47f1-4a62-b884-33746db8a6ca"", ""label"": ""ICT help desk manager"", ""score"": 0.7352}, {""uri"": ""http://data.europa.eu/esco/occupation/64e38ce7-3901-4261-bfee-77c7a77397f2"", ""label"": ""policy manager"", ""score"": 0.7316}, {""uri"": ""http://data.europa.eu/esco/occupation/9581c837-fee7-4068-9618-1116fd93d723"", ""label"": ""engineering assistant"", ""score"": 0.7251}, {""uri"": ""http://data.europa.eu/esco/occupation/2c1ed9dd-9799-4882-8bfa-40b841f7d4a1"", ""label"": ""further education principal"", ""score"": 0.7195}, {""uri"": ""http://data.europa.eu/esco/occupation/b31e404e-9af6-457d-a58a-208f612eeba3"", ""label"": ""mechanical engineering technician"", ""score"": 0.7052}, {""uri"": ""http://data.europa.eu/esco/occupation/c956be07-53a3-4b01-b8f8-f0c5a428eaa8"", ""label"": ""technical sales representative"", ""score"": 0.7009}, {""uri"": ""http://data.europa.eu/esco/occupation/8cb59bc4-1f39-477e-beea-effed12d186c"", ""label"": ""technical communicator"", ""score"": 0.6885}, {""uri"": ""http://data.europa.eu/esco/occupation/fbceeac6-798b-4307-a825-626707a753ad"", ""label"": ""calculation engineer"", ""score"": 0.6845}, {""uri"": ""http://data.europa.eu/esco/occupation/951b9d94-9bf1-4771-877d-3a26b75d9e53"", ""label"": ""animation layout artist"", ""score"": 0.6811}]",0.70-0.80,20075,40,test
250925929655,Associate Quality Automation Engineer,associate quality automation engineer,BMC Software,"java, selenium, quality assurance, product development life cycle, software product development, c#, python, project management",http://data.europa.eu/esco/occupation/5791a961-4717-4230-a245-a4082a675f04,automation engineering technician,0.7968,0.125,"[{""uri"": ""http://data.europa.eu/esco/occupation/5791a961-4717-4230-a245-a4082a675f04"", ""label"": ""automation engineering technician"", ""score"": 0.7968}, {""uri"": ""http://data.europa.eu/esco/occupation/30c0943c-caa1-411d-b273-26f475971273"", ""label"": ""quality engineer"", ""score"": 0.7913}, {""uri"": ""http://data.europa.eu/esco/occupation/bb609566-3ab6-44dd-8f48-cf0b15b96827"", ""label"": ""automation engineer"", ""score"": 0.7888}, {""uri"": ""http://data.europa.eu/esco/occupation/998a0bf4-b1be-42ab-aee5-0096c9be3319"", ""label"": ""quality engineering technician"", ""score"": 0.7674}, {""uri"": ""http://data.europa.eu/esco/occupation/551a6797-3ca9-41fc-9dca-9a982a8fd8a6"", ""label"": ""robotics engineer"", ""score"": 0.7617}, {""uri"": ""http://data.europa.eu/esco/occupation/b5eaf231-77ad-4a86-8e54-15cc4398aad2"", ""label"": ""process engineer"", ""score"": 0.7504}, {""uri"": ""http://data.europa.eu/esco/occupation/fdb16700-109e-4d02-949e-3213f278df93"", ""label"": ""industrial quality manager"", ""score"": 0.7409}, {""uri"": ""http://data.europa.eu/esco/occupation/42381741-f3a7-4b26-b35c-da6fad9f1cfd"", ""label"": ""product development engineering technician"", ""score"": 0.7297}, {""uri"": ""http://data.europa.eu/esco/occupation/9581c837-fee7-4068-9618-1116fd93d723"", ""label"": ""engineering assistant"", ""score"": 0.7145}, {""uri"": ""http://data.europa.eu/esco/occupation/7833d5cd-873d-4fdd-b2f8-9762d68494a7"", ""label"": ""robotics engineering technician"", ""score"": 0.7114}]",0.70-0.80,20075,40,test
260925020799,It Recruiter,it recruiter,Vega Intellisoft,"it recruitment, end to end recruitment, sourcing, end, recruitment, end to end",http://data.europa.eu/esco/occupation/3e7bf729-4442-4b9f-ad5e-83111963795c,ICT technician,0.7429,0.0,"[{""uri"": ""http://data.europa.eu/esco/occupation/3e7bf729-4442-4b9f-ad5e-83111963795c"", ""label"": ""ICT technician"", ""score"": 0.7429}, {""uri"": ""http://data.europa.eu/esco/occupation/4dc6e03f-bfb0-4078-a453-01bd1cb735aa"", ""label"": ""computer and accessories specialised seller"", ""score"": 0.7295}, {""uri"": ""http://data.europa.eu/esco/occupation/b493b10d-7131-4814-93bb-a2c1be4a095f"", ""label"": ""office equipment repair technician"", ""score"": 0.7293}, {""uri"": ""http://data.europa.eu/esco/occupation/07e60525-1aad-4099-aaf3-2c7014c92212"", ""label"": ""integration engineer"", ""score"": 0.7206}, {""uri"": ""http://data.europa.eu/esco/occupation/7843a4c6-a9f6-4095-94b9-45b384d4bd57"", ""label"": ""market research interviewer"", ""score"": 0.7204}, {""uri"": ""http://data.europa.eu/esco/occupation/b1c80369-067e-4041-84c8-dbe65640a5d8"", ""label"": ""ICT consultant"", ""score"": 0.7173}, {""uri"": ""http://data.europa.eu/esco/occupation/aaeec9a7-dc57-4485-890c-86b3eef735f9"", ""label"": ""ICT help desk agent"", ""score"": 0.7164}, {""uri"": ""http://data.europa.eu/esco/occupation/68d973df-bf10-4bf7-9a1b-fbd9f604b9db"", ""label"": ""bioinformatics scientist"", ""score"": 0.7146}, {""uri"": ""http://data.europa.eu/esco/occupation/e3229e40-f571-4b26-baca-29edc8fe313e"", ""label"": ""computer scientist"", ""score"": 0.7146}, {""uri"": ""http://data.europa.eu/esco/occupation/d3e32e5e-7f24-48e3-b939-e4f800eb62fb"", ""label"": ""human resources officer"", ""score"": 0.7145}]",0.70-0.80,20075,40,test
250925003323,Senior Manager Operations,manager operations,Empower,"risk assessment, operations management, development, analytical, administration, forecasting, change, focus",http://data.europa.eu/esco/occupation/c6bd511a-d966-4df9-a48e-4f800354f268,operations manager,0.7408,0.14285714285714285,"[{""uri"": ""http://data.europa.eu/esco/occupation/35fbb8cd-c044-49a1-850c-010481c99b4a"", ""label"": ""financial markets back office administrator"", ""score"": 0.7408}, {""uri"": ""http://data.europa.eu/esco/occupation/c6bd511a-d966-4df9-a48e-4f800354f268"", ""label"": ""operations manager"", ""score"": 0.7408}, {""uri"": ""http://data.europa.eu/esco/occupation/544cd9cf-e2ee-4ac0-8a02-7147af6b97d7"", ""label"": ""business manager"", ""score"": 0.7408}, {""uri"": ""http://data.europa.eu/esco/occupation/107d21c6-973b-411c-89fd-69da48d29ada"", ""label"": ""mine manager"", ""score"": 0.7408}, {""uri"": ""http://data.europa.eu/esco/occupation/0368c4d4-94cf-4168-a84d-283a25880e0d"", ""label"": ""metal production manager"", ""score"": 0.7408}, {""uri"": ""http://data.europa.eu/esco/occupation/217e7ae2-605d-4225-afd2-6319c2408116"", ""label"": ""oil refinery control room operator"", ""score"": 0.7149}, {""uri"": ""http://data.europa.eu/esco/occupation/d3e32e5e-7f24-48e3-b939-e4f800eb62fb"", ""label"": ""human resources officer"", ""score"": 0.6859}, {""uri"": ""http://data.europa.eu/esco/occupation/f605bcd2-90b6-45a0-a558-d05016d68a77"", ""label"": ""human resources manager"", ""score"": 0.6859}, {""uri"": ""http://data.europa.eu/esco/occupation/425ed170-bf90-42c9-b5bd-148282ed96ff"", ""label"": ""destination manager"", ""score"": 0.6781}, {""uri"": ""http://data.europa.eu/esco/occupation/8cce40c1-4479-47e7-b5fc-c976631d919f"", ""label"": ""management assistant"", ""score"": 0.6765}]",0.70-0.80,20075,40,test
300925027544,HR Generalist,human resources generalist,Zennara Clinics,"payroll management, grievance management, talent acquisition, payroll, hrsd, grievance handling, acquisition, hr generalist activities",http://data.europa.eu/esco/occupation/f605bcd2-90b6-45a0-a558-d05016d68a77,human resources manager,0.7926,0.4,"[{""uri"": ""http://data.europa.eu/esco/occupation/f605bcd2-90b6-45a0-a558-d05016d68a77"", ""label"": ""human resources manager"", ""score"": 0.7926}, {""uri"": ""http://data.europa.eu/esco/occupation/d3e32e5e-7f24-48e3-b939-e4f800eb62fb"", ""label"": ""human resources officer"", ""score"": 0.7642}, {""uri"": ""http://data.europa.eu/esco/occupation/d8ed1703-9c03-4ea0-83cc-b6169bc54ffd"", ""label"": ""human resources assistant"", ""score"": 0.7263}, {""uri"": ""http://data.europa.eu/esco/occupation/9f12704c-5e6c-47b0-a866-3b92663e6a4b"", ""label"": ""resource manager"", ""score"": 0.6862}, {""uri"": ""http://data.europa.eu/esco/occupation/763f82c2-81e3-48d2-9cdf-f532b5016a1f"", ""label"": ""weight loss consultant"", ""score"": 0.6342}, {""uri"": ""http://data.europa.eu/esco/occupation/8c8b5cba-14b2-4728-b22c-eb90f1786e00"", ""label"": ""medical practice manager"", ""score"": 0.6268}, {""uri"": ""http://data.europa.eu/esco/occupation/2eac08c2-a81a-46fc-8d75-eb0e0f3e0f6d"", ""label"": ""sales account manager"", ""score"": 0.6261}, {""uri"": ""http://data.europa.eu/esco/occupation/4a29eab1-5f02-4723-a863-e2d5a0614dfa"", ""label"": ""healthcare institution manager"", ""score"": 0.6258}, {""uri"": ""http://data.europa.eu/esco/occupation/b7b75eb6-34bc-462d-b412-eed393cc1397"", ""label"": ""customer contact centre information clerk"", ""score"": 0.6258}, {""uri"": ""http://data.europa.eu/esco/occupation/fab474ea-a4a9-4c11-9548-1d50ad594a34"", ""label"": ""natural resources consultant"", ""score"": 0.6232}]",0.70-0.80,20075,40,test
011025013958,Floor Manager,floor manager,Wisteria Properties,"receptionist activities, guest handling, floor management, customer interaction, customer handling, flooring, guest, management",http://data.europa.eu/esco/occupation/02e19186-458f-40eb-9e78-31c656d12ac7,rooms division manager,0.7067,0.2,"[{""uri"": ""http://data.europa.eu/esco/occupation/664f7498-8e4b-48f8-9fe2-436a692f1204"", ""label"": ""floor and wall coverings shop manager"", ""score"": 0.7832}, {""uri"": ""http://data.europa.eu/esco/occupation/20db07fc-cc02-46aa-a4fc-b3c73ba8fa8f"", ""label"": ""concrete finisher supervisor"", ""score"": 0.7663}, {""uri"": ""http://data.europa.eu/esco/occupation/b89f5984-3fb7-4339-80d5-00d1b0750b53"", ""label"": ""casino pit boss"", ""score"": 0.7656}, {""uri"": ""http://data.europa.eu/esco/occupation/a9068f84-cecd-4cbb-9acb-e20c714435ec"", ""label"": ""concrete finisher"", ""score"": 0.7385}, {""uri"": ""http://data.europa.eu/esco/occupation/303a1e34-cb16-4054-b323-81e5eec17397"", ""label"": ""building cleaner"", ""score"": 0.718}, {""uri"": ""http://data.europa.eu/esco/occupation/02e19186-458f-40eb-9e78-31c656d12ac7"", ""label"": ""rooms division manager"", ""score"": 0.7067}, {""uri"": ""http://data.europa.eu/esco/occupation/6d50f735-dca9-4a02-96dc-e4310ed98ae2"", ""label"": ""domestic housekeeper"", ""score"": 0.6978}, {""uri"": ""http://data.europa.eu/esco/occupation/7153a12d-85e0-4123-87e9-46bb1a2dc929"", ""label"": ""ground steward/ground stewardess"", ""score"": 0.6937}, {""uri"": ""http://data.europa.eu/esco/occupation/5fd69ee2-2042-4280-85e1-8f1462886987"", ""label"": ""mine development engineer"", ""score"": 0.6929}, {""uri"": ""http://data.europa.eu/esco/occupation/107d21c6-973b-411c-89fd-69da48d29ada"", ""label"": ""mine manager"", ""score"": 0.6929}]",0.70-0.80,20075,40,dev
050925006089,Java Developer,java developer,Notion Online Solutions,"java, hibernate, spring boot, spring mvc, ci/cd, spring, spring data, spring security",http://data.europa.eu/esco/occupation/f2b15a0e-e65a-438a-affb-29b9d50b77d1,software developer,0.7308,0.5,"[{""uri"": ""http://data.europa.eu/esco/occupation/f2b15a0e-e65a-438a-affb-29b9d50b77d1"", ""label"": ""software developer"", ""score"": 0.7308}, {""uri"": ""http://data.europa.eu/esco/occupation/bd272aee-adc9-4a06-a15c-a73b4b4a46a7"", ""label"": ""ICT application developer"", ""score"": 0.7236}, {""uri"": ""http://data.europa.eu/esco/occupation/04ba4d6c-957d-417f-bf63-5b9e015a9f86"", ""label"": ""software analyst"", ""score"": 0.7178}, {""uri"": ""http://data.europa.eu/esco/occupation/c40a2919-48a9-40ea-b506-1f34f693496d"", ""label"": ""web developer"", ""score"": 0.6956}, {""uri"": ""http://data.europa.eu/esco/occupation/2ed56c3f-61d6-4f7e-9ef8-8849eb102e4c"", ""label"": ""mobile application developer"", ""score"": 0.6924}, {""uri"": ""http://data.europa.eu/esco/occupation/866c7813-2c03-47d7-9bdc-192cfbace57c"", ""label"": ""user interface developer"", ""score"": 0.6749}, {""uri"": ""http://data.europa.eu/esco/occupation/d0aa0792-4345-474b-9365-686cf4869d2e"", ""label"": ""software architect"", ""score"": 0.666}, {""uri"": ""http://data.europa.eu/esco/occupation/9ebaf3f0-0be0-47b7-b2b1-b3b04130fa81"", ""label"": ""digital games developer"", ""score"": 0.658}, {""uri"": ""http://data.europa.eu/esco/occupation/a6517365-211c-456d-aca4-1a0115c7b1e1"", ""label"": ""e-learning architect"", ""score"": 0.6574}, {""uri"": ""http://data.europa.eu/esco/occupation/a7c1d23d-aeca-4bee-9a08-5993ed98b135"", ""label"": ""ICT system developer"", ""score"": 0.6524}]",0.70-0.80,20075,40,test
260925929283,Lead Administrator - L2,lead administrator,Wipro,"root cause analysis, recruitment, troubleshooting, performance management, middleware, joining formalities, hr generalist activities, disaster recovery",http://data.europa.eu/esco/occupation/0752ed49-03e7-4d75-8314-a051b3771a1d,public administration manager,0.7263,0.14285714285714285,"[{""uri"": ""http://data.europa.eu/esco/occupation/ffade2f4-2528-4dfd-b36a-6e4092be08ed"", ""label"": ""civil service administrative officer"", ""score"": 0.7314}, {""uri"": ""http://data.europa.eu/esco/occupation/0752ed49-03e7-4d75-8314-a051b3771a1d"", ""label"": ""public administration manager"", ""score"": 0.7263}, {""uri"": ""http://data.europa.eu/esco/occupation/0a3c2d5b-e1f9-4200-9288-62bf3fed3310"", ""label"": ""membership administrator"", ""score"": 0.7256}, {""uri"": ""http://data.europa.eu/esco/occupation/9e2e6e1e-363b-4e1b-a673-7bc0f7343300"", ""label"": ""ICT system administrator"", ""score"": 0.7219}, {""uri"": ""http://data.europa.eu/esco/occupation/20e39113-05f5-4184-94e2-f5e8e8c8d2ea"", ""label"": ""sport administrator"", ""score"": 0.7207}, {""uri"": ""http://data.europa.eu/esco/occupation/0917ab6b-18a8-4cfd-8e7a-843b88cf9457"", ""label"": ""branch manager"", ""score"": 0.7128}, {""uri"": ""http://data.europa.eu/esco/occupation/c6bd511a-d966-4df9-a48e-4f800354f268"", ""label"": ""operations manager"", ""score"": 0.7124}, {""uri"": ""http://data.europa.eu/esco/occupation/d3e32e5e-7f24-48e3-b939-e4f800eb62fb"", ""label"": ""human resources officer"", ""score"": 0.706}, {""uri"": ""http://data.europa.eu/esco/occupation/6e6839b6-099c-4802-906e-7f2c8203ee69"", ""label"": ""office manager"", ""score"": 0.706}, {""uri"": ""http://data.europa.eu/esco/occupation/dc8ef7da-d2c0-4474-96a0-6d0385eeec1e"", ""label"": ""webmaster"", ""score"": 0.7045}]",0.70-0.80,20075,40,test
011025015539,Russian Translator,russian translator,Angelique International,"translation, russian, interpretation",http://data.europa.eu/esco/occupation/1a07bd7d-2e1d-4930-a84a-1a442b8f2a44,translator,0.7997,0.5,"[{""uri"": ""http://data.europa.eu/esco/occupation/1a07bd7d-2e1d-4930-a84a-1a442b8f2a44"", ""label"": ""translator"", ""score"": 0.7997}, {""uri"": ""http://data.europa.eu/esco/occupation/7d7ea936-a1c6-499d-9aa7-054e943b019b"", ""label"": ""interpretation agency manager"", ""score"": 0.7816}, {""uri"": ""http://data.europa.eu/esco/occupation/da4589ce-7534-4cc1-9ce4-cabf9364b87c"", ""label"": ""localiser"", ""score"": 0.7362}, {""uri"": ""http://data.europa.eu/esco/occupation/55d2eb3e-1e49-404a-b4bf-be4829694a59"", ""label"": ""lawyer linguist"", ""score"": 0.6197}, {""uri"": ""http://data.europa.eu/esco/occupation/4874fa37-0cd1-4a68-aed8-a838851f242d"", ""label"": ""language engineer"", ""score"": 0.5703}, {""uri"": ""http://data.europa.eu/esco/occupation/23e692a9-a242-4d4f-988f-ed562f757864"", ""label"": ""interpreter"", ""score"": 0.556}, {""uri"": ""http://data.europa.eu/esco/occupation/83588a0e-b63d-4483-a884-06f1e3a1a4be"", ""label"": ""translation agency manager"", ""score"": 0.5403}, {""uri"": ""http://data.europa.eu/esco/occupation/a9c7a04d-807a-41b5-b441-87c73c73c9c5"", ""label"": ""linguist"", ""score"": 0.5184}, {""uri"": ""http://data.europa.eu/esco/occupation/49c3db8c-c586-42d1-9726-f65d8303c0b1"", ""label"": ""lexicographer"", ""score"": 0.5084}, {""uri"": ""http://data.europa.eu/esco/occupation/c8505fa5-0a33-4143-bd87-f24f569e8813"", ""label"": ""foreign language correspondence clerk"", ""score"": 0.4961}]",0.70-0.80,20075,40,test
240925027084,Technical Analyst,technical analyst,Mahir Investment Advisers,"chart patterns, support & resistance, moving averages, technical analysis, candlestick analysis, rsi, options & derivatives basics, volume analysis",http://data.europa.eu/esco/occupation/fbceeac6-798b-4307-a825-626707a753ad,calculation engineer,0.7667,0.0,"[{""uri"": ""http://data.europa.eu/esco/occupation/fbceeac6-798b-4307-a825-626707a753ad"", ""label"": ""calculation engineer"", ""score"": 0.7667}, {""uri"": ""http://data.europa.eu/esco/occupation/076d23f3-a689-4f1a-8b55-ae870c9aaa85"", ""label"": ""securities analyst"", ""score"": 0.7524}, {""uri"": ""http://data.europa.eu/esco/occupation/8d586ee9-0ab1-4155-a3b0-2ca786c8e48c"", ""label"": ""financial analyst"", ""score"": 0.7479}, {""uri"": ""http://data.europa.eu/esco/occupation/68d973df-bf10-4bf7-9a1b-fbd9f604b9db"", ""label"": ""bioinformatics scientist"", ""score"": 0.7412}, {""uri"": ""http://data.europa.eu/esco/occupation/66fb9704-0d56-4673-8e69-7823816b73e1"", ""label"": ""market research analyst"", ""score"": 0.7285}, {""uri"": ""http://data.europa.eu/esco/occupation/3dab5c3f-84d0-4d52-901d-dd262eaea509"", ""label"": ""research engineer"", ""score"": 0.7247}, {""uri"": ""http://data.europa.eu/esco/occupation/60bc7374-9fa1-4bbd-b936-2676fca0bfb6"", ""label"": ""financial trader"", ""score"": 0.7236}, {""uri"": ""http://data.europa.eu/esco/occupation/9581c837-fee7-4068-9618-1116fd93d723"", ""label"": ""engineering assistant"", ""score"": 0.7153}, {""uri"": ""http://data.europa.eu/esco/occupation/c5d36eef-df20-47a8-a332-5b4358fa83e3"", ""label"": ""telecommunications analyst"", ""score"": 0.7137}, {""uri"": ""http://data.europa.eu/esco/occupation/d3edb8f8-3a06-47a0-8fb9-9b212c006aa2"", ""label"": ""data analyst"", ""score"": 0.7122}]",0.70-0.80,20075,40,dev
290725032197,Air Freight Sales Manager-International Freight-Delhi,air freight sales manager international freight delhi,Nexus Manpower Solutions,"business development, international sales, air freight sales, freight sales, air sales, sales, development, freight",http://data.europa.eu/esco/occupation/f3eb330a-03b5-4537-ac0e-bcee5c67bcff,aircraft cargo operations coordinator,0.7538,0.16666666666666666,"[{""uri"": ""http://data.europa.eu/esco/occupation/f3eb330a-03b5-4537-ac0e-bcee5c67bcff"", ""label"": ""aircraft cargo operations coordinator"", ""score"": 0.7538}, {""uri"": ""http://data.europa.eu/esco/occupation/49e28648-4fa8-4b36-ac4d-781c108547bf"", ""label"": ""freight transport dispatcher"", ""score"": 0.7071}, {""uri"": ""http://data.europa.eu/esco/occupation/56fa783a-cca4-42ef-8862-1fb6e43f215c"", ""label"": ""international forwarding operations coordinator"", ""score"": 0.6914}, {""uri"": ""http://data.europa.eu/esco/occupation/51cd3a7a-eae6-4dc6-9f24-179d7ec6d230"", ""label"": ""logistics analyst"", ""score"": 0.6825}, {""uri"": ""http://data.europa.eu/esco/occupation/a2ff6cc3-15fa-4f02-a457-8fd5df7aa29e"", ""label"": ""intermodal logistics manager"", ""score"": 0.6801}, {""uri"": ""http://data.europa.eu/esco/occupation/823db06f-25e1-4658-b063-d6ef956b41f5"", ""label"": ""logistics and distribution manager"", ""score"": 0.6695}, {""uri"": ""http://data.europa.eu/esco/occupation/4ea620f2-5c75-49ee-85a0-b2fb6bbf3624"", ""label"": ""road operations manager"", ""score"": 0.6634}, {""uri"": ""http://data.europa.eu/esco/occupation/3d974e0c-8ed9-47a7-aec2-ebdb34391c87"", ""label"": ""airport baggage handler"", ""score"": 0.6621}, {""uri"": ""http://data.europa.eu/esco/occupation/4791e217-d607-40d5-9f84-df1d0a071cbc"", ""label"": ""marketing consultant"", ""score"": 0.6604}, {""uri"": ""http://data.europa.eu/esco/occupation/12142c2c-9b6f-4e4f-8153-f1a51554e4e0"", ""label"": ""import export manager in machinery, industrial equipment, ships and aircraft"", ""score"": 0.6604}]",0.70-0.80,20075,40,test
300925020348,Sales Manager -Sourcing,sales manager sourcing,Lucia Enterprises,"target oriented, convincing ability, stakeholder management, highly motivated, sales, target, sales management, sourcing",http://data.europa.eu/esco/occupation/547b304b-9a72-4717-9b24-b7046df5f64e,specialised seller,0.7057,0.3333333333333333,"[{""uri"": ""http://data.europa.eu/esco/occupation/547b304b-9a72-4717-9b24-b7046df5f64e"", ""label"": ""specialised seller"", ""score"": 0.7057}, {""uri"": ""http://data.europa.eu/esco/occupation/a7594892-ff23-4e2a-aedf-2f967ebca15c"", ""label"": ""sales manager"", ""score"": 0.6911}, {""uri"": ""http://data.europa.eu/esco/occupation/2eac08c2-a81a-46fc-8d75-eb0e0f3e0f6d"", ""label"": ""sales account manager"", ""score"": 0.685}, {""uri"": ""http://data.europa.eu/esco/occupation/53a362a4-4c83-4ce2-837f-d1faba4cd247"", ""label"": ""bid manager"", ""score"": 0.673}, {""uri"": ""http://data.europa.eu/esco/occupation/6aa78e46-ce22-421f-8a75-e915ac63c9d0"", ""label"": ""call centre supervisor"", ""score"": 0.6506}, {""uri"": ""http://data.europa.eu/esco/occupation/a79d9e58-36be-4e67-a4db-ea6c8ff445fc"", ""label"": ""retail department manager"", ""score"": 0.6484}, {""uri"": ""http://data.europa.eu/esco/occupation/3a4c4e33-ee34-4abe-ba5c-26f9037d292f"", ""label"": ""trade regional manager"", ""score"": 0.6412}, {""uri"": ""http://data.europa.eu/esco/occupation/14031d4a-6e99-442f-b4fe-18262b6432b2"", ""label"": ""commercial sales representative"", ""score"": 0.6389}, {""uri"": ""http://data.europa.eu/esco/occupation/377865f0-c327-4599-8c7e-d428c6588edf"", ""label"": ""purchasing manager"", ""score"": 0.6381}, {""uri"": ""http://data.europa.eu/esco/occupation/a2ade835-81c2-452e-a4d8-a90348bbe378"", ""label"": ""aftersales service manager"", ""score"": 0.6324}]",0.70-0.80,20075,40,dev
290925905401,NFL Content Writer,nfl content writer,Essentiallysports,"content writing, content management systems, content development, sports writing, content editing, articles, management, development",http://data.europa.eu/esco/occupation/a47f82d3-4cf7-4abf-bb36-2c8cbad28234,journalist,0.7081,0.08333333333333333,"[{""uri"": ""http://data.europa.eu/esco/occupation/26ce22fe-4018-4387-8e6b-c2555f5fc0ac"", ""label"": ""newspaper editor"", ""score"": 0.739}, {""uri"": ""http://data.europa.eu/esco/occupation/70b5896f-988e-4084-9c19-2c82bd5cc9a5"", ""label"": ""sports journalist"", ""score"": 0.7193}, {""uri"": ""http://data.europa.eu/esco/occupation/a47f82d3-4cf7-4abf-bb36-2c8cbad28234"", ""label"": ""journalist"", ""score"": 0.7081}, {""uri"": ""http://data.europa.eu/esco/occupation/ebe936e2-64e7-4777-94d6-42caa5a12409"", ""label"": ""script writer"", ""score"": 0.6528}, {""uri"": ""http://data.europa.eu/esco/occupation/b1ab3572-fa2f-4624-8eac-3c3d986d237b"", ""label"": ""advertising copywriter"", ""score"": 0.6488}, {""uri"": ""http://data.europa.eu/esco/occupation/d3570716-cc0d-4a61-b9a0-9b3081050e9d"", ""label"": ""entertainment journalist"", ""score"": 0.6477}, {""uri"": ""http://data.europa.eu/esco/occupation/b65530b8-0b50-49da-8e9e-331b161374a5"", ""label"": ""broadcast news editor"", ""score"": 0.6451}, {""uri"": ""http://data.europa.eu/esco/occupation/83e45d86-1bce-45c5-ba8b-097738f9f28b"", ""label"": ""news anchor"", ""score"": 0.6359}, {""uri"": ""http://data.europa.eu/esco/occupation/a74f6c51-37e5-423e-aa5b-044e98663027"", ""label"": ""web content manager"", ""score"": 0.626}, {""uri"": ""http://data.europa.eu/esco/occupation/3b43dafb-8c6b-4906-9fe5-bc218aacad55"", ""label"": ""football coach"", ""score"": 0.6202}]",0.70-0.80,20075,40,test
270925011351,Hr Executive And Recruiter(Male),human resources executive and recruiter,Niche Enterprise Kolkata,"hr, human resource management, recruitment, resource management, resource, hrsd, management",http://data.europa.eu/esco/occupation/f605bcd2-90b6-45a0-a558-d05016d68a77,human resources manager,0.7141,0.5,"[{""uri"": ""http://data.europa.eu/esco/occupation/068370e0-9c27-4814-87d0-44fbb3140815"", ""label"": ""recruitment consultant"", ""score"": 0.7365}, {""uri"": ""http://data.europa.eu/esco/occupation/d3e32e5e-7f24-48e3-b939-e4f800eb62fb"", ""label"": ""human resources officer"", ""score"": 0.7344}, {""uri"": ""http://data.europa.eu/esco/occupation/7843a4c6-a9f6-4095-94b9-45b384d4bd57"", ""label"": ""market research interviewer"", ""score"": 0.7227}, {""uri"": ""http://data.europa.eu/esco/occupation/f605bcd2-90b6-45a0-a558-d05016d68a77"", ""label"": ""human resources manager"", ""score"": 0.7141}, {""uri"": ""http://data.europa.eu/esco/occupation/d8ed1703-9c03-4ea0-83cc-b6169bc54ffd"", ""label"": ""human resources assistant"", ""score"": 0.6891}, {""uri"": ""http://data.europa.eu/esco/occupation/0917ab6b-18a8-4cfd-8e7a-843b88cf9457"", ""label"": ""branch manager"", ""score"": 0.6592}, {""uri"": ""http://data.europa.eu/esco/occupation/a6e8a6bf-9209-4d19-a131-a8b6431e0f75"", ""label"": ""talent acquisition manager"", ""score"": 0.6185}, {""uri"": ""http://data.europa.eu/esco/occupation/14031d4a-6e99-442f-b4fe-18262b6432b2"", ""label"": ""commercial sales representative"", ""score"": 0.6006}, {""uri"": ""http://data.europa.eu/esco/occupation/42a96d07-1e1d-49ae-9399-c1f4be27ddea"", ""label"": ""employment agent"", ""score"": 0.5969}, {""uri"": ""http://data.europa.eu/esco/occupation/e4112a88-973f-4c7a-97f5-2241e6b6833f"", ""label"": ""employment and vocational integration consultant"", ""score"": 0.5866}]",0.70-0.80,20075,40,test
250925926444,Java Developer,java developer,Wenger & Watson,"java, react.js, angular, spring boot, microservices, spring, boot, java development",http://data.europa.eu/esco/occupation/f2b15a0e-e65a-438a-affb-29b9d50b77d1,software developer,0.7308,0.25,"[{""uri"": ""http://data.europa.eu/esco/occupation/f2b15a0e-e65a-438a-affb-29b9d50b77d1"", ""label"": ""software developer"", ""score"": 0.7308}, {""uri"": ""http://data.europa.eu/esco/occupation/bd272aee-adc9-4a06-a15c-a73b4b4a46a7"", ""label"": ""ICT application developer"", ""score"": 0.7236}, {""uri"": ""http://data.europa.eu/esco/occupation/04ba4d6c-957d-417f-bf63-5b9e015a9f86"", ""label"": ""software analyst"", ""score"": 0.7178}, {""uri"": ""http://data.europa.eu/esco/occupation/c40a2919-48a9-40ea-b506-1f34f693496d"", ""label"": ""web developer"", ""score"": 0.6956}, {""uri"": ""http://data.europa.eu/esco/occupation/2ed56c3f-61d6-4f7e-9ef8-8849eb102e4c"", ""label"": ""mobile application developer"", ""score"": 0.6924}, {""uri"": ""http://data.europa.eu/esco/occupation/866c7813-2c03-47d7-9bdc-192cfbace57c"", ""label"": ""user interface developer"", ""score"": 0.6749}, {""uri"": ""http://data.europa.eu/esco/occupation/d0aa0792-4345-474b-9365-686cf4869d2e"", ""label"": ""software architect"", ""score"": 0.666}, {""uri"": ""http://data.europa.eu/esco/occupation/9ebaf3f0-0be0-47b7-b2b1-b3b04130fa81"", ""label"": ""digital games developer"", ""score"": 0.658}, {""uri"": ""http://data.europa.eu/esco/occupation/a6517365-211c-456d-aca4-1a0115c7b1e1"", ""label"": ""e-learning architect"", ""score"": 0.6574}, {""uri"": ""http://data.europa.eu/esco/occupation/a7c1d23d-aeca-4bee-9a08-5993ed98b135"", ""label"": ""ICT system developer"", ""score"": 0.6524}]",0.70-0.80,20075,40,dev
270925007262,"Hiring School Principal -  Nellore, Andhra Pradesh",school principal nellore andhra pradesh,Mdn Edify Education,"school management, school administration, school principal, principal, curriculum development, administration management, academics, senior principal",http://data.europa.eu/esco/occupation/2b7d34db-11b6-4c10-b227-3917752e28ac,deputy head teacher,0.7139,0.3333333333333333,"[{""uri"": ""http://data.europa.eu/esco/occupation/c9d89e09-d57f-4980-9164-880e60711e97"", ""label"": ""primary school head teacher"", ""score"": 0.745}, {""uri"": ""http://data.europa.eu/esco/occupation/53db8c0d-7aed-47aa-a339-eb9d485d25dc"", ""label"": ""secondary school head teacher"", ""score"": 0.7443}, {""uri"": ""http://data.europa.eu/esco/occupation/2b7d34db-11b6-4c10-b227-3917752e28ac"", ""label"": ""deputy head teacher"", ""score"": 0.7139}, {""uri"": ""http://data.europa.eu/esco/occupation/c269387f-a652-4880-860a-e91ef105bfb7"", ""label"": ""nursery school head teacher"", ""score"": 0.6414}, {""uri"": ""http://data.europa.eu/esco/occupation/13e30c08-8834-4e4f-b6f9-89fffed4e310"", ""label"": ""special educational needs head teacher"", ""score"": 0.6291}, {""uri"": ""http://data.europa.eu/esco/occupation/684fd8d5-9b40-4b02-a680-438f0082d923"", ""label"": ""higher education lecturer"", ""score"": 0.6254}, {""uri"": ""http://data.europa.eu/esco/occupation/2c1ed9dd-9799-4882-8bfa-40b841f7d4a1"", ""label"": ""further education principal"", ""score"": 0.623}, {""uri"": ""http://data.europa.eu/esco/occupation/8befd482-70e2-4d1e-8a09-091e15fe85c3"", ""label"": ""Freinet school teacher"", ""score"": 0.6166}, {""uri"": ""http://data.europa.eu/esco/occupation/d37cc820-15f5-4a81-88db-af48b0ee6a32"", ""label"": ""secondary school department head"", ""score"": 0.6161}, {""uri"": ""http://data.europa.eu/esco/occupation/9b51a2d2-999a-43a6-a814-63dd30a585fa"", ""label"": ""education inspector"", ""score"": 0.6159}]",0.70-0.80,20075,40,test
110725017150,Executive - Accounts & Finance,executive accounts & finance,Interarch Building Products,"finance and accounts, accounting, mis, reconciliation, gst return, manufacturing industry, factory, gst",http://data.europa.eu/esco/occupation/30f3ea93-882a-4525-841c-1d5b4b64076f,financial manager,0.7183,0.6666666666666666,"[{""uri"": ""http://data.europa.eu/esco/occupation/04f39bfa-bc03-4480-98bc-b18ce4fe4b4b"", ""label"": ""accounting manager"", ""score"": 0.7412}, {""uri"": ""http://data.europa.eu/esco/occupation/eda0d957-3c3c-4139-b89a-a18bc9e18897"", ""label"": ""accountant"", ""score"": 0.7201}, {""uri"": ""http://data.europa.eu/esco/occupation/5e5b1b61-1351-4d3b-a293-deb3661715dd"", ""label"": ""financial controller"", ""score"": 0.7183}, {""uri"": ""http://data.europa.eu/esco/occupation/30f3ea93-882a-4525-841c-1d5b4b64076f"", ""label"": ""financial manager"", ""score"": 0.7183}, {""uri"": ""http://data.europa.eu/esco/occupation/78db356f-a96a-4456-ab29-2de62e52f830"", ""label"": ""public finance accountant"", ""score"": 0.7182}, {""uri"": ""http://data.europa.eu/esco/occupation/5e4d156a-1f05-4b2c-b0f0-5abb82d52ed6"", ""label"": ""bank account manager"", ""score"": 0.6972}, {""uri"": ""http://data.europa.eu/esco/occupation/caafca69-9faa-4850-8930-a3fa07fea4e6"", ""label"": ""accounting analyst"", ""score"": 0.6957}, {""uri"": ""http://data.europa.eu/esco/occupation/5c1eba1e-7820-4287-9746-4c5906320100"", ""label"": ""sales support assistant"", ""score"": 0.6778}, {""uri"": ""http://data.europa.eu/esco/occupation/c3aae59e-1441-4b3e-bdd1-6da50dc7cf42"", ""label"": ""bookkeeper"", ""score"": 0.6766}, {""uri"": ""http://data.europa.eu/esco/occupation/1ad59946-d13e-441e-9b36-56e1df055e21"", ""label"": ""financial auditor"", ""score"": 0.6728}]",0.70-0.80,20075,40,test
031025503249,MANAGER (AMS),manager,Zensar,"design engineering, technology consulting, focus, agile, conceptualization, management, technology, engineering",http://data.europa.eu/esco/occupation/4ae470fc-bcf8-4704-abd5-e086ebb1552c,membership manager,0.7768,0.0,"[{""uri"": ""http://data.europa.eu/esco/occupation/4ae470fc-bcf8-4704-abd5-e086ebb1552c"", ""label"": ""membership manager"", ""score"": 0.7768}, {""uri"": ""http://data.europa.eu/esco/occupation/544cd9cf-e2ee-4ac0-8a02-7147af6b97d7"", ""label"": ""business manager"", ""score"": 0.7764}, {""uri"": ""http://data.europa.eu/esco/occupation/3b43dafb-8c6b-4906-9fe5-bc218aacad55"", ""label"": ""football coach"", ""score"": 0.7529}, {""uri"": ""http://data.europa.eu/esco/occupation/c64a6e4e-5b38-4f93-b26d-aded817aeaf3"", ""label"": ""chief operating officer"", ""score"": 0.7354}, {""uri"": ""http://data.europa.eu/esco/occupation/6c3fd65e-2d24-47d8-bc22-9e93512bdcc2"", ""label"": ""chief executive officer"", ""score"": 0.7354}, {""uri"": ""http://data.europa.eu/esco/occupation/107d21c6-973b-411c-89fd-69da48d29ada"", ""label"": ""mine manager"", ""score"": 0.728}, {""uri"": ""http://data.europa.eu/esco/occupation/2a04a1df-a3b9-403e-a245-e7f93fdddd44"", ""label"": ""executive assistant"", ""score"": 0.7274}, {""uri"": ""http://data.europa.eu/esco/occupation/8cce40c1-4479-47e7-b5fc-c976631d919f"", ""label"": ""management assistant"", ""score"": 0.7274}, {""uri"": ""http://data.europa.eu/esco/occupation/c2e6609d-0abe-4a38-b295-e06edbd52e82"", ""label"": ""fundraising manager"", ""score"": 0.7239}, {""uri"": ""http://data.europa.eu/esco/occupation/825ab049-2f0c-4acf-b402-9c6bb51acca2"", ""label"": ""sport facility manager"", ""score"": 0.7114}]",0.70-0.80,20075,40,dev
230925920329,Technical Architect,technical architect,Capgemini,"software development, software design, spring, technical architecture, java, c#, project management, business analysis",http://data.europa.eu/esco/occupation/efa81635-9125-4276-8902-9deb12170ea7,interior architect,0.7728,0.3333333333333333,"[{""uri"": ""http://data.europa.eu/esco/occupation/8c3f536e-ba66-4321-ba40-363dc39f129b"", ""label"": ""architect"", ""score"": 0.7962}, {""uri"": ""http://data.europa.eu/esco/occupation/efa81635-9125-4276-8902-9deb12170ea7"", ""label"": ""interior architect"", ""score"": 0.7728}, {""uri"": ""http://data.europa.eu/esco/occupation/364cb5ca-3002-425f-b815-aefa513df78a"", ""label"": ""architectural drafter"", ""score"": 0.7562}, {""uri"": ""http://data.europa.eu/esco/occupation/a6517365-211c-456d-aca4-1a0115c7b1e1"", ""label"": ""e-learning architect"", ""score"": 0.7435}, {""uri"": ""http://data.europa.eu/esco/occupation/6fc8f605-98b9-4218-b5e2-91c4c9c55c4d"", ""label"": ""design engineer"", ""score"": 0.7341}, {""uri"": ""http://data.europa.eu/esco/occupation/44508e7b-f56b-4bfb-9cd6-879838aecd94"", ""label"": ""land planner"", ""score"": 0.7282}, {""uri"": ""http://data.europa.eu/esco/occupation/58c30193-d29f-4d22-8bf0-fd87346b91dd"", ""label"": ""installation engineer"", ""score"": 0.7281}, {""uri"": ""http://data.europa.eu/esco/occupation/e1c72b5f-4c5c-487c-a6df-e84b64a51dae"", ""label"": ""ICT system architect"", ""score"": 0.726}, {""uri"": ""http://data.europa.eu/esco/occupation/d0aa0792-4345-474b-9365-686cf4869d2e"", ""label"": ""software architect"", ""score"": 0.7207}, {""uri"": ""http://data.europa.eu/esco/occupation/b9296f1a-a68b-4ac7-9904-f2cf1374fbaf"", ""label"": ""material stress analyst"", ""score"": 0.7103}]",0.70-0.80,20075,40,dev
260625036763,"Hiring Telecom enterprise sales Specialist Day Shift ,Sat-Sun OFF",telecom enterprise sales specialist day shift sat sun off,Denave,"telecom sales, cloud telephony sales, isp, wireline, ill, internet sales, enterprise business, mpls",http://data.europa.eu/esco/occupation/6e591f17-65c1-4a24-af2a-ca7862d4625e,technical sales representative in electronic and telecommunications equipment,0.7279,0.0,"[{""uri"": ""http://data.europa.eu/esco/occupation/6e591f17-65c1-4a24-af2a-ca7862d4625e"", ""label"": ""technical sales representative in electronic and telecommunications equipment"", ""score"": 0.7279}, {""uri"": ""http://data.europa.eu/esco/occupation/6aa78e46-ce22-421f-8a75-e915ac63c9d0"", ""label"": ""call centre supervisor"", ""score"": 0.6873}, {""uri"": ""http://data.europa.eu/esco/occupation/056bef79-c125-47ab-b6b9-8eed05c9458c"", ""label"": ""telecommunications technician"", ""score"": 0.677}, {""uri"": ""http://data.europa.eu/esco/occupation/30ca97f4-a4fd-4189-a781-ac08f6b09b78"", ""label"": ""call centre analyst"", ""score"": 0.6748}, {""uri"": ""http://data.europa.eu/esco/occupation/98e58946-3227-4f6c-a5d1-5892fe76883d"", ""label"": ""after-sales service technician"", ""score"": 0.6725}, {""uri"": ""http://data.europa.eu/esco/occupation/8529edc5-96ad-4cde-b34a-f86ad3753e4d"", ""label"": ""sales engineer"", ""score"": 0.6628}, {""uri"": ""http://data.europa.eu/esco/occupation/0c849f7b-fa3b-4faf-8501-0e50cd200ba1"", ""label"": ""telecommunication equipment shop manager"", ""score"": 0.6626}, {""uri"": ""http://data.europa.eu/esco/occupation/c956be07-53a3-4b01-b8f8-f0c5a428eaa8"", ""label"": ""technical sales representative"", ""score"": 0.6603}, {""uri"": ""http://data.europa.eu/esco/occupation/0ededdc2-050a-4ec3-8e70-6295105fcd19"", ""label"": ""call centre agent"", ""score"": 0.6589}, {""uri"": ""http://data.europa.eu/esco/occupation/14031d4a-6e99-442f-b4fe-18262b6432b2"", ""label"": ""commercial sales representative"", ""score"": 0.6577}]",0.70-0.80,20075,40,test
031025910515,Tools Support L2 Professional,tools support professional,CMS It Services,"c++, solarwinds, summit, javascript, java, matlab, python, arcgis",http://data.europa.eu/esco/occupation/ecac98ea-9fc3-4475-9b23-8af94f41603d,tool and die maker,0.7108,0.0,"[{""uri"": ""http://data.europa.eu/esco/occupation/ecac98ea-9fc3-4475-9b23-8af94f41603d"", ""label"": ""tool and die maker"", ""score"": 0.7108}, {""uri"": ""http://data.europa.eu/esco/occupation/79fed799-ab3a-43d9-bd91-414c2c3b2f57"", ""label"": ""tooling engineer"", ""score"": 0.6985}, {""uri"": ""http://data.europa.eu/esco/occupation/8bc48c43-d976-458a-9e3c-ee784572351d"", ""label"": ""industrial tool design engineer"", ""score"": 0.6866}, {""uri"": ""http://data.europa.eu/esco/occupation/1242d99a-47f1-4a62-b884-33746db8a6ca"", ""label"": ""ICT help desk manager"", ""score"": 0.6782}, {""uri"": ""http://data.europa.eu/esco/occupation/aaeec9a7-dc57-4485-890c-86b3eef735f9"", ""label"": ""ICT help desk agent"", ""score"": 0.6764}, {""uri"": ""http://data.europa.eu/esco/occupation/bcc21c63-7eee-4520-8fa7-43eefd389668"", ""label"": ""industrial engineering technician"", ""score"": 0.6704}, {""uri"": ""http://data.europa.eu/esco/occupation/9581c837-fee7-4068-9618-1116fd93d723"", ""label"": ""engineering assistant"", ""score"": 0.6564}, {""uri"": ""http://data.europa.eu/esco/occupation/862ed9e5-96ec-410d-a0fd-5206a05a7954"", ""label"": ""deburring machine operator"", ""score"": 0.6536}, {""uri"": ""http://data.europa.eu/esco/occupation/8b8ae0a5-342c-43ae-b856-e1fea6fd6d1c"", ""label"": ""power tool repair technician"", ""score"": 0.6518}, {""uri"": ""http://data.europa.eu/esco/occupation/b7aa4b4e-dbb6-4f58-b36c-35b9a7267972"", ""label"": ""computer hardware repair technician"", ""score"": 0.6357}]",0.70-0.80,20075,40,test
100724010975,Sales executive - Fresher Hiring- CTC (6.5LPA - 7.5LPA),sales executive ctc,PlanetSpark,"international sales, upselling, sales process, coustmer handling, business development associate, sales, customer acquisition, inbound sales",http://data.europa.eu/esco/occupation/a7594892-ff23-4e2a-aedf-2f967ebca15c,sales manager,0.7746,0.4,"[{""uri"": ""http://data.europa.eu/esco/occupation/a7594892-ff23-4e2a-aedf-2f967ebca15c"", ""label"": ""sales manager"", ""score"": 0.7746}, {""uri"": ""http://data.europa.eu/esco/occupation/14031d4a-6e99-442f-b4fe-18262b6432b2"", ""label"": ""commercial sales representative"", ""score"": 0.7746}, {""uri"": ""http://data.europa.eu/esco/occupation/2eac08c2-a81a-46fc-8d75-eb0e0f3e0f6d"", ""label"": ""sales account manager"", ""score"": 0.7477}, {""uri"": ""http://data.europa.eu/esco/occupation/5c1eba1e-7820-4287-9746-4c5906320100"", ""label"": ""sales support assistant"", ""score"": 0.7322}, {""uri"": ""http://data.europa.eu/esco/occupation/725090a7-9943-4dae-8079-a6999d21ddba"", ""label"": ""client relations manager"", ""score"": 0.7095}, {""uri"": ""http://data.europa.eu/esco/occupation/547b304b-9a72-4717-9b24-b7046df5f64e"", ""label"": ""specialised seller"", ""score"": 0.6785}, {""uri"": ""http://data.europa.eu/esco/occupation/8529edc5-96ad-4cde-b34a-f86ad3753e4d"", ""label"": ""sales engineer"", ""score"": 0.6769}, {""uri"": ""http://data.europa.eu/esco/occupation/6aa78e46-ce22-421f-8a75-e915ac63c9d0"", ""label"": ""call centre supervisor"", ""score"": 0.6765}, {""uri"": ""http://data.europa.eu/esco/occupation/c956be07-53a3-4b01-b8f8-f0c5a428eaa8"", ""label"": ""technical sales representative"", ""score"": 0.6684}, {""uri"": ""http://data.europa.eu/esco/occupation/7b1b5da8-573a-49bb-a38e-68725a949f4f"", ""label"": ""chief technology officer"", ""score"": 0.6677}]",0.70-0.80,20075,40,test
250925920222,Operational Excellence Manager - Energy Industries,operational excellence manager energy industries,ABB,"six sigma, global operations, lean, business transformation, operational excellence, project management, process excellence, lean six sigma",http://data.europa.eu/esco/occupation/c9862fdd-53b7-4da9-b742-4302d704836c,lean manager,0.7873,0.75,"[{""uri"": ""http://data.europa.eu/esco/occupation/c9862fdd-53b7-4da9-b742-4302d704836c"", ""label"": ""lean manager"", ""score"": 0.7873}, {""uri"": ""http://data.europa.eu/esco/occupation/23a61ff1-c954-4867-b982-a018b535f98b"", ""label"": ""energy conservation officer"", ""score"": 0.6493}, {""uri"": ""http://data.europa.eu/esco/occupation/a005f8a2-2d8a-433e-8d89-13575f822fd4"", ""label"": ""energy manager"", ""score"": 0.6365}, {""uri"": ""http://data.europa.eu/esco/occupation/1ff61522-8947-4c95-b589-cb0e0539a62b"", ""label"": ""energy systems engineer"", ""score"": 0.6071}, {""uri"": ""http://data.europa.eu/esco/occupation/de74eb4e-c95e-425a-9b3a-7be805ec0321"", ""label"": ""energy consultant"", ""score"": 0.6046}, {""uri"": ""http://data.europa.eu/esco/occupation/58db3ac6-5217-4d46-8a4c-126598be1d13"", ""label"": ""electric power generation engineer"", ""score"": 0.6}, {""uri"": ""http://data.europa.eu/esco/occupation/cbde1a3a-406d-4d17-b30b-03981925035d"", ""label"": ""energy analyst"", ""score"": 0.5917}, {""uri"": ""http://data.europa.eu/esco/occupation/0633ec3f-91f1-4038-bc29-e0ec4cd7f1e9"", ""label"": ""oil and gas production manager"", ""score"": 0.5884}, {""uri"": ""http://data.europa.eu/esco/occupation/c7f5cab7-7cfb-47d7-890c-6b9c00a9eaaf"", ""label"": ""energy assessor"", ""score"": 0.5843}, {""uri"": ""http://data.europa.eu/esco/occupation/72381086-cb6e-455e-a40b-ccb26550aab6"", ""label"": ""power production plant operator"", ""score"": 0.5826}]",0.70-0.80,20075,40,test
300925927506,Electrical Cad Designer,electrical cad designer,PRO Hr Complete Solutions,"electrical cad, autocad electrical, electrical design, design, cad, cad drawing, autocad, electricals",http://data.europa.eu/esco/occupation/2515bd46-ccd4-4561-97d1-b9544608a76e,electrical drafter,0.7718,0.6,"[{""uri"": ""http://data.europa.eu/esco/occupation/ab7bccb2-6f81-4a3d-a0c0-fca5d47d2775"", ""label"": ""industrial designer"", ""score"": 0.7761}, {""uri"": ""http://data.europa.eu/esco/occupation/62979364-6fac-41f2-87ca-202bca19a6ab"", ""label"": ""computer-aided design operator"", ""score"": 0.7748}, {""uri"": ""http://data.europa.eu/esco/occupation/2515bd46-ccd4-4561-97d1-b9544608a76e"", ""label"": ""electrical drafter"", ""score"": 0.7718}, {""uri"": ""http://data.europa.eu/esco/occupation/86ca306c-ab99-420a-9e2a-aa73c5c4de22"", ""label"": ""electrical engineer"", ""score"": 0.7335}, {""uri"": ""http://data.europa.eu/esco/occupation/d849fd2a-5210-434b-a50b-2d92de3a4bac"", ""label"": ""electronics drafter"", ""score"": 0.7264}, {""uri"": ""http://data.europa.eu/esco/occupation/91e35fd9-ac59-48ef-8416-c06a201b2da8"", ""label"": ""printed circuit board designer"", ""score"": 0.6858}, {""uri"": ""http://data.europa.eu/esco/occupation/1e2aaeff-5bf1-4649-9f09-9ebbd5cc3501"", ""label"": ""electromechanical drafter"", ""score"": 0.6635}, {""uri"": ""http://data.europa.eu/esco/occupation/77abfaec-a250-4765-95fa-6091e8da1bba"", ""label"": ""electromechanical engineer"", ""score"": 0.659}, {""uri"": ""http://data.europa.eu/esco/occupation/2026adb2-62d7-4b92-9ccb-105abdebe37d"", ""label"": ""electromagnetic engineer"", ""score"": 0.6551}, {""uri"": ""http://data.europa.eu/esco/occupation/849a656c-8559-4471-91ed-442c42b0b641"", ""label"": ""clothing CAD technician"", ""score"": 0.6488}]",0.70-0.80,20075,40,test
230925036440,Motion Graphic Designer,motion graphic designer,Persolkelly India,"motion designing, motion graphics, rive, design ui animation, adobe after effects, ui/ux, video editing, lottie",http://data.europa.eu/esco/occupation/48c8eccb-4bd0-487e-a187-4953cbbe956e,animator,0.7896,0.5,"[{""uri"": ""http://data.europa.eu/esco/occupation/48c8eccb-4bd0-487e-a187-4953cbbe956e"", ""label"": ""animator"", ""score"": 0.7896}, {""uri"": ""http://data.europa.eu/esco/occupation/7beefadd-ea05-4f59-bc4b-01075f27b937"", ""label"": ""video artist"", ""score"": 0.7804}, {""uri"": ""http://data.europa.eu/esco/occupation/d5c4ab26-c293-4f4d-ad89-fe776f49a67f"", ""label"": ""digital artist"", ""score"": 0.7685}, {""uri"": ""http://data.europa.eu/esco/occupation/69bcbb0a-8d80-4ecd-b0a4-9adea2a40de2"", ""label"": ""graphic designer"", ""score"": 0.7657}, {""uri"": ""http://data.europa.eu/esco/occupation/c995fe34-0909-4ce3-b7b7-97945efede56"", ""label"": ""performance video designer"", ""score"": 0.7639}, {""uri"": ""http://data.europa.eu/esco/occupation/4d4b243f-6c3b-48c3-a564-2e7f2d592a3c"", ""label"": ""production designer"", ""score"": 0.7609}, {""uri"": ""http://data.europa.eu/esco/occupation/364d9e9f-b14c-4905-b9e5-5de623dba268"", ""label"": ""stop-motion animator"", ""score"": 0.7608}, {""uri"": ""http://data.europa.eu/esco/occupation/b4f08f2e-3c97-4484-9094-446a17dad802"", ""label"": ""motion picture film developer"", ""score"": 0.7348}, {""uri"": ""http://data.europa.eu/esco/occupation/30b25ee4-da97-4167-8592-460217f6bdcc"", ""label"": ""animation director"", ""score"": 0.7344}, {""uri"": ""http://data.europa.eu/esco/occupation/b1c0714d-77f1-4732-8fd8-9f0739fb9974"", ""label"": ""special effects artist"", ""score"": 0.7111}]",0.70-0.80,20075,40,dev
230925920412,Sales Officer - Retail MFB - SBL - Sales,sales officer retail mfb sbl sales,Tata Capital,"channel sales, retail sales, sales, retail, marketing, direct marketing, distributor sales, business development",http://data.europa.eu/esco/occupation/6fcf4638-e7c7-4978-9302-9a7b63a3d57c,marketing manager,0.739,0.5,"[{""uri"": ""http://data.europa.eu/esco/occupation/7dec82e0-3bfc-4c48-812d-c2095bfe05bb"", ""label"": ""department store manager"", ""score"": 0.7751}, {""uri"": ""http://data.europa.eu/esco/occupation/5c1eba1e-7820-4287-9746-4c5906320100"", ""label"": ""sales support assistant"", ""score"": 0.7749}, {""uri"": ""http://data.europa.eu/esco/occupation/a7594892-ff23-4e2a-aedf-2f967ebca15c"", ""label"": ""sales manager"", ""score"": 0.7691}, {""uri"": ""http://data.europa.eu/esco/occupation/b21b5952-1658-44f8-b719-e5be7fb39866"", ""label"": ""motor vehicle shop manager"", ""score"": 0.7663}, {""uri"": ""http://data.europa.eu/esco/occupation/2eac08c2-a81a-46fc-8d75-eb0e0f3e0f6d"", ""label"": ""sales account manager"", ""score"": 0.7604}, {""uri"": ""http://data.europa.eu/esco/occupation/14031d4a-6e99-442f-b4fe-18262b6432b2"", ""label"": ""commercial sales representative"", ""score"": 0.7547}, {""uri"": ""http://data.europa.eu/esco/occupation/a79d9e58-36be-4e67-a4db-ea6c8ff445fc"", ""label"": ""retail department manager"", ""score"": 0.7464}, {""uri"": ""http://data.europa.eu/esco/occupation/3a4c4e33-ee34-4abe-ba5c-26f9037d292f"", ""label"": ""trade regional manager"", ""score"": 0.7411}, {""uri"": ""http://data.europa.eu/esco/occupation/6fcf4638-e7c7-4978-9302-9a7b63a3d57c"", ""label"": ""marketing manager"", ""score"": 0.739}, {""uri"": ""http://data.europa.eu/esco/occupation/c956be07-53a3-4b01-b8f8-f0c5a428eaa8"", ""label"": ""technical sales representative"", ""score"": 0.7214}]",0.70-0.80,20075,40,dev
290825023271,Sales Manager - Indiamart || Pune,sales manager indiamart pune,IndiaMART,"sales, team handling, territory sales, new client acquisition, client onboarding, direct sales, b2b sales, revenue generation",http://data.europa.eu/esco/occupation/b21b5952-1658-44f8-b719-e5be7fb39866,motor vehicle shop manager,0.7035,0.2,"[{""uri"": ""http://data.europa.eu/esco/occupation/b21b5952-1658-44f8-b719-e5be7fb39866"", ""label"": ""motor vehicle shop manager"", ""score"": 0.7035}, {""uri"": ""http://data.europa.eu/esco/occupation/a7594892-ff23-4e2a-aedf-2f967ebca15c"", ""label"": ""sales manager"", ""score"": 0.6593}, {""uri"": ""http://data.europa.eu/esco/occupation/3a4c4e33-ee34-4abe-ba5c-26f9037d292f"", ""label"": ""trade regional manager"", ""score"": 0.6593}, {""uri"": ""http://data.europa.eu/esco/occupation/a79d9e58-36be-4e67-a4db-ea6c8ff445fc"", ""label"": ""retail department manager"", ""score"": 0.6506}, {""uri"": ""http://data.europa.eu/esco/occupation/6fcf4638-e7c7-4978-9302-9a7b63a3d57c"", ""label"": ""marketing manager"", ""score"": 0.6314}, {""uri"": ""http://data.europa.eu/esco/occupation/a49e1479-90c4-41d2-871b-ac58ebc4894b"", ""label"": ""household goods distribution manager"", ""score"": 0.6198}, {""uri"": ""http://data.europa.eu/esco/occupation/98f9909b-016d-4c62-90ae-893b0cbabbca"", ""label"": ""press and stationery shop manager"", ""score"": 0.6177}, {""uri"": ""http://data.europa.eu/esco/occupation/2eac08c2-a81a-46fc-8d75-eb0e0f3e0f6d"", ""label"": ""sales account manager"", ""score"": 0.6146}, {""uri"": ""http://data.europa.eu/esco/occupation/823db06f-25e1-4658-b063-d6ef956b41f5"", ""label"": ""logistics and distribution manager"", ""score"": 0.6145}, {""uri"": ""http://data.europa.eu/esco/occupation/d954fd71-0e2f-4cf9-85f0-c040fa6cbda9"", ""label"": ""promotion manager"", ""score"": 0.6138}]",0.70-0.80,20075,40,test
260925502547,Associate Accounts Payable Analyst,associate accounts payable analyst,Rarr Technologies,"accounts payable, oracle, sap, internal control, purchase, invoice processing, emea, p2p",http://data.europa.eu/esco/occupation/bfe142b9-a049-4d41-89c4-fd2f34ac56b6,accounting assistant,0.7855,0.25,"[{""uri"": ""http://data.europa.eu/esco/occupation/caafca69-9faa-4850-8930-a3fa07fea4e6"", ""label"": ""accounting analyst"", ""score"": 0.8139}, {""uri"": ""http://data.europa.eu/esco/occupation/bfe142b9-a049-4d41-89c4-fd2f34ac56b6"", ""label"": ""accounting assistant"", ""score"": 0.7855}, {""uri"": ""http://data.europa.eu/esco/occupation/bafbc672-0ad9-41af-9de8-db0c91a24f9b"", ""label"": ""billing clerk"", ""score"": 0.7629}, {""uri"": ""http://data.europa.eu/esco/occupation/5c1eba1e-7820-4287-9746-4c5906320100"", ""label"": ""sales support assistant"", ""score"": 0.7263}, {""uri"": ""http://data.europa.eu/esco/occupation/2eac08c2-a81a-46fc-8d75-eb0e0f3e0f6d"", ""label"": ""sales account manager"", ""score"": 0.7186}, {""uri"": ""http://data.europa.eu/esco/occupation/04f39bfa-bc03-4480-98bc-b18ce4fe4b4b"", ""label"": ""accounting manager"", ""score"": 0.7178}, {""uri"": ""http://data.europa.eu/esco/occupation/eda0d957-3c3c-4139-b89a-a18bc9e18897"", ""label"": ""accountant"", ""score"": 0.7106}, {""uri"": ""http://data.europa.eu/esco/occupation/160c1469-bbb6-48d3-b2a7-db8b30d724b5"", ""label"": ""actuarial assistant"", ""score"": 0.7093}, {""uri"": ""http://data.europa.eu/esco/occupation/b7f47c25-bdf3-42fa-a68e-ad32754b2dba"", ""label"": ""investment analyst"", ""score"": 0.7006}, {""uri"": ""http://data.europa.eu/esco/occupation/c3aae59e-1441-4b3e-bdd1-6da50dc7cf42"", ""label"": ""bookkeeper"", ""score"": 0.6817}]",0.70-0.80,20075,40,test
300925018994,Accounts And Purchase Executive,accounts and purchase executive,Gmr Varalakshmi Foundation,"accounts reconciliation, sap erp, purchase requisition, ariba sourcing, general ledger accounting, purchase order, accounts receivable, accounts payable",http://data.europa.eu/esco/occupation/04f39bfa-bc03-4480-98bc-b18ce4fe4b4b,accounting manager,0.7445,0.125,"[{""uri"": ""http://data.europa.eu/esco/occupation/04f39bfa-bc03-4480-98bc-b18ce4fe4b4b"", ""label"": ""accounting manager"", ""score"": 0.7445}, {""uri"": ""http://data.europa.eu/esco/occupation/2eac08c2-a81a-46fc-8d75-eb0e0f3e0f6d"", ""label"": ""sales account manager"", ""score"": 0.7023}, {""uri"": ""http://data.europa.eu/esco/occupation/eda0d957-3c3c-4139-b89a-a18bc9e18897"", ""label"": ""accountant"", ""score"": 0.6907}, {""uri"": ""http://data.europa.eu/esco/occupation/5e4d156a-1f05-4b2c-b0f0-5abb82d52ed6"", ""label"": ""bank account manager"", ""score"": 0.6878}, {""uri"": ""http://data.europa.eu/esco/occupation/1f665529-96e9-46c1-99f4-9ffbf9ffa036"", ""label"": ""auditing clerk"", ""score"": 0.6849}, {""uri"": ""http://data.europa.eu/esco/occupation/5e5b1b61-1351-4d3b-a293-deb3661715dd"", ""label"": ""financial controller"", ""score"": 0.6819}, {""uri"": ""http://data.europa.eu/esco/occupation/5c1eba1e-7820-4287-9746-4c5906320100"", ""label"": ""sales support assistant"", ""score"": 0.6742}, {""uri"": ""http://data.europa.eu/esco/occupation/377865f0-c327-4599-8c7e-d428c6588edf"", ""label"": ""purchasing manager"", ""score"": 0.668}, {""uri"": ""http://data.europa.eu/esco/occupation/bafbc672-0ad9-41af-9de8-db0c91a24f9b"", ""label"": ""billing clerk"", ""score"": 0.6551}, {""uri"": ""http://data.europa.eu/esco/occupation/30f3ea93-882a-4525-841c-1d5b4b64076f"", ""label"": ""financial manager"", ""score"": 0.6497}]",0.70-0.80,20075,40,test
260925031760,Radiologist Consultant,radiologist consultant,Global Diagnostics & Intervention,"radiology, interventional radiology, ct, radio diagnosis, mri, usg, x-ray, medical imaging",http://data.europa.eu/esco/occupation/7639a601-6db0-41ed-9fb0-813d9b8beb05,radiographer,0.8649,0.0,"[{""uri"": ""http://data.europa.eu/esco/occupation/7639a601-6db0-41ed-9fb0-813d9b8beb05"", ""label"": ""radiographer"", ""score"": 0.8649}, {""uri"": ""http://data.europa.eu/esco/occupation/7d092380-1c2e-48fe-81de-0d191b4e96d6"", ""label"": ""diagnostic radiographer"", ""score"": 0.847}, {""uri"": ""http://data.europa.eu/esco/occupation/e139b0a3-3bc5-4c33-bfbf-51ac20ac12fa"", ""label"": ""radiation therapist"", ""score"": 0.8443}, {""uri"": ""http://data.europa.eu/esco/occupation/0c041d1e-1841-4acb-b0a1-2c387a61bf65"", ""label"": ""doctors' surgery assistant"", ""score"": 0.8378}, {""uri"": ""http://data.europa.eu/esco/occupation/5efb4fff-8c5f-4697-9587-034d9f6af094"", ""label"": ""nuclear medicine radiographer"", ""score"": 0.783}, {""uri"": ""http://data.europa.eu/esco/occupation/f87779ae-7389-44e7-b155-16e87904857e"", ""label"": ""gemmologist"", ""score"": 0.7507}, {""uri"": ""http://data.europa.eu/esco/occupation/ab4086a0-0e2f-436e-80f8-a3291e594bd1"", ""label"": ""lithographer"", ""score"": 0.7484}, {""uri"": ""http://data.europa.eu/esco/occupation/184e59d7-5646-4fe4-9059-46867ff09574"", ""label"": ""radiation protection technician"", ""score"": 0.7483}, {""uri"": ""http://data.europa.eu/esco/occupation/87775d69-ae88-449e-ad71-6f9875711816"", ""label"": ""chemistry technician"", ""score"": 0.7249}, {""uri"": ""http://data.europa.eu/esco/occupation/a9bcc9e0-5be7-47a0-818b-acad10fe90d9"", ""label"": ""physics technician"", ""score"": 0.7113}]",0.80+,35125,40,dev
031025909623,Senior Data Scientist,data scientist,Incedo,"hive, python, machine learning, tensorflow, keras, time series analysis, algorithms, data analysis",http://data.europa.eu/esco/occupation/258e46f9-0075-4a2e-adae-1ff0477e0f30,data scientist,1.0,0.2,"[{""uri"": ""http://data.europa.eu/esco/occupation/258e46f9-0075-4a2e-adae-1ff0477e0f30"", ""label"": ""data scientist"", ""score"": 1.0}, {""uri"": ""http://data.europa.eu/esco/occupation/68d973df-bf10-4bf7-9a1b-fbd9f604b9db"", ""label"": ""bioinformatics scientist"", ""score"": 1.0}, {""uri"": ""http://data.europa.eu/esco/occupation/d3edb8f8-3a06-47a0-8fb9-9b212c006aa2"", ""label"": ""data analyst"", ""score"": 0.8755}, {""uri"": ""http://data.europa.eu/esco/occupation/2079755f-d809-49e6-8037-4de6180e54c0"", ""label"": ""data engineer"", ""score"": 0.8503}, {""uri"": ""http://data.europa.eu/esco/occupation/e3229e40-f571-4b26-baca-29edc8fe313e"", ""label"": ""computer scientist"", ""score"": 0.8235}, {""uri"": ""http://data.europa.eu/esco/occupation/3765a20d-5160-4e8f-82f1-ad7872b9db24"", ""label"": ""information manager"", ""score"": 0.8181}, {""uri"": ""http://data.europa.eu/esco/occupation/ac8b3cd1-a127-4e6a-8208-5cfcf7111955"", ""label"": ""statistician"", ""score"": 0.814}, {""uri"": ""http://data.europa.eu/esco/occupation/30ca97f4-a4fd-4189-a781-ac08f6b09b78"", ""label"": ""call centre analyst"", ""score"": 0.754}, {""uri"": ""http://data.europa.eu/esco/occupation/d2e63d7e-2605-4af1-bb7d-b1ed9ad08825"", ""label"": ""statistical assistant"", ""score"": 0.735}, {""uri"": ""http://data.europa.eu/esco/occupation/c02ee787-c30b-4f0d-9d7f-6eb36fc44a5d"", ""label"": ""research manager"", ""score"": 0.7289}]",0.80+,35125,40,dev
230925504938,Senior Vice President,vice president,BNY,"financial analysis, project management, python, data management, data analysis, business analysis, market research, analysis",http://data.europa.eu/esco/occupation/544cd9cf-e2ee-4ac0-8a02-7147af6b97d7,business manager,0.9677,0.0625,"[{""uri"": ""http://data.europa.eu/esco/occupation/544cd9cf-e2ee-4ac0-8a02-7147af6b97d7"", ""label"": ""business manager"", ""score"": 0.9677}, {""uri"": ""http://data.europa.eu/esco/occupation/c64a6e4e-5b38-4f93-b26d-aded817aeaf3"", ""label"": ""chief operating officer"", ""score"": 0.8192}, {""uri"": ""http://data.europa.eu/esco/occupation/6c3fd65e-2d24-47d8-bc22-9e93512bdcc2"", ""label"": ""chief executive officer"", ""score"": 0.7808}, {""uri"": ""http://data.europa.eu/esco/occupation/404a50e9-61ce-448d-a695-bbfc697a0727"", ""label"": ""government minister"", ""score"": 0.6397}, {""uri"": ""http://data.europa.eu/esco/occupation/8bf76ba6-e661-4574-9887-4f2cb943835a"", ""label"": ""political affairs officer"", ""score"": 0.6321}, {""uri"": ""http://data.europa.eu/esco/occupation/0ee67d5e-8de9-48f0-97c5-ba23d486b1e9"", ""label"": ""secretary of state"", ""score"": 0.6308}, {""uri"": ""http://data.europa.eu/esco/occupation/0752ed49-03e7-4d75-8314-a051b3771a1d"", ""label"": ""public administration manager"", ""score"": 0.6274}, {""uri"": ""http://data.europa.eu/esco/occupation/5c5b153e-4bf8-4f3d-973d-12fabf306d12"", ""label"": ""secretary general"", ""score"": 0.5873}, {""uri"": ""http://data.europa.eu/esco/occupation/d9004a14-bda2-4c63-ab64-17ca163ac1bd"", ""label"": ""parliamentary assistant"", ""score"": 0.5811}, {""uri"": ""http://data.europa.eu/esco/occupation/d63789ac-74b5-40e3-b890-685513c38e12"", ""label"": ""governor"", ""score"": 0.5767}]",0.80+,35125,40,test
240925910076,Scrum Master - L1,scrum master,Wipro,"user stories, kanban, scrum, agile, atdd, continuous integration, project management, alm",http://data.europa.eu/esco/occupation/8b6388a4-4904-471b-9331-d3b1211f5525,ICT project manager,1.0,0.5,"[{""uri"": ""http://data.europa.eu/esco/occupation/8b6388a4-4904-471b-9331-d3b1211f5525"", ""label"": ""ICT project manager"", ""score"": 1.0}, {""uri"": ""http://data.europa.eu/esco/occupation/544cd9cf-e2ee-4ac0-8a02-7147af6b97d7"", ""label"": ""business manager"", ""score"": 0.6074}, {""uri"": ""http://data.europa.eu/esco/occupation/a14e96a7-6c4d-4d69-8c6f-7ccadf77bac5"", ""label"": ""corporate training manager"", ""score"": 0.5488}, {""uri"": ""http://data.europa.eu/esco/occupation/8c8b5cba-14b2-4728-b22c-eb90f1786e00"", ""label"": ""medical practice manager"", ""score"": 0.5466}, {""uri"": ""http://data.europa.eu/esco/occupation/1bb2aa65-1524-4961-8dba-ad25f34f195f"", ""label"": ""fire service vehicle operator"", ""score"": 0.5373}, {""uri"": ""http://data.europa.eu/esco/occupation/6cfba9ca-f9a0-4a50-a8d3-064d88c928b1"", ""label"": ""event scaffolder"", ""score"": 0.5325}, {""uri"": ""http://data.europa.eu/esco/occupation/f5e80af5-eebe-4133-878a-5dc5ef34fe93"", ""label"": ""agronomic crop production team leader"", ""score"": 0.5314}, {""uri"": ""http://data.europa.eu/esco/occupation/40517ed4-2769-4283-a15b-4b0d939bd2d3"", ""label"": ""production supervisor"", ""score"": 0.5314}, {""uri"": ""http://data.europa.eu/esco/occupation/ef6020f9-11b4-4d1a-96e0-903331594121"", ""label"": ""footwear product development manager"", ""score"": 0.5193}, {""uri"": ""http://data.europa.eu/esco/occupation/eb198788-0b99-4583-a7c5-0139ff9f91ad"", ""label"": ""casino gaming manager"", ""score"": 0.5064}]",0.80+,35125,40,test
290925004251,Field Sales Engineer,field sales engineer,Steel Strong Valves,"presentation skills, communication skills, sales coordination, client management, analytical ability, report preparation, convincing power, reporting",http://data.europa.eu/esco/occupation/c956be07-53a3-4b01-b8f8-f0c5a428eaa8,technical sales representative,0.8712,0.07142857142857142,"[{""uri"": ""http://data.europa.eu/esco/occupation/14031d4a-6e99-442f-b4fe-18262b6432b2"", ""label"": ""commercial sales representative"", ""score"": 0.8998}, {""uri"": ""http://data.europa.eu/esco/occupation/8529edc5-96ad-4cde-b34a-f86ad3753e4d"", ""label"": ""sales engineer"", ""score"": 0.8891}, {""uri"": ""http://data.europa.eu/esco/occupation/c956be07-53a3-4b01-b8f8-f0c5a428eaa8"", ""label"": ""technical sales representative"", ""score"": 0.8712}, {""uri"": ""http://data.europa.eu/esco/occupation/555235ce-8c45-409b-a6c9-83e69c2d2bce"", ""label"": ""military engineer"", ""score"": 0.8234}, {""uri"": ""http://data.europa.eu/esco/occupation/6e591f17-65c1-4a24-af2a-ca7862d4625e"", ""label"": ""technical sales representative in electronic and telecommunications equipment"", ""score"": 0.7976}, {""uri"": ""http://data.europa.eu/esco/occupation/98e58946-3227-4f6c-a5d1-5892fe76883d"", ""label"": ""after-sales service technician"", ""score"": 0.7771}, {""uri"": ""http://data.europa.eu/esco/occupation/a7594892-ff23-4e2a-aedf-2f967ebca15c"", ""label"": ""sales manager"", ""score"": 0.7736}, {""uri"": ""http://data.europa.eu/esco/occupation/2eac08c2-a81a-46fc-8d75-eb0e0f3e0f6d"", ""label"": ""sales account manager"", ""score"": 0.768}, {""uri"": ""http://data.europa.eu/esco/occupation/5c1eba1e-7820-4287-9746-4c5906320100"", ""label"": ""sales support assistant"", ""score"": 0.7614}, {""uri"": ""http://data.europa.eu/esco/occupation/58c30193-d29f-4d22-8bf0-fd87346b91dd"", ""label"": ""installation engineer"", ""score"": 0.7555}]",0.80+,35125,40,dev
011025012818,Human Resource Recruiter (End To End Recruitment),human resource recruiter,Axis Services,"end to end recruitment, hr recruiter, talent acquisition, sourcing profiles, interview coordination, salary negotiation, interview scheduling, screening resumes",http://data.europa.eu/esco/occupation/d3e32e5e-7f24-48e3-b939-e4f800eb62fb,human resources officer,0.8249,0.375,"[{""uri"": ""http://data.europa.eu/esco/occupation/068370e0-9c27-4814-87d0-44fbb3140815"", ""label"": ""recruitment consultant"", ""score"": 0.8407}, {""uri"": ""http://data.europa.eu/esco/occupation/d3e32e5e-7f24-48e3-b939-e4f800eb62fb"", ""label"": ""human resources officer"", ""score"": 0.8249}, {""uri"": ""http://data.europa.eu/esco/occupation/7843a4c6-a9f6-4095-94b9-45b384d4bd57"", ""label"": ""market research interviewer"", ""score"": 0.7732}, {""uri"": ""http://data.europa.eu/esco/occupation/f605bcd2-90b6-45a0-a558-d05016d68a77"", ""label"": ""human resources manager"", ""score"": 0.7479}, {""uri"": ""http://data.europa.eu/esco/occupation/a6e8a6bf-9209-4d19-a131-a8b6431e0f75"", ""label"": ""talent acquisition manager"", ""score"": 0.7322}, {""uri"": ""http://data.europa.eu/esco/occupation/0917ab6b-18a8-4cfd-8e7a-843b88cf9457"", ""label"": ""branch manager"", ""score"": 0.7056}, {""uri"": ""http://data.europa.eu/esco/occupation/d8ed1703-9c03-4ea0-83cc-b6169bc54ffd"", ""label"": ""human resources assistant"", ""score"": 0.6878}, {""uri"": ""http://data.europa.eu/esco/occupation/4f2f2539-3e38-4393-9dac-a9a48af7cd32"", ""label"": ""casting director"", ""score"": 0.6384}, {""uri"": ""http://data.europa.eu/esco/occupation/e4112a88-973f-4c7a-97f5-2241e6b6833f"", ""label"": ""employment and vocational integration consultant"", ""score"": 0.6325}, {""uri"": ""http://data.europa.eu/esco/occupation/42a96d07-1e1d-49ae-9399-c1f4be27ddea"", ""label"": ""employment agent"", ""score"": 0.6121}]",0.80+,35125,40,dev
230925931235,Senior Automation Engineer,automation engineer,ABB,"hmi, plc, industrial iot, application development, vfd, abb, instrumentation engineering, robotics",http://data.europa.eu/esco/occupation/bb609566-3ab6-44dd-8f48-cf0b15b96827,automation engineer,1.0,0.5,"[{""uri"": ""http://data.europa.eu/esco/occupation/bb609566-3ab6-44dd-8f48-cf0b15b96827"", ""label"": ""automation engineer"", ""score"": 1.0}, {""uri"": ""http://data.europa.eu/esco/occupation/551a6797-3ca9-41fc-9dca-9a982a8fd8a6"", ""label"": ""robotics engineer"", ""score"": 0.9352}, {""uri"": ""http://data.europa.eu/esco/occupation/5791a961-4717-4230-a245-a4082a675f04"", ""label"": ""automation engineering technician"", ""score"": 0.9056}, {""uri"": ""http://data.europa.eu/esco/occupation/7833d5cd-873d-4fdd-b2f8-9762d68494a7"", ""label"": ""robotics engineering technician"", ""score"": 0.8306}, {""uri"": ""http://data.europa.eu/esco/occupation/8d410283-865d-4cbb-acae-ac7f69d9cf26"", ""label"": ""automotive engineer"", ""score"": 0.8088}, {""uri"": ""http://data.europa.eu/esco/occupation/42381741-f3a7-4b26-b35c-da6fad9f1cfd"", ""label"": ""product development engineering technician"", ""score"": 0.7984}, {""uri"": ""http://data.europa.eu/esco/occupation/615920c5-4f63-4eb3-8b60-afaaed3ab1ff"", ""label"": ""maintenance and repair engineer"", ""score"": 0.7691}, {""uri"": ""http://data.europa.eu/esco/occupation/e8fca903-6590-48a8-8902-094bb41ee90c"", ""label"": ""autonomous driving specialist"", ""score"": 0.7563}, {""uri"": ""http://data.europa.eu/esco/occupation/08edf4c5-3551-4690-9d09-f9b8b9194c90"", ""label"": ""automated fly bar operator"", ""score"": 0.7557}, {""uri"": ""http://data.europa.eu/esco/occupation/cc867bee-ab5c-427f-9244-f7a204d9574b"", ""label"": ""cloud DevOps engineer"", ""score"": 0.7544}]",0.80+,35125,40,test
290925924655,Software Development Engineer,software development engineer,Accenture,"software development, software testing, application development, sap co management, management accounting, hr generalist activities, employee grievances, javascript",http://data.europa.eu/esco/occupation/f2b15a0e-e65a-438a-affb-29b9d50b77d1,software developer,0.9431,0.14285714285714285,"[{""uri"": ""http://data.europa.eu/esco/occupation/f2b15a0e-e65a-438a-affb-29b9d50b77d1"", ""label"": ""software developer"", ""score"": 0.9431}, {""uri"": ""http://data.europa.eu/esco/occupation/bd272aee-adc9-4a06-a15c-a73b4b4a46a7"", ""label"": ""ICT application developer"", ""score"": 0.8819}, {""uri"": ""http://data.europa.eu/esco/occupation/0368c4d4-94cf-4168-a84d-283a25880e0d"", ""label"": ""metal production manager"", ""score"": 0.8707}, {""uri"": ""http://data.europa.eu/esco/occupation/5fd69ee2-2042-4280-85e1-8f1462886987"", ""label"": ""mine development engineer"", ""score"": 0.8707}, {""uri"": ""http://data.europa.eu/esco/occupation/04ba4d6c-957d-417f-bf63-5b9e015a9f86"", ""label"": ""software analyst"", ""score"": 0.8662}, {""uri"": ""http://data.europa.eu/esco/occupation/a7c1d23d-aeca-4bee-9a08-5993ed98b135"", ""label"": ""ICT system developer"", ""score"": 0.8195}, {""uri"": ""http://data.europa.eu/esco/occupation/07e60525-1aad-4099-aaf3-2c7014c92212"", ""label"": ""integration engineer"", ""score"": 0.8151}, {""uri"": ""http://data.europa.eu/esco/occupation/d0aa0792-4345-474b-9365-686cf4869d2e"", ""label"": ""software architect"", ""score"": 0.8084}, {""uri"": ""http://data.europa.eu/esco/occupation/106f79e4-6264-45f1-9e7a-297435cd684b"", ""label"": ""software tester"", ""score"": 0.8053}, {""uri"": ""http://data.europa.eu/esco/occupation/30c0943c-caa1-411d-b273-26f475971273"", ""label"": ""quality engineer"", ""score"": 0.7875}]",0.80+,35125,40,test
011025018452,Service Delivery Manager,service delivery manager,Indusind Bank,"teller, cashier, teller authorizer, service officer, service delivery, delivery, service delivery management, cashier activities",http://data.europa.eu/esco/occupation/bcc2c1db-f969-4355-bebf-4878ff6c2a94,service manager,0.8024,0.3333333333333333,"[{""uri"": ""http://data.europa.eu/esco/occupation/89b85c45-ddc7-4fe1-be5a-d3db2be11f3b"", ""label"": ""ICT account manager"", ""score"": 0.8736}, {""uri"": ""http://data.europa.eu/esco/occupation/c18fddf5-cfc4-4f9c-94d6-86608faaa1dd"", ""label"": ""social services manager"", ""score"": 0.8478}, {""uri"": ""http://data.europa.eu/esco/occupation/3c136897-4e0e-41ef-bb57-d8152323b93a"", ""label"": ""business service manager"", ""score"": 0.806}, {""uri"": ""http://data.europa.eu/esco/occupation/bcc2c1db-f969-4355-bebf-4878ff6c2a94"", ""label"": ""service manager"", ""score"": 0.8024}, {""uri"": ""http://data.europa.eu/esco/occupation/e5a63940-57d3-4065-8713-74b4e2c93063"", ""label"": ""product and services manager"", ""score"": 0.7766}, {""uri"": ""http://data.europa.eu/esco/occupation/f5166c6b-3467-4fc4-9343-d12e870d9def"", ""label"": ""contact centre manager"", ""score"": 0.7736}, {""uri"": ""http://data.europa.eu/esco/occupation/c76dda38-938c-404e-8a6d-78c8705eebc0"", ""label"": ""checkout supervisor"", ""score"": 0.7736}, {""uri"": ""http://data.europa.eu/esco/occupation/725090a7-9943-4dae-8079-a6999d21ddba"", ""label"": ""client relations manager"", ""score"": 0.7736}, {""uri"": ""http://data.europa.eu/esco/occupation/544cd9cf-e2ee-4ac0-8a02-7147af6b97d7"", ""label"": ""business manager"", ""score"": 0.7648}, {""uri"": ""http://data.europa.eu/esco/occupation/264b00c9-84d0-4dc9-b590-aed2cea2b904"", ""label"": ""vehicle maintenance supervisor"", ""score"": 0.7637}]",0.80+,35125,40,dev
300925927093,Business Development Executive,business development executive,PRO Hr Complete Solutions,"excellent verbal and written communication skills, lead generation, travel sales, sales, verbal communication, travel, written communication",http://data.europa.eu/esco/occupation/b76178c0-a03a-4793-b079-1e61e636c521,business developer,1.0,0.0,"[{""uri"": ""http://data.europa.eu/esco/occupation/b76178c0-a03a-4793-b079-1e61e636c521"", ""label"": ""business developer"", ""score"": 1.0}, {""uri"": ""http://data.europa.eu/esco/occupation/2d3d7188-47ab-49b9-9045-e452d9db06f1"", ""label"": ""commercial director"", ""score"": 0.9146}, {""uri"": ""http://data.europa.eu/esco/occupation/14031d4a-6e99-442f-b4fe-18262b6432b2"", ""label"": ""commercial sales representative"", ""score"": 0.8813}, {""uri"": ""http://data.europa.eu/esco/occupation/2eac08c2-a81a-46fc-8d75-eb0e0f3e0f6d"", ""label"": ""sales account manager"", ""score"": 0.8777}, {""uri"": ""http://data.europa.eu/esco/occupation/60082a99-d8ef-4e84-9290-78902681b6ed"", ""label"": ""business analyst"", ""score"": 0.8237}, {""uri"": ""http://data.europa.eu/esco/occupation/3c136897-4e0e-41ef-bb57-d8152323b93a"", ""label"": ""business service manager"", ""score"": 0.8171}, {""uri"": ""http://data.europa.eu/esco/occupation/de80bbf0-447d-4a6a-845a-fdba4e0dc30c"", ""label"": ""brand manager"", ""score"": 0.7902}, {""uri"": ""http://data.europa.eu/esco/occupation/1488589a-7b83-471d-b094-492f5616f4e0"", ""label"": ""product development manager"", ""score"": 0.7893}, {""uri"": ""http://data.europa.eu/esco/occupation/586fe133-1987-41f4-b89a-f39d4bc58e1e"", ""label"": ""eBusiness manager"", ""score"": 0.7734}, {""uri"": ""http://data.europa.eu/esco/occupation/754ce08f-b4d9-4b9c-b9d2-06f15258a3ce"", ""label"": ""bank manager"", ""score"": 0.7709}]",0.80+,35125,40,dev
290925009060,Salesforce QA Engineer,salesforce quality assurance engineer,Ringcentral,"automation testing, selenium, salesforce, salesforce qa, software testing, automation, quality assurance",http://data.europa.eu/esco/occupation/30c0943c-caa1-411d-b273-26f475971273,quality engineer,0.8872,0.3333333333333333,"[{""uri"": ""http://data.europa.eu/esco/occupation/30c0943c-caa1-411d-b273-26f475971273"", ""label"": ""quality engineer"", ""score"": 0.8872}, {""uri"": ""http://data.europa.eu/esco/occupation/fdb16700-109e-4d02-949e-3213f278df93"", ""label"": ""industrial quality manager"", ""score"": 0.747}, {""uri"": ""http://data.europa.eu/esco/occupation/61d9270c-491d-438d-8d41-77ba2e0ef023"", ""label"": ""product quality inspector"", ""score"": 0.7384}, {""uri"": ""http://data.europa.eu/esco/occupation/745c8bb3-b50b-4380-9377-1b68a6576986"", ""label"": ""textile process controller"", ""score"": 0.7314}, {""uri"": ""http://data.europa.eu/esco/occupation/109e0a5d-203d-4af6-8f70-692111335ec3"", ""label"": ""quality services manager"", ""score"": 0.7314}, {""uri"": ""http://data.europa.eu/esco/occupation/d7d986e1-7333-431b-9719-0c5c6939e360"", ""label"": ""civil engineer"", ""score"": 0.7242}, {""uri"": ""http://data.europa.eu/esco/occupation/b5eaf231-77ad-4a86-8e54-15cc4398aad2"", ""label"": ""process engineer"", ""score"": 0.723}, {""uri"": ""http://data.europa.eu/esco/occupation/998a0bf4-b1be-42ab-aee5-0096c9be3319"", ""label"": ""quality engineering technician"", ""score"": 0.7106}, {""uri"": ""http://data.europa.eu/esco/occupation/a28dff76-74df-46ee-929f-d1fffbb63cd7"", ""label"": ""ICT quality assurance manager"", ""score"": 0.7083}, {""uri"": ""http://data.europa.eu/esco/occupation/1f8967ce-9faa-4d56-a656-50e041f7d07e"", ""label"": ""leather goods quality manager"", ""score"": 0.6995}]",0.80+,35125,40,dev
250925907716,Telemarketing Professional,telemarketing professional,Contactx Resource Management Pvt. Ltd.,"telemarketing, telesales, lead generation, communication skills, generation",http://data.europa.eu/esco/occupation/6fcf4638-e7c7-4978-9302-9a7b63a3d57c,marketing manager,0.8911,0.25,"[{""uri"": ""http://data.europa.eu/esco/occupation/0ededdc2-050a-4ec3-8e70-6295105fcd19"", ""label"": ""call centre agent"", ""score"": 0.9002}, {""uri"": ""http://data.europa.eu/esco/occupation/6aa78e46-ce22-421f-8a75-e915ac63c9d0"", ""label"": ""call centre supervisor"", ""score"": 0.8911}, {""uri"": ""http://data.europa.eu/esco/occupation/6fcf4638-e7c7-4978-9302-9a7b63a3d57c"", ""label"": ""marketing manager"", ""score"": 0.8911}, {""uri"": ""http://data.europa.eu/esco/occupation/30ca97f4-a4fd-4189-a781-ac08f6b09b78"", ""label"": ""call centre analyst"", ""score"": 0.7992}, {""uri"": ""http://data.europa.eu/esco/occupation/f4b4fb1d-0224-4e6b-b7c9-84bcf133be00"", ""label"": ""telecommunications equipment specialised seller"", ""score"": 0.7559}, {""uri"": ""http://data.europa.eu/esco/occupation/0bf68df5-e808-4c27-abf2-6f85440f2d7f"", ""label"": ""telephone switchboard operator"", ""score"": 0.7215}, {""uri"": ""http://data.europa.eu/esco/occupation/4791e217-d607-40d5-9f84-df1d0a071cbc"", ""label"": ""marketing consultant"", ""score"": 0.7129}, {""uri"": ""http://data.europa.eu/esco/occupation/14031d4a-6e99-442f-b4fe-18262b6432b2"", ""label"": ""commercial sales representative"", ""score"": 0.7129}, {""uri"": ""http://data.europa.eu/esco/occupation/6e591f17-65c1-4a24-af2a-ca7862d4625e"", ""label"": ""technical sales representative in electronic and telecommunications equipment"", ""score"": 0.7008}, {""uri"": ""http://data.europa.eu/esco/occupation/dd25a2b0-add0-4ae2-bd85-bb644e0d0c39"", ""label"": ""call centre manager"", ""score"": 0.697}]",0.80+,35125,40,dev
290925502354,Senior QA Engineer,quality assurance engineer,Creditsafe,"automation, backend, git, debugging, customer support, mvc, technical support, analytics",http://data.europa.eu/esco/occupation/30c0943c-caa1-411d-b273-26f475971273,quality engineer,1.0,0.0,"[{""uri"": ""http://data.europa.eu/esco/occupation/30c0943c-caa1-411d-b273-26f475971273"", ""label"": ""quality engineer"", ""score"": 1.0}, {""uri"": ""http://data.europa.eu/esco/occupation/fdb16700-109e-4d02-949e-3213f278df93"", ""label"": ""industrial quality manager"", ""score"": 0.8481}, {""uri"": ""http://data.europa.eu/esco/occupation/998a0bf4-b1be-42ab-aee5-0096c9be3319"", ""label"": ""quality engineering technician"", ""score"": 0.8395}, {""uri"": ""http://data.europa.eu/esco/occupation/b5eaf231-77ad-4a86-8e54-15cc4398aad2"", ""label"": ""process engineer"", ""score"": 0.839}, {""uri"": ""http://data.europa.eu/esco/occupation/61d9270c-491d-438d-8d41-77ba2e0ef023"", ""label"": ""product quality inspector"", ""score"": 0.7953}, {""uri"": ""http://data.europa.eu/esco/occupation/745c8bb3-b50b-4380-9377-1b68a6576986"", ""label"": ""textile process controller"", ""score"": 0.7799}, {""uri"": ""http://data.europa.eu/esco/occupation/109e0a5d-203d-4af6-8f70-692111335ec3"", ""label"": ""quality services manager"", ""score"": 0.7799}, {""uri"": ""http://data.europa.eu/esco/occupation/1f8967ce-9faa-4d56-a656-50e041f7d07e"", ""label"": ""leather goods quality manager"", ""score"": 0.7775}, {""uri"": ""http://data.europa.eu/esco/occupation/7bf11599-d0bb-4789-9886-55c87f5da449"", ""label"": ""leather goods quality technician"", ""score"": 0.7712}, {""uri"": ""http://data.europa.eu/esco/occupation/b0ad8659-0410-4b5b-9466-a90f8b3cdac9"", ""label"": ""product quality controller"", ""score"": 0.765}]",0.80+,35125,40,dev
250925015114,Agency Sales Manager,agency sales manager,Bajaj Allianz Life,"agency sales, agent recruitment, sales life insurance, life insurance, bfsi sales, sales, bfsi, sales management",http://data.europa.eu/esco/occupation/a7594892-ff23-4e2a-aedf-2f967ebca15c,sales manager,0.8046,0.25,"[{""uri"": ""http://data.europa.eu/esco/occupation/6fcf4638-e7c7-4978-9302-9a7b63a3d57c"", ""label"": ""marketing manager"", ""score"": 0.8075}, {""uri"": ""http://data.europa.eu/esco/occupation/f5332f2d-3119-4194-8b5c-d0a5d97f55ef"", ""label"": ""advertising sales agent"", ""score"": 0.8056}, {""uri"": ""http://data.europa.eu/esco/occupation/a7594892-ff23-4e2a-aedf-2f967ebca15c"", ""label"": ""sales manager"", ""score"": 0.8046}, {""uri"": ""http://data.europa.eu/esco/occupation/a79d9e58-36be-4e67-a4db-ea6c8ff445fc"", ""label"": ""retail department manager"", ""score"": 0.8014}, {""uri"": ""http://data.europa.eu/esco/occupation/14031d4a-6e99-442f-b4fe-18262b6432b2"", ""label"": ""commercial sales representative"", ""score"": 0.8005}, {""uri"": ""http://data.europa.eu/esco/occupation/2eac08c2-a81a-46fc-8d75-eb0e0f3e0f6d"", ""label"": ""sales account manager"", ""score"": 0.7939}, {""uri"": ""http://data.europa.eu/esco/occupation/4ebf2dae-c326-4627-befe-fbc91410f432"", ""label"": ""advertising manager"", ""score"": 0.7928}, {""uri"": ""http://data.europa.eu/esco/occupation/0917ab6b-18a8-4cfd-8e7a-843b88cf9457"", ""label"": ""branch manager"", ""score"": 0.7833}, {""uri"": ""http://data.europa.eu/esco/occupation/3a4c4e33-ee34-4abe-ba5c-26f9037d292f"", ""label"": ""trade regional manager"", ""score"": 0.777}, {""uri"": ""http://data.europa.eu/esco/occupation/79f8f68c-5509-4119-9373-8bef1c364d31"", ""label"": ""travel agent"", ""score"": 0.7716}]",0.80+,35125,40,dev
160925031885,Medical Transcriptionist/Medical Typist,medical transcriptionist/medical typist,Healthmap Diagnostics,"medical transcription, medical typist, typing, medical writing, medical scribe, medical transcriptionist, medical typing, scribe",http://data.europa.eu/esco/occupation/5d5fde2c-47ce-4dcd-99f0-ba651b7b908f,medical transcriptionist,0.8943,0.6666666666666666,"[{""uri"": ""http://data.europa.eu/esco/occupation/5d5fde2c-47ce-4dcd-99f0-ba651b7b908f"", ""label"": ""medical transcriptionist"", ""score"": 0.8943}, {""uri"": ""http://data.europa.eu/esco/occupation/01d74409-5303-4b5c-8925-0cc21c4da8ee"", ""label"": ""medical writer"", ""score"": 0.7274}, {""uri"": ""http://data.europa.eu/esco/occupation/22f86890-f68b-402f-a711-3e6df4913271"", ""label"": ""typist"", ""score"": 0.6872}, {""uri"": ""http://data.europa.eu/esco/occupation/6219f0ef-6414-4d01-9221-41ac25dcb409"", ""label"": ""clinical coder"", ""score"": 0.6809}, {""uri"": ""http://data.europa.eu/esco/occupation/bca063d2-a904-45db-b3f4-0fd7e681753e"", ""label"": ""surgical instrument maker"", ""score"": 0.6703}, {""uri"": ""http://data.europa.eu/esco/occupation/0c7c9606-fde3-4658-8136-8fe0c9b8bd09"", ""label"": ""medical device engineer"", ""score"": 0.6623}, {""uri"": ""http://data.europa.eu/esco/occupation/30641348-f9f2-4fe5-ab8c-fe6ff9931a54"", ""label"": ""medical device engineering technician"", ""score"": 0.6606}, {""uri"": ""http://data.europa.eu/esco/occupation/b06a1dde-e5a1-4219-9491-2bedd0282e4b"", ""label"": ""writer"", ""score"": 0.6605}, {""uri"": ""http://data.europa.eu/esco/occupation/f3b99acc-b212-45cf-bb4f-7b83cc6f0d71"", ""label"": ""bacteriology technician"", ""score"": 0.655}, {""uri"": ""http://data.europa.eu/esco/occupation/500b7b14-507c-4c49-816d-c1d0b05b85e4"", ""label"": ""prosthetic-orthotics technician"", ""score"": 0.6543}]",0.80+,35125,40,test
270925008916,Admission Specialist,admission specialist,Chandigarh University,"educational marketing, educational sales, sales and marketing, admissions, marketing, education, sales",http://data.europa.eu/esco/occupation/6e1b1bd7-9eec-4f10-bce7-94a27d9023e8,admissions coordinator,0.8093,0.16666666666666666,"[{""uri"": ""http://data.europa.eu/esco/occupation/6e1b1bd7-9eec-4f10-bce7-94a27d9023e8"", ""label"": ""admissions coordinator"", ""score"": 0.8093}, {""uri"": ""http://data.europa.eu/esco/occupation/1f5932eb-b36d-44e1-a063-7aa9e228af51"", ""label"": ""foster care support worker"", ""score"": 0.6686}, {""uri"": ""http://data.europa.eu/esco/occupation/0bf5d25a-2b4d-43b5-b053-beeb210fa43a"", ""label"": ""medicine lecturer"", ""score"": 0.6641}, {""uri"": ""http://data.europa.eu/esco/occupation/b3ebf55f-5e50-4262-946a-f08d7fbe29b2"", ""label"": ""healthcare specialist lecturer"", ""score"": 0.6628}, {""uri"": ""http://data.europa.eu/esco/occupation/61b859ed-24d8-48cf-9c1b-67d7a6c62bb5"", ""label"": ""import export specialist"", ""score"": 0.661}, {""uri"": ""http://data.europa.eu/esco/occupation/068370e0-9c27-4814-87d0-44fbb3140815"", ""label"": ""recruitment consultant"", ""score"": 0.6256}, {""uri"": ""http://data.europa.eu/esco/occupation/5d0cc30d-068a-424c-8463-f42872a7149e"", ""label"": ""career guidance advisor"", ""score"": 0.6233}, {""uri"": ""http://data.europa.eu/esco/occupation/c3c8c56c-b3ab-4425-a38a-abcace020d22"", ""label"": ""clinical psychologist"", ""score"": 0.6143}, {""uri"": ""http://data.europa.eu/esco/occupation/acbb7a20-c947-480d-a07e-868a0ab3eab8"", ""label"": ""specialist biomedical scientist"", ""score"": 0.6108}, {""uri"": ""http://data.europa.eu/esco/occupation/9a26d76b-b9e3-46ae-ab4b-057a1262138b"", ""label"": ""special educational needs coordinator"", ""score"": 0.6096}]",0.80+,35125,40,test
230925013283,Inside Sales Executive,inside sales executive,WAi Technologies,"inside sales, communication skills, product sales, outbound sales, it software sales, saas sales, it product sales, b2b sales",http://data.europa.eu/esco/occupation/a7594892-ff23-4e2a-aedf-2f967ebca15c,sales manager,0.8695,0.0,"[{""uri"": ""http://data.europa.eu/esco/occupation/a7594892-ff23-4e2a-aedf-2f967ebca15c"", ""label"": ""sales manager"", ""score"": 0.8695}, {""uri"": ""http://data.europa.eu/esco/occupation/14031d4a-6e99-442f-b4fe-18262b6432b2"", ""label"": ""commercial sales representative"", ""score"": 0.8538}, {""uri"": ""http://data.europa.eu/esco/occupation/c956be07-53a3-4b01-b8f8-f0c5a428eaa8"", ""label"": ""technical sales representative"", ""score"": 0.7937}, {""uri"": ""http://data.europa.eu/esco/occupation/5c1eba1e-7820-4287-9746-4c5906320100"", ""label"": ""sales support assistant"", ""score"": 0.7482}, {""uri"": ""http://data.europa.eu/esco/occupation/a79d9e58-36be-4e67-a4db-ea6c8ff445fc"", ""label"": ""retail department manager"", ""score"": 0.7416}, {""uri"": ""http://data.europa.eu/esco/occupation/547b304b-9a72-4717-9b24-b7046df5f64e"", ""label"": ""specialised seller"", ""score"": 0.734}, {""uri"": ""http://data.europa.eu/esco/occupation/98e58946-3227-4f6c-a5d1-5892fe76883d"", ""label"": ""after-sales service technician"", ""score"": 0.7194}, {""uri"": ""http://data.europa.eu/esco/occupation/2eac08c2-a81a-46fc-8d75-eb0e0f3e0f6d"", ""label"": ""sales account manager"", ""score"": 0.7119}, {""uri"": ""http://data.europa.eu/esco/occupation/b21b5952-1658-44f8-b719-e5be7fb39866"", ""label"": ""motor vehicle shop manager"", ""score"": 0.6951}, {""uri"": ""http://data.europa.eu/esco/occupation/6aa78e46-ce22-421f-8a75-e915ac63c9d0"", ""label"": ""call centre supervisor"", ""score"": 0.6915}]",0.80+,35125,40,test
290925902060,Service Desk Agent,service desk agent,Fujitsu,"itil framework, customer service, service desk, troubleshooting, itil, cleaning, housekeeping, news reporting",http://data.europa.eu/esco/occupation/13d1b2b4-99dd-44da-9734-c9f74bae18f7,customer service representative,0.8503,0.16666666666666666,"[{""uri"": ""http://data.europa.eu/esco/occupation/13d1b2b4-99dd-44da-9734-c9f74bae18f7"", ""label"": ""customer service representative"", ""score"": 0.8503}, {""uri"": ""http://data.europa.eu/esco/occupation/b7aa4b4e-dbb6-4f58-b36c-35b9a7267972"", ""label"": ""computer hardware repair technician"", ""score"": 0.8137}, {""uri"": ""http://data.europa.eu/esco/occupation/aaeec9a7-dc57-4485-890c-86b3eef735f9"", ""label"": ""ICT help desk agent"", ""score"": 0.8076}, {""uri"": ""http://data.europa.eu/esco/occupation/0ededdc2-050a-4ec3-8e70-6295105fcd19"", ""label"": ""call centre agent"", ""score"": 0.8015}, {""uri"": ""http://data.europa.eu/esco/occupation/f7b04542-d8c7-42db-8475-e63b507cce82"", ""label"": ""receptionist"", ""score"": 0.7835}, {""uri"": ""http://data.europa.eu/esco/occupation/3900b684-6b4b-4133-b134-e1d129d60383"", ""label"": ""rental service representative"", ""score"": 0.7708}, {""uri"": ""http://data.europa.eu/esco/occupation/30ca97f4-a4fd-4189-a781-ac08f6b09b78"", ""label"": ""call centre analyst"", ""score"": 0.7573}, {""uri"": ""http://data.europa.eu/esco/occupation/bcc2c1db-f969-4355-bebf-4878ff6c2a94"", ""label"": ""service manager"", ""score"": 0.7439}, {""uri"": ""http://data.europa.eu/esco/occupation/56245067-16f0-43e7-84fa-4a1e794a6ac0"", ""label"": ""rental service representative in office machinery and equipment"", ""score"": 0.7264}, {""uri"": ""http://data.europa.eu/esco/occupation/009d29de-5872-43be-8d9b-abd27f8c99f1"", ""label"": ""rental service representative in other machinery, equipment and tangible goods"", ""score"": 0.7189}]",0.80+,35125,40,test
031025014763,Physics Teacher,physics teacher,Zeducators,"mathematics, physics, teaching biology, teaching",http://data.europa.eu/esco/occupation/59a02420-91df-4e46-b37b-22e3fd8c11f0,physics lecturer,1.0,0.375,"[{""uri"": ""http://data.europa.eu/esco/occupation/59a02420-91df-4e46-b37b-22e3fd8c11f0"", ""label"": ""physics lecturer"", ""score"": 1.0}, {""uri"": ""http://data.europa.eu/esco/occupation/570d7e74-5c65-4a9a-95ba-f8c27025c5f4"", ""label"": ""physics teacher secondary school"", ""score"": 1.0}, {""uri"": ""http://data.europa.eu/esco/occupation/5efb2c08-ba3a-4659-a2e4-1883f54e77b6"", ""label"": ""secondary school teacher"", ""score"": 0.8352}, {""uri"": ""http://data.europa.eu/esco/occupation/1ad4012e-30e3-492c-b42c-09cff3047574"", ""label"": ""science teacher secondary school"", ""score"": 0.8352}, {""uri"": ""http://data.europa.eu/esco/occupation/e9f50268-4dab-4579-90c2-2ff219eb56f1"", ""label"": ""engineering lecturer"", ""score"": 0.8111}, {""uri"": ""http://data.europa.eu/esco/occupation/7f2761eb-4edc-48ad-9fbf-eed0a0db9a21"", ""label"": ""physicist"", ""score"": 0.7913}, {""uri"": ""http://data.europa.eu/esco/occupation/a9bcc9e0-5be7-47a0-818b-acad10fe90d9"", ""label"": ""physics technician"", ""score"": 0.7741}, {""uri"": ""http://data.europa.eu/esco/occupation/c593ded7-2e97-44a5-a5f3-f6115ff98233"", ""label"": ""politics lecturer"", ""score"": 0.7661}, {""uri"": ""http://data.europa.eu/esco/occupation/f0e1cc13-48e0-4995-8699-ee43467bce0d"", ""label"": ""mathematics teacher at secondary school"", ""score"": 0.7574}, {""uri"": ""http://data.europa.eu/esco/occupation/dab9c6dd-8efb-4fe2-8b10-477ef2bcfd8b"", ""label"": ""mathematics lecturer"", ""score"": 0.7518}]",0.80+,35125,40,dev
300925500425,Senior Engineer - Supplier Quality,engineer supplier quality,Eaton Technologies,"escalation management, sap, gap analysis, troubleshooting, supplier development, continuous improvement, quality tools, supplier quality",http://data.europa.eu/esco/occupation/30c0943c-caa1-411d-b273-26f475971273,quality engineer,0.847,0.0,"[{""uri"": ""http://data.europa.eu/esco/occupation/30c0943c-caa1-411d-b273-26f475971273"", ""label"": ""quality engineer"", ""score"": 0.847}, {""uri"": ""http://data.europa.eu/esco/occupation/d7d986e1-7333-431b-9719-0c5c6939e360"", ""label"": ""civil engineer"", ""score"": 0.6716}, {""uri"": ""http://data.europa.eu/esco/occupation/b5eaf231-77ad-4a86-8e54-15cc4398aad2"", ""label"": ""process engineer"", ""score"": 0.6569}, {""uri"": ""http://data.europa.eu/esco/occupation/fdb16700-109e-4d02-949e-3213f278df93"", ""label"": ""industrial quality manager"", ""score"": 0.6218}, {""uri"": ""http://data.europa.eu/esco/occupation/1f958638-066f-470c-9549-a9070ba280a6"", ""label"": ""component engineer"", ""score"": 0.6161}, {""uri"": ""http://data.europa.eu/esco/occupation/58db3ac6-5217-4d46-8a4c-126598be1d13"", ""label"": ""electric power generation engineer"", ""score"": 0.6034}, {""uri"": ""http://data.europa.eu/esco/occupation/96e139de-0756-45ad-b512-f7c2109a72b1"", ""label"": ""aircraft assembly supervisor"", ""score"": 0.599}, {""uri"": ""http://data.europa.eu/esco/occupation/dacaa18b-93f6-48b4-b4f2-cb33e21804e7"", ""label"": ""chemical manufacturing quality technician"", ""score"": 0.5958}, {""uri"": ""http://data.europa.eu/esco/occupation/7bf11599-d0bb-4789-9886-55c87f5da449"", ""label"": ""leather goods quality technician"", ""score"": 0.5864}, {""uri"": ""http://data.europa.eu/esco/occupation/998a0bf4-b1be-42ab-aee5-0096c9be3319"", ""label"": ""quality engineering technician"", ""score"": 0.5854}]",0.80+,35125,40,dev
021025008706,Land Surveyor,land surveyor,Ontogeny Engitech,"land surveying, transmission lines, gis, auto level, leveling, dgps, total station, power transmission",http://data.europa.eu/esco/occupation/d8e502b4-1be6-4d10-a224-151688f8f0c8,land surveyor,1.0,0.5,"[{""uri"": ""http://data.europa.eu/esco/occupation/d8e502b4-1be6-4d10-a224-151688f8f0c8"", ""label"": ""land surveyor"", ""score"": 1.0}, {""uri"": ""http://data.europa.eu/esco/occupation/44508e7b-f56b-4bfb-9cd6-879838aecd94"", ""label"": ""land planner"", ""score"": 0.8885}, {""uri"": ""http://data.europa.eu/esco/occupation/b9711647-463f-4991-a858-d5de66ff2f83"", ""label"": ""property developer"", ""score"": 0.8668}, {""uri"": ""http://data.europa.eu/esco/occupation/84cb6e91-ce11-409e-9306-23c9698631af"", ""label"": ""soil surveying technician"", ""score"": 0.8534}, {""uri"": ""http://data.europa.eu/esco/occupation/624986f9-21ef-4cdf-8cf6-8407a337ec2f"", ""label"": ""surveying technician"", ""score"": 0.8534}, {""uri"": ""http://data.europa.eu/esco/occupation/b915ab4a-f7b1-44bc-a5a4-585e91d31dfd"", ""label"": ""property acquisitions manager"", ""score"": 0.8429}, {""uri"": ""http://data.europa.eu/esco/occupation/11d72bd6-779a-4643-9962-313833740094"", ""label"": ""environmental scientist"", ""score"": 0.8403}, {""uri"": ""http://data.europa.eu/esco/occupation/2561879a-dd0a-454e-ae6e-9be6c488eb56"", ""label"": ""cadastral technician"", ""score"": 0.8317}, {""uri"": ""http://data.europa.eu/esco/occupation/bbefa1b2-521e-4d87-a7ad-9bbd0b32e271"", ""label"": ""real estate surveyor"", ""score"": 0.8175}, {""uri"": ""http://data.europa.eu/esco/occupation/9ce12690-c3bf-4135-b7a5-b666bb8c68f5"", ""label"": ""mine surveying technician"", ""score"": 0.7869}]",0.80+,35125,40,test
021025008866,Senior Procurement Specialist,procurement specialist,Tekion,"netsuite experience, procurement specialist, netsuite, senior, procurement",http://data.europa.eu/esco/occupation/29fa406d-de89-4515-be8d-0fe7bda993f1,purchaser,0.9007,1.0,"[{""uri"": ""http://data.europa.eu/esco/occupation/d08b4700-758c-467d-ab77-d5a8029c4070"", ""label"": ""standalone public buyer"", ""score"": 0.9223}, {""uri"": ""http://data.europa.eu/esco/occupation/91f93dc4-1b71-4053-b6fb-c579ec19303a"", ""label"": ""procurement department manager"", ""score"": 0.9007}, {""uri"": ""http://data.europa.eu/esco/occupation/29fa406d-de89-4515-be8d-0fe7bda993f1"", ""label"": ""purchaser"", ""score"": 0.9007}, {""uri"": ""http://data.europa.eu/esco/occupation/c9b2b0a7-0adc-4ca7-bf7c-dc95e18aeac7"", ""label"": ""procurement support officer"", ""score"": 0.8968}, {""uri"": ""http://data.europa.eu/esco/occupation/0561328b-875b-4ae2-9ba1-9af9049aef01"", ""label"": ""procurement category specialist"", ""score"": 0.8673}, {""uri"": ""http://data.europa.eu/esco/occupation/cb4f98c8-6b8d-41d8-87eb-a2a2033a3a25"", ""label"": ""public procurement specialist"", ""score"": 0.8424}, {""uri"": ""http://data.europa.eu/esco/occupation/dbdc9f7b-31c6-4f21-a9c5-48253bb69c08"", ""label"": ""purchase planner"", ""score"": 0.8326}, {""uri"": ""http://data.europa.eu/esco/occupation/bb95ef58-9139-4967-bfc1-da8386a4e672"", ""label"": ""ICT buyer"", ""score"": 0.8157}, {""uri"": ""http://data.europa.eu/esco/occupation/974d4eab-fbee-4c52-b16e-73bdd8c25b53"", ""label"": ""lawyer"", ""score"": 0.788}, {""uri"": ""http://data.europa.eu/esco/occupation/377865f0-c327-4599-8c7e-d428c6588edf"", ""label"": ""purchasing manager"", ""score"": 0.7823}]",0.80+,35125,40,dev
250925017557,SENIOR ENGINEER - ENGINEER,engineer engineer,Happiest Minds Technologies,"web application, owasp, manual, tools, web apps, security, owasp zap, java",http://data.europa.eu/esco/occupation/3dab5c3f-84d0-4d52-901d-dd262eaea509,research engineer,0.833,0.0,"[{""uri"": ""http://data.europa.eu/esco/occupation/3dab5c3f-84d0-4d52-901d-dd262eaea509"", ""label"": ""research engineer"", ""score"": 0.833}, {""uri"": ""http://data.europa.eu/esco/occupation/91d0f74b-8612-49cc-a7da-83ee3c4b94d9"", ""label"": ""leather goods industrial engineer"", ""score"": 0.807}, {""uri"": ""http://data.europa.eu/esco/occupation/77abfaec-a250-4765-95fa-6091e8da1bba"", ""label"": ""electromechanical engineer"", ""score"": 0.807}, {""uri"": ""http://data.europa.eu/esco/occupation/624986f9-21ef-4cdf-8cf6-8407a337ec2f"", ""label"": ""surveying technician"", ""score"": 0.807}, {""uri"": ""http://data.europa.eu/esco/occupation/fde4372d-8293-42de-afbb-8b5a9b274fe7"", ""label"": ""application engineer"", ""score"": 0.8017}, {""uri"": ""http://data.europa.eu/esco/occupation/32548f7e-8c25-4c49-9f22-78dee3543704"", ""label"": ""environmental mining engineer"", ""score"": 0.7947}, {""uri"": ""http://data.europa.eu/esco/occupation/acb6b99a-6c13-482a-81b1-8b5614e0153e"", ""label"": ""stage technician"", ""score"": 0.7928}, {""uri"": ""http://data.europa.eu/esco/occupation/c44c078d-85e4-40a3-9598-2c333d7a24ca"", ""label"": ""paper engineer"", ""score"": 0.7915}, {""uri"": ""http://data.europa.eu/esco/occupation/615920c5-4f63-4eb3-8b60-afaaed3ab1ff"", ""label"": ""maintenance and repair engineer"", ""score"": 0.7915}, {""uri"": ""http://data.europa.eu/esco/occupation/579254cf-6d69-4889-9000-9c79dc568644"", ""label"": ""mechanical engineer"", ""score"": 0.7915}]",0.80+,35125,40,test
300925025703,Sales Executive,sales executive,Synergy International,"sales, sales executive activities",http://data.europa.eu/esco/occupation/14031d4a-6e99-442f-b4fe-18262b6432b2,commercial sales representative,1.0,0.0,"[{""uri"": ""http://data.europa.eu/esco/occupation/14031d4a-6e99-442f-b4fe-18262b6432b2"", ""label"": ""commercial sales representative"", ""score"": 1.0}, {""uri"": ""http://data.europa.eu/esco/occupation/a7594892-ff23-4e2a-aedf-2f967ebca15c"", ""label"": ""sales manager"", ""score"": 1.0}, {""uri"": ""http://data.europa.eu/esco/occupation/5c1eba1e-7820-4287-9746-4c5906320100"", ""label"": ""sales support assistant"", ""score"": 0.9095}, {""uri"": ""http://data.europa.eu/esco/occupation/2eac08c2-a81a-46fc-8d75-eb0e0f3e0f6d"", ""label"": ""sales account manager"", ""score"": 0.8752}, {""uri"": ""http://data.europa.eu/esco/occupation/8529edc5-96ad-4cde-b34a-f86ad3753e4d"", ""label"": ""sales engineer"", ""score"": 0.8739}, {""uri"": ""http://data.europa.eu/esco/occupation/79f8f68c-5509-4119-9373-8bef1c364d31"", ""label"": ""travel agent"", ""score"": 0.8662}, {""uri"": ""http://data.europa.eu/esco/occupation/9ba74e8a-c40c-4228-9998-eb3c7a5c11df"", ""label"": ""sales assistant"", ""score"": 0.857}, {""uri"": ""http://data.europa.eu/esco/occupation/6fcf4638-e7c7-4978-9302-9a7b63a3d57c"", ""label"": ""marketing manager"", ""score"": 0.8171}, {""uri"": ""http://data.europa.eu/esco/occupation/725090a7-9943-4dae-8079-a6999d21ddba"", ""label"": ""client relations manager"", ""score"": 0.8119}, {""uri"": ""http://data.europa.eu/esco/occupation/b21b5952-1658-44f8-b719-e5be7fb39866"", ""label"": ""motor vehicle shop manager"", ""score"": 0.8059}]",0.80+,35125,40,test
030925018098,Business Development Associate,business development associate,White Force Outsourcing Services,"edtech, excellent communication in english, business development, fresher hiring, educational sales, inbound sales, sales process, b2c sales",http://data.europa.eu/esco/occupation/60082a99-d8ef-4e84-9290-78902681b6ed,business analyst,0.8975,0.3333333333333333,"[{""uri"": ""http://data.europa.eu/esco/occupation/60082a99-d8ef-4e84-9290-78902681b6ed"", ""label"": ""business analyst"", ""score"": 0.8975}, {""uri"": ""http://data.europa.eu/esco/occupation/b76178c0-a03a-4793-b079-1e61e636c521"", ""label"": ""business developer"", ""score"": 0.881}, {""uri"": ""http://data.europa.eu/esco/occupation/2d3d7188-47ab-49b9-9045-e452d9db06f1"", ""label"": ""commercial director"", ""score"": 0.8692}, {""uri"": ""http://data.europa.eu/esco/occupation/2eac08c2-a81a-46fc-8d75-eb0e0f3e0f6d"", ""label"": ""sales account manager"", ""score"": 0.8379}, {""uri"": ""http://data.europa.eu/esco/occupation/14031d4a-6e99-442f-b4fe-18262b6432b2"", ""label"": ""commercial sales representative"", ""score"": 0.8288}, {""uri"": ""http://data.europa.eu/esco/occupation/12ff7f9c-c5b5-4d4a-b585-c350dd1400eb"", ""label"": ""business economics researcher"", ""score"": 0.8044}, {""uri"": ""http://data.europa.eu/esco/occupation/544cd9cf-e2ee-4ac0-8a02-7147af6b97d7"", ""label"": ""business manager"", ""score"": 0.7586}, {""uri"": ""http://data.europa.eu/esco/occupation/b7f47c25-bdf3-42fa-a68e-ad32754b2dba"", ""label"": ""investment analyst"", ""score"": 0.7432}, {""uri"": ""http://data.europa.eu/esco/occupation/207d7b18-6540-432e-8aa6-785ed434572f"", ""label"": ""business intelligence manager"", ""score"": 0.739}, {""uri"": ""http://data.europa.eu/esco/occupation/c6bd511a-d966-4df9-a48e-4f800354f268"", ""label"": ""operations manager"", ""score"": 0.7348}]",0.80+,35125,40,dev
250925921318,Associate Operations Manager,associate operations manager,R1 RCM,"operations management, regulatory, ems, process improvement, surgery, performance monitoring, production, training",http://data.europa.eu/esco/occupation/8de99659-5b10-4825-ac67-0c50189bcc3c,packaging production manager,0.9464,0.125,"[{""uri"": ""http://data.europa.eu/esco/occupation/8de99659-5b10-4825-ac67-0c50189bcc3c"", ""label"": ""packaging production manager"", ""score"": 0.9464}, {""uri"": ""http://data.europa.eu/esco/occupation/c6bd511a-d966-4df9-a48e-4f800354f268"", ""label"": ""operations manager"", ""score"": 0.832}, {""uri"": ""http://data.europa.eu/esco/occupation/544cd9cf-e2ee-4ac0-8a02-7147af6b97d7"", ""label"": ""business manager"", ""score"": 0.832}, {""uri"": ""http://data.europa.eu/esco/occupation/107d21c6-973b-411c-89fd-69da48d29ada"", ""label"": ""mine manager"", ""score"": 0.832}, {""uri"": ""http://data.europa.eu/esco/occupation/0368c4d4-94cf-4168-a84d-283a25880e0d"", ""label"": ""metal production manager"", ""score"": 0.832}, {""uri"": ""http://data.europa.eu/esco/occupation/35fbb8cd-c044-49a1-850c-010481c99b4a"", ""label"": ""financial markets back office administrator"", ""score"": 0.832}, {""uri"": ""http://data.europa.eu/esco/occupation/632e61c8-4e4b-44c7-b213-6dd5a174b143"", ""label"": ""distribution manager"", ""score"": 0.7951}, {""uri"": ""http://data.europa.eu/esco/occupation/8cce40c1-4479-47e7-b5fc-c976631d919f"", ""label"": ""management assistant"", ""score"": 0.7944}, {""uri"": ""http://data.europa.eu/esco/occupation/2a04a1df-a3b9-403e-a245-e7f93fdddd44"", ""label"": ""executive assistant"", ""score"": 0.7944}, {""uri"": ""http://data.europa.eu/esco/occupation/d00b4607-c4fe-4f3e-8974-29401e23223c"", ""label"": ""social security administrator"", ""score"": 0.7931}]",0.80+,35125,40,test
230925930425,Solution Architect OBRM,solution architect obrm,Purview India Consulting And  Services  Llp,"object oriented technology, togaf, j2ee technology, obrm, service-oriented architecture, c/c++, soa, e-tom architecture",http://data.europa.eu/esco/occupation/e1c72b5f-4c5c-487c-a6df-e84b64a51dae,ICT system architect,0.8114,0.25,"[{""uri"": ""http://data.europa.eu/esco/occupation/e1c72b5f-4c5c-487c-a6df-e84b64a51dae"", ""label"": ""ICT system architect"", ""score"": 0.8114}, {""uri"": ""http://data.europa.eu/esco/occupation/efa81635-9125-4276-8902-9deb12170ea7"", ""label"": ""interior architect"", ""score"": 0.6605}, {""uri"": ""http://data.europa.eu/esco/occupation/d0aa0792-4345-474b-9365-686cf4869d2e"", ""label"": ""software architect"", ""score"": 0.6596}, {""uri"": ""http://data.europa.eu/esco/occupation/2bef94db-0088-4507-982a-2ca717529adb"", ""label"": ""enterprise architect"", ""score"": 0.6289}, {""uri"": ""http://data.europa.eu/esco/occupation/f2b15a0e-e65a-438a-affb-29b9d50b77d1"", ""label"": ""software developer"", ""score"": 0.607}, {""uri"": ""http://data.europa.eu/esco/occupation/874a2080-a9b6-46a9-8662-c9b7d4208f73"", ""label"": ""set designer"", ""score"": 0.6049}, {""uri"": ""http://data.europa.eu/esco/occupation/cc867bee-ab5c-427f-9244-f7a204d9574b"", ""label"": ""cloud DevOps engineer"", ""score"": 0.6038}, {""uri"": ""http://data.europa.eu/esco/occupation/60082a99-d8ef-4e84-9290-78902681b6ed"", ""label"": ""business analyst"", ""score"": 0.6036}, {""uri"": ""http://data.europa.eu/esco/occupation/9f1d546b-1b4e-4b64-97e8-600fc502304b"", ""label"": ""innovation officer"", ""score"": 0.6}, {""uri"": ""http://data.europa.eu/esco/occupation/fde4372d-8293-42de-afbb-8b5a9b274fe7"", ""label"": ""application engineer"", ""score"": 0.5933}]",0.80+,35125,40,dev
230925930376,Solution Architect,solution architect,Purview India Consulting And Services,"java, core banking, database, api, microservices, encryption, dbms, architecture",http://data.europa.eu/esco/occupation/e1c72b5f-4c5c-487c-a6df-e84b64a51dae,ICT system architect,1.0,0.08333333333333333,"[{""uri"": ""http://data.europa.eu/esco/occupation/e1c72b5f-4c5c-487c-a6df-e84b64a51dae"", ""label"": ""ICT system architect"", ""score"": 1.0}, {""uri"": ""http://data.europa.eu/esco/occupation/d0aa0792-4345-474b-9365-686cf4869d2e"", ""label"": ""software architect"", ""score"": 0.8182}, {""uri"": ""http://data.europa.eu/esco/occupation/efa81635-9125-4276-8902-9deb12170ea7"", ""label"": ""interior architect"", ""score"": 0.8103}, {""uri"": ""http://data.europa.eu/esco/occupation/0ce5a9f4-e00a-4bbe-b255-3c63407167a4"", ""label"": ""cyber incident responder"", ""score"": 0.7383}, {""uri"": ""http://data.europa.eu/esco/occupation/8cb59bc4-1f39-477e-beea-effed12d186c"", ""label"": ""technical communicator"", ""score"": 0.7323}, {""uri"": ""http://data.europa.eu/esco/occupation/2bef94db-0088-4507-982a-2ca717529adb"", ""label"": ""enterprise architect"", ""score"": 0.7312}, {""uri"": ""http://data.europa.eu/esco/occupation/f2b15a0e-e65a-438a-affb-29b9d50b77d1"", ""label"": ""software developer"", ""score"": 0.7191}, {""uri"": ""http://data.europa.eu/esco/occupation/d2db926b-8b14-4686-9c98-fb0dc3a38cbb"", ""label"": ""creative director"", ""score"": 0.7177}, {""uri"": ""http://data.europa.eu/esco/occupation/cc867bee-ab5c-427f-9244-f7a204d9574b"", ""label"": ""cloud DevOps engineer"", ""score"": 0.6974}, {""uri"": ""http://data.europa.eu/esco/occupation/8d9ec84d-cf2d-4179-87bc-335cda54a427"", ""label"": ""database designer"", ""score"": 0.6974}]",0.80+,35125,40,dev
031025015737,Sales & Marketing Executive,sales & marketing executive,Intelid India,"english, sales and marketing, hindi, sales, marketing",http://data.europa.eu/esco/occupation/14031d4a-6e99-442f-b4fe-18262b6432b2,commercial sales representative,0.9897,0.0,"[{""uri"": ""http://data.europa.eu/esco/occupation/14031d4a-6e99-442f-b4fe-18262b6432b2"", ""label"": ""commercial sales representative"", ""score"": 0.9897}, {""uri"": ""http://data.europa.eu/esco/occupation/6fcf4638-e7c7-4978-9302-9a7b63a3d57c"", ""label"": ""marketing manager"", ""score"": 0.8776}, {""uri"": ""http://data.europa.eu/esco/occupation/4791e217-d607-40d5-9f84-df1d0a071cbc"", ""label"": ""marketing consultant"", ""score"": 0.8757}, {""uri"": ""http://data.europa.eu/esco/occupation/a7594892-ff23-4e2a-aedf-2f967ebca15c"", ""label"": ""sales manager"", ""score"": 0.8738}, {""uri"": ""http://data.europa.eu/esco/occupation/47e81c7f-2d04-4a60-a8ff-9913c36d8344"", ""label"": ""marketing assistant"", ""score"": 0.8449}, {""uri"": ""http://data.europa.eu/esco/occupation/6cc19251-763b-4de1-b4f7-526c9ff732d2"", ""label"": ""public relations manager"", ""score"": 0.8394}, {""uri"": ""http://data.europa.eu/esco/occupation/8529edc5-96ad-4cde-b34a-f86ad3753e4d"", ""label"": ""sales engineer"", ""score"": 0.8243}, {""uri"": ""http://data.europa.eu/esco/occupation/3a4c4e33-ee34-4abe-ba5c-26f9037d292f"", ""label"": ""trade regional manager"", ""score"": 0.8186}, {""uri"": ""http://data.europa.eu/esco/occupation/0ddbf393-38f1-4c22-b14c-fe775008f321"", ""label"": ""chief marketing officer"", ""score"": 0.8083}, {""uri"": ""http://data.europa.eu/esco/occupation/2d3d7188-47ab-49b9-9045-e452d9db06f1"", ""label"": ""commercial director"", ""score"": 0.806}]",0.80+,35125,40,dev
260925023917,Marketing Manager,marketing manager,Aqoza Technologies,"content marketing, english, thinking skills, strategic marketing planning, hindi, content, strategic marketing, marketing management",http://data.europa.eu/esco/occupation/6fcf4638-e7c7-4978-9302-9a7b63a3d57c,marketing manager,1.0,0.5,"[{""uri"": ""http://data.europa.eu/esco/occupation/6fcf4638-e7c7-4978-9302-9a7b63a3d57c"", ""label"": ""marketing manager"", ""score"": 1.0}, {""uri"": ""http://data.europa.eu/esco/occupation/2d3d7188-47ab-49b9-9045-e452d9db06f1"", ""label"": ""commercial director"", ""score"": 0.9344}, {""uri"": ""http://data.europa.eu/esco/occupation/4791e217-d607-40d5-9f84-df1d0a071cbc"", ""label"": ""marketing consultant"", ""score"": 0.9125}, {""uri"": ""http://data.europa.eu/esco/occupation/47e81c7f-2d04-4a60-a8ff-9913c36d8344"", ""label"": ""marketing assistant"", ""score"": 0.9062}, {""uri"": ""http://data.europa.eu/esco/occupation/d954fd71-0e2f-4cf9-85f0-c040fa6cbda9"", ""label"": ""promotion manager"", ""score"": 0.8963}, {""uri"": ""http://data.europa.eu/esco/occupation/de80bbf0-447d-4a6a-845a-fdba4e0dc30c"", ""label"": ""brand manager"", ""score"": 0.8927}, {""uri"": ""http://data.europa.eu/esco/occupation/4ebf2dae-c326-4627-befe-fbc91410f432"", ""label"": ""advertising manager"", ""score"": 0.8887}, {""uri"": ""http://data.europa.eu/esco/occupation/4163b31e-440b-4991-b5c3-48d0515250ef"", ""label"": ""network marketer"", ""score"": 0.8783}, {""uri"": ""http://data.europa.eu/esco/occupation/9f508305-80ce-4111-8722-f2c9b4a44890"", ""label"": ""product manager"", ""score"": 0.8683}, {""uri"": ""http://data.europa.eu/esco/occupation/6cc19251-763b-4de1-b4f7-526c9ff732d2"", ""label"": ""public relations manager"", ""score"": 0.8211}]",0.80+,35125,40,dev
011025500840,Area Sales Manager - Pan India,area sales manager pan india,Tripjack,"operational support, sales, area sales, market intelligence, business planning, account management, business strategy, reporting tools",http://data.europa.eu/esco/occupation/a7594892-ff23-4e2a-aedf-2f967ebca15c,sales manager,0.8142,0.25,"[{""uri"": ""http://data.europa.eu/esco/occupation/a7594892-ff23-4e2a-aedf-2f967ebca15c"", ""label"": ""sales manager"", ""score"": 0.8142}, {""uri"": ""http://data.europa.eu/esco/occupation/3a4c4e33-ee34-4abe-ba5c-26f9037d292f"", ""label"": ""trade regional manager"", ""score"": 0.8141}, {""uri"": ""http://data.europa.eu/esco/occupation/14031d4a-6e99-442f-b4fe-18262b6432b2"", ""label"": ""commercial sales representative"", ""score"": 0.6967}, {""uri"": ""http://data.europa.eu/esco/occupation/2eac08c2-a81a-46fc-8d75-eb0e0f3e0f6d"", ""label"": ""sales account manager"", ""score"": 0.6869}, {""uri"": ""http://data.europa.eu/esco/occupation/b21b5952-1658-44f8-b719-e5be7fb39866"", ""label"": ""motor vehicle shop manager"", ""score"": 0.6816}, {""uri"": ""http://data.europa.eu/esco/occupation/a79d9e58-36be-4e67-a4db-ea6c8ff445fc"", ""label"": ""retail department manager"", ""score"": 0.673}, {""uri"": ""http://data.europa.eu/esco/occupation/4791e217-d607-40d5-9f84-df1d0a071cbc"", ""label"": ""marketing consultant"", ""score"": 0.6684}, {""uri"": ""http://data.europa.eu/esco/occupation/6fcf4638-e7c7-4978-9302-9a7b63a3d57c"", ""label"": ""marketing manager"", ""score"": 0.6672}, {""uri"": ""http://data.europa.eu/esco/occupation/c956be07-53a3-4b01-b8f8-f0c5a428eaa8"", ""label"": ""technical sales representative"", ""score"": 0.6608}, {""uri"": ""http://data.europa.eu/esco/occupation/6e591f17-65c1-4a24-af2a-ca7862d4625e"", ""label"": ""technical sales representative in electronic and telecommunications equipment"", ""score"": 0.6533}]",0.80+,35125,40,dev
250925922908,Application Developer,application developer,Accenture,"java collections, hibernate, spring, java, j2ee, css, web services, jsp",http://data.europa.eu/esco/occupation/bd272aee-adc9-4a06-a15c-a73b4b4a46a7,ICT application developer,1.0,0.16666666666666666,"[{""uri"": ""http://data.europa.eu/esco/occupation/bd272aee-adc9-4a06-a15c-a73b4b4a46a7"", ""label"": ""ICT application developer"", ""score"": 1.0}, {""uri"": ""http://data.europa.eu/esco/occupation/f2b15a0e-e65a-438a-affb-29b9d50b77d1"", ""label"": ""software developer"", ""score"": 1.0}, {""uri"": ""http://data.europa.eu/esco/occupation/2ed56c3f-61d6-4f7e-9ef8-8849eb102e4c"", ""label"": ""mobile application developer"", ""score"": 0.9092}, {""uri"": ""http://data.europa.eu/esco/occupation/e027434f-8aa4-4d87-a070-b1d5c57749e6"", ""label"": ""fragrance chemist"", ""score"": 0.8341}, {""uri"": ""http://data.europa.eu/esco/occupation/fde4372d-8293-42de-afbb-8b5a9b274fe7"", ""label"": ""application engineer"", ""score"": 0.8341}, {""uri"": ""http://data.europa.eu/esco/occupation/c40a2919-48a9-40ea-b506-1f34f693496d"", ""label"": ""web developer"", ""score"": 0.826}, {""uri"": ""http://data.europa.eu/esco/occupation/04ba4d6c-957d-417f-bf63-5b9e015a9f86"", ""label"": ""software analyst"", ""score"": 0.7968}, {""uri"": ""http://data.europa.eu/esco/occupation/a7c1d23d-aeca-4bee-9a08-5993ed98b135"", ""label"": ""ICT system developer"", ""score"": 0.7896}, {""uri"": ""http://data.europa.eu/esco/occupation/866c7813-2c03-47d7-9bdc-192cfbace57c"", ""label"": ""user interface developer"", ""score"": 0.7872}, {""uri"": ""http://data.europa.eu/esco/occupation/d0aa0792-4345-474b-9365-686cf4869d2e"", ""label"": ""software architect"", ""score"": 0.767}]",0.80+,35125,40,test
290925921111,Application Designer,application designer,Accenture,"sap, application design, sap fiori, design principles, agile, c#, rest, python",http://data.europa.eu/esco/occupation/bd272aee-adc9-4a06-a15c-a73b4b4a46a7,ICT application developer,1.0,0.16666666666666666,"[{""uri"": ""http://data.europa.eu/esco/occupation/bd272aee-adc9-4a06-a15c-a73b4b4a46a7"", ""label"": ""ICT application developer"", ""score"": 1.0}, {""uri"": ""http://data.europa.eu/esco/occupation/d0aa0792-4345-474b-9365-686cf4869d2e"", ""label"": ""software architect"", ""score"": 0.8082}, {""uri"": ""http://data.europa.eu/esco/occupation/f2b15a0e-e65a-438a-affb-29b9d50b77d1"", ""label"": ""software developer"", ""score"": 0.7797}, {""uri"": ""http://data.europa.eu/esco/occupation/96e20037-0a25-4bf6-a25e-808d1605d890"", ""label"": ""user interface designer"", ""score"": 0.7716}, {""uri"": ""http://data.europa.eu/esco/occupation/04ba4d6c-957d-417f-bf63-5b9e015a9f86"", ""label"": ""software analyst"", ""score"": 0.7437}, {""uri"": ""http://data.europa.eu/esco/occupation/78216000-edc1-474b-9569-28ed6a657da2"", ""label"": ""desktop publisher"", ""score"": 0.7258}, {""uri"": ""http://data.europa.eu/esco/occupation/30ed83ba-cc89-4d9f-a59d-5c783c1da56e"", ""label"": ""web designer"", ""score"": 0.7123}, {""uri"": ""http://data.europa.eu/esco/occupation/8cb59bc4-1f39-477e-beea-effed12d186c"", ""label"": ""technical communicator"", ""score"": 0.7097}, {""uri"": ""http://data.europa.eu/esco/occupation/fde4372d-8293-42de-afbb-8b5a9b274fe7"", ""label"": ""application engineer"", ""score"": 0.7069}, {""uri"": ""http://data.europa.eu/esco/occupation/e027434f-8aa4-4d87-a070-b1d5c57749e6"", ""label"": ""fragrance chemist"", ""score"": 0.7069}]",0.80+,35125,40,dev
210925005271,Channel Sales Manager ( Working Capital Loans),channel sales manager,Tide - Business Management Platform,"working capital loans, dsa, team handling, open market sourcing, new client acquisition, financial sales, business loan sales, partnership development",http://data.europa.eu/esco/occupation/a7594892-ff23-4e2a-aedf-2f967ebca15c,sales manager,0.8024,0.0,"[{""uri"": ""http://data.europa.eu/esco/occupation/a7594892-ff23-4e2a-aedf-2f967ebca15c"", ""label"": ""sales manager"", ""score"": 0.8024}, {""uri"": ""http://data.europa.eu/esco/occupation/1dd7c3cb-2d58-4dad-ae15-c9081174ab7e"", ""label"": ""online sales channel manager"", ""score"": 0.7994}, {""uri"": ""http://data.europa.eu/esco/occupation/d954fd71-0e2f-4cf9-85f0-c040fa6cbda9"", ""label"": ""promotion manager"", ""score"": 0.7769}, {""uri"": ""http://data.europa.eu/esco/occupation/2eac08c2-a81a-46fc-8d75-eb0e0f3e0f6d"", ""label"": ""sales account manager"", ""score"": 0.7661}, {""uri"": ""http://data.europa.eu/esco/occupation/a79d9e58-36be-4e67-a4db-ea6c8ff445fc"", ""label"": ""retail department manager"", ""score"": 0.7638}, {""uri"": ""http://data.europa.eu/esco/occupation/6fcf4638-e7c7-4978-9302-9a7b63a3d57c"", ""label"": ""marketing manager"", ""score"": 0.761}, {""uri"": ""http://data.europa.eu/esco/occupation/3a4c4e33-ee34-4abe-ba5c-26f9037d292f"", ""label"": ""trade regional manager"", ""score"": 0.7503}, {""uri"": ""http://data.europa.eu/esco/occupation/547b304b-9a72-4717-9b24-b7046df5f64e"", ""label"": ""specialised seller"", ""score"": 0.7455}, {""uri"": ""http://data.europa.eu/esco/occupation/14031d4a-6e99-442f-b4fe-18262b6432b2"", ""label"": ""commercial sales representative"", ""score"": 0.7387}, {""uri"": ""http://data.europa.eu/esco/occupation/356227b9-2263-4dbd-81e9-7dfc6d3f3af7"", ""label"": ""online marketer"", ""score"": 0.7384}]",0.80+,35125,40,dev
290925500653,Associate Technical Writer,associate technical writer,Aspen Technology,"publishing, project management, xml, relationship building, madcap flare, html, agile methodology, jira",http://data.europa.eu/esco/occupation/b06a1dde-e5a1-4219-9491-2bedd0282e4b,writer,0.8701,0.2,"[{""uri"": ""http://data.europa.eu/esco/occupation/b06a1dde-e5a1-4219-9491-2bedd0282e4b"", ""label"": ""writer"", ""score"": 0.8701}, {""uri"": ""http://data.europa.eu/esco/occupation/8cb59bc4-1f39-477e-beea-effed12d186c"", ""label"": ""technical communicator"", ""score"": 0.8701}, {""uri"": ""http://data.europa.eu/esco/occupation/01d74409-5303-4b5c-8925-0cc21c4da8ee"", ""label"": ""medical writer"", ""score"": 0.7527}, {""uri"": ""http://data.europa.eu/esco/occupation/9581c837-fee7-4068-9618-1116fd93d723"", ""label"": ""engineering assistant"", ""score"": 0.6964}, {""uri"": ""http://data.europa.eu/esco/occupation/c956be07-53a3-4b01-b8f8-f0c5a428eaa8"", ""label"": ""technical sales representative"", ""score"": 0.6892}, {""uri"": ""http://data.europa.eu/esco/occupation/78216000-edc1-474b-9569-28ed6a657da2"", ""label"": ""desktop publisher"", ""score"": 0.6885}, {""uri"": ""http://data.europa.eu/esco/occupation/bcba793e-44fe-45eb-b0fb-56772529cbab"", ""label"": ""editorial assistant"", ""score"": 0.6856}, {""uri"": ""http://data.europa.eu/esco/occupation/8bd74371-1818-47d5-a253-d703c51c5f26"", ""label"": ""copy editor"", ""score"": 0.6856}, {""uri"": ""http://data.europa.eu/esco/occupation/cd7b838c-51f6-41ec-9067-bb974c0f991b"", ""label"": ""communication manager"", ""score"": 0.6824}, {""uri"": ""http://data.europa.eu/esco/occupation/aab8009a-5759-4f52-8865-6cc657b1f099"", ""label"": ""publications coordinator"", ""score"": 0.6638}]",0.80+,35125,40,test
240925909992,Developer - L3,developer,Wipro,"software development, root cause analysis, software development life cycle, sharepoint framework, spfx, analyzing information, networking, sql",http://data.europa.eu/esco/occupation/f2b15a0e-e65a-438a-affb-29b9d50b77d1,software developer,0.8072,0.07142857142857142,"[{""uri"": ""http://data.europa.eu/esco/occupation/f2b15a0e-e65a-438a-affb-29b9d50b77d1"", ""label"": ""software developer"", ""score"": 0.8072}, {""uri"": ""http://data.europa.eu/esco/occupation/2ed56c3f-61d6-4f7e-9ef8-8849eb102e4c"", ""label"": ""mobile application developer"", ""score"": 0.7932}, {""uri"": ""http://data.europa.eu/esco/occupation/bd272aee-adc9-4a06-a15c-a73b4b4a46a7"", ""label"": ""ICT application developer"", ""score"": 0.7719}, {""uri"": ""http://data.europa.eu/esco/occupation/b9711647-463f-4991-a858-d5de66ff2f83"", ""label"": ""property developer"", ""score"": 0.7543}, {""uri"": ""http://data.europa.eu/esco/occupation/9f508305-80ce-4111-8722-f2c9b4a44890"", ""label"": ""product manager"", ""score"": 0.751}, {""uri"": ""http://data.europa.eu/esco/occupation/5fd69ee2-2042-4280-85e1-8f1462886987"", ""label"": ""mine development engineer"", ""score"": 0.7506}, {""uri"": ""http://data.europa.eu/esco/occupation/0368c4d4-94cf-4168-a84d-283a25880e0d"", ""label"": ""metal production manager"", ""score"": 0.7506}, {""uri"": ""http://data.europa.eu/esco/occupation/9ebaf3f0-0be0-47b7-b2b1-b3b04130fa81"", ""label"": ""digital games developer"", ""score"": 0.7467}, {""uri"": ""http://data.europa.eu/esco/occupation/11830794-108c-48fe-a282-2cd7a2945344"", ""label"": ""gambling games designer"", ""score"": 0.7418}, {""uri"": ""http://data.europa.eu/esco/occupation/a7c1d23d-aeca-4bee-9a08-5993ed98b135"", ""label"": ""ICT system developer"", ""score"": 0.7402}]",0.80+,35125,40,test
230925500987,Data Scientist,data scientist,Sia Partners,"gcp, analytical, business analytics, consulting, machine learning, oracle, forecasting, analytics",http://data.europa.eu/esco/occupation/258e46f9-0075-4a2e-adae-1ff0477e0f30,data scientist,1.0,0.125,"[{""uri"": ""http://data.europa.eu/esco/occupation/258e46f9-0075-4a2e-adae-1ff0477e0f30"", ""label"": ""data scientist"", ""score"": 1.0}, {""uri"": ""http://data.europa.eu/esco/occupation/68d973df-bf10-4bf7-9a1b-fbd9f604b9db"", ""label"": ""bioinformatics scientist"", ""score"": 1.0}, {""uri"": ""http://data.europa.eu/esco/occupation/d3edb8f8-3a06-47a0-8fb9-9b212c006aa2"", ""label"": ""data analyst"", ""score"": 0.8755}, {""uri"": ""http://data.europa.eu/esco/occupation/2079755f-d809-49e6-8037-4de6180e54c0"", ""label"": ""data engineer"", ""score"": 0.8503}, {""uri"": ""http://data.europa.eu/esco/occupation/e3229e40-f571-4b26-baca-29edc8fe313e"", ""label"": ""computer scientist"", ""score"": 0.8235}, {""uri"": ""http://data.europa.eu/esco/occupation/3765a20d-5160-4e8f-82f1-ad7872b9db24"", ""label"": ""information manager"", ""score"": 0.8181}, {""uri"": ""http://data.europa.eu/esco/occupation/ac8b3cd1-a127-4e6a-8208-5cfcf7111955"", ""label"": ""statistician"", ""score"": 0.814}, {""uri"": ""http://data.europa.eu/esco/occupation/30ca97f4-a4fd-4189-a781-ac08f6b09b78"", ""label"": ""call centre analyst"", ""score"": 0.754}, {""uri"": ""http://data.europa.eu/esco/occupation/d2e63d7e-2605-4af1-bb7d-b1ed9ad08825"", ""label"": ""statistical assistant"", ""score"": 0.735}, {""uri"": ""http://data.europa.eu/esco/occupation/c02ee787-c30b-4f0d-9d7f-6eb36fc44a5d"", ""label"": ""research manager"", ""score"": 0.7289}]",0.80+,35125,40,dev
260925929440,Developer - L4,developer,Wipro,"rpa, software development, software testing, root cause analysis, software development life cycle, test cases, networking, progress 4gl",http://data.europa.eu/esco/occupation/f2b15a0e-e65a-438a-affb-29b9d50b77d1,software developer,0.8072,0.0,"[{""uri"": ""http://data.europa.eu/esco/occupation/f2b15a0e-e65a-438a-affb-29b9d50b77d1"", ""label"": ""software developer"", ""score"": 0.8072}, {""uri"": ""http://data.europa.eu/esco/occupation/2ed56c3f-61d6-4f7e-9ef8-8849eb102e4c"", ""label"": ""mobile application developer"", ""score"": 0.7932}, {""uri"": ""http://data.europa.eu/esco/occupation/bd272aee-adc9-4a06-a15c-a73b4b4a46a7"", ""label"": ""ICT application developer"", ""score"": 0.7719}, {""uri"": ""http://data.europa.eu/esco/occupation/b9711647-463f-4991-a858-d5de66ff2f83"", ""label"": ""property developer"", ""score"": 0.7543}, {""uri"": ""http://data.europa.eu/esco/occupation/9f508305-80ce-4111-8722-f2c9b4a44890"", ""label"": ""product manager"", ""score"": 0.751}, {""uri"": ""http://data.europa.eu/esco/occupation/5fd69ee2-2042-4280-85e1-8f1462886987"", ""label"": ""mine development engineer"", ""score"": 0.7506}, {""uri"": ""http://data.europa.eu/esco/occupation/0368c4d4-94cf-4168-a84d-283a25880e0d"", ""label"": ""metal production manager"", ""score"": 0.7506}, {""uri"": ""http://data.europa.eu/esco/occupation/9ebaf3f0-0be0-47b7-b2b1-b3b04130fa81"", ""label"": ""digital games developer"", ""score"": 0.7467}, {""uri"": ""http://data.europa.eu/esco/occupation/11830794-108c-48fe-a282-2cd7a2945344"", ""label"": ""gambling games designer"", ""score"": 0.7418}, {""uri"": ""http://data.europa.eu/esco/occupation/a7c1d23d-aeca-4bee-9a08-5993ed98b135"", ""label"": ""ICT system developer"", ""score"": 0.7402}]",0.80+,35125,40,test
230925031842,Accountant,accountant,Top Gear Service Providers,"tds, vendor reconciliation, gst, tally prime, bank reconciliation, reconciliation, accounting, tally",http://data.europa.eu/esco/occupation/eda0d957-3c3c-4139-b89a-a18bc9e18897,accountant,1.0,0.5,"[{""uri"": ""http://data.europa.eu/esco/occupation/eda0d957-3c3c-4139-b89a-a18bc9e18897"", ""label"": ""accountant"", ""score"": 1.0}, {""uri"": ""http://data.europa.eu/esco/occupation/5e5b1b61-1351-4d3b-a293-deb3661715dd"", ""label"": ""financial controller"", ""score"": 1.0}, {""uri"": ""http://data.europa.eu/esco/occupation/78db356f-a96a-4456-ab29-2de62e52f830"", ""label"": ""public finance accountant"", ""score"": 0.8664}, {""uri"": ""http://data.europa.eu/esco/occupation/bfe142b9-a049-4d41-89c4-fd2f34ac56b6"", ""label"": ""accounting assistant"", ""score"": 0.8472}, {""uri"": ""http://data.europa.eu/esco/occupation/bafbc672-0ad9-41af-9de8-db0c91a24f9b"", ""label"": ""billing clerk"", ""score"": 0.8306}, {""uri"": ""http://data.europa.eu/esco/occupation/caafca69-9faa-4850-8930-a3fa07fea4e6"", ""label"": ""accounting analyst"", ""score"": 0.8169}, {""uri"": ""http://data.europa.eu/esco/occupation/1ad59946-d13e-441e-9b36-56e1df055e21"", ""label"": ""financial auditor"", ""score"": 0.8139}, {""uri"": ""http://data.europa.eu/esco/occupation/c3aae59e-1441-4b3e-bdd1-6da50dc7cf42"", ""label"": ""bookkeeper"", ""score"": 0.8032}, {""uri"": ""http://data.europa.eu/esco/occupation/04f39bfa-bc03-4480-98bc-b18ce4fe4b4b"", ""label"": ""accounting manager"", ""score"": 0.7979}, {""uri"": ""http://data.europa.eu/esco/occupation/a04eedcf-8424-475a-8dc5-f30a9da4b151"", ""label"": ""financial fraud examiner"", ""score"": 0.7393}]",0.80+,35125,40,dev
300925504820,Area Sales Manager,area sales manager,Zoomsolar,"cold calling, training, lead generation, renewable energy, relationship building, area sales, channel sales, solar energy",http://data.europa.eu/esco/occupation/a7594892-ff23-4e2a-aedf-2f967ebca15c,sales manager,1.0,0.07142857142857142,"[{""uri"": ""http://data.europa.eu/esco/occupation/a7594892-ff23-4e2a-aedf-2f967ebca15c"", ""label"": ""sales manager"", ""score"": 1.0}, {""uri"": ""http://data.europa.eu/esco/occupation/3a4c4e33-ee34-4abe-ba5c-26f9037d292f"", ""label"": ""trade regional manager"", ""score"": 1.0}, {""uri"": ""http://data.europa.eu/esco/occupation/a79d9e58-36be-4e67-a4db-ea6c8ff445fc"", ""label"": ""retail department manager"", ""score"": 0.8105}, {""uri"": ""http://data.europa.eu/esco/occupation/2eac08c2-a81a-46fc-8d75-eb0e0f3e0f6d"", ""label"": ""sales account manager"", ""score"": 0.8052}, {""uri"": ""http://data.europa.eu/esco/occupation/0917ab6b-18a8-4cfd-8e7a-843b88cf9457"", ""label"": ""branch manager"", ""score"": 0.8018}, {""uri"": ""http://data.europa.eu/esco/occupation/14031d4a-6e99-442f-b4fe-18262b6432b2"", ""label"": ""commercial sales representative"", ""score"": 0.7702}, {""uri"": ""http://data.europa.eu/esco/occupation/547b304b-9a72-4717-9b24-b7046df5f64e"", ""label"": ""specialised seller"", ""score"": 0.7695}, {""uri"": ""http://data.europa.eu/esco/occupation/6fcf4638-e7c7-4978-9302-9a7b63a3d57c"", ""label"": ""marketing manager"", ""score"": 0.7626}, {""uri"": ""http://data.europa.eu/esco/occupation/7dec82e0-3bfc-4c48-812d-c2095bfe05bb"", ""label"": ""department store manager"", ""score"": 0.7574}, {""uri"": ""http://data.europa.eu/esco/occupation/f2413988-f76a-4636-a4b1-9952517aa21f"", ""label"": ""fire commissioner"", ""score"": 0.756}]",0.80+,35125,40,dev
260925007331,Python Fullstack Developer,python fullstack developer,Randomtrees,"django, pandas, fast api, react.js, flask, rest, numpy, sql",,,0.4721,0.0,"[{""uri"": ""http://data.europa.eu/esco/occupation/781a6350-e686-45b9-b075-e4c8d5a05ff7"", ""label"": ""cloud software developer"", ""score"": 0.4721}, {""uri"": ""http://data.europa.eu/esco/occupation/8bc48c43-d976-458a-9e3c-ee784572351d"", ""label"": ""industrial tool design engineer"", ""score"": 0.4145}, {""uri"": ""http://data.europa.eu/esco/occupation/dbc88790-a8c1-4dc4-9507-8f9dcff9c990"", ""label"": ""engine designer"", ""score"": 0.4026}, {""uri"": ""http://data.europa.eu/esco/occupation/866c7813-2c03-47d7-9bdc-192cfbace57c"", ""label"": ""user interface developer"", ""score"": 0.3999}, {""uri"": ""http://data.europa.eu/esco/occupation/f2b15a0e-e65a-438a-affb-29b9d50b77d1"", ""label"": ""software developer"", ""score"": 0.3981}, {""uri"": ""http://data.europa.eu/esco/occupation/04ba4d6c-957d-417f-bf63-5b9e015a9f86"", ""label"": ""software analyst"", ""score"": 0.3944}, {""uri"": ""http://data.europa.eu/esco/occupation/a7c1d23d-aeca-4bee-9a08-5993ed98b135"", ""label"": ""ICT system developer"", ""score"": 0.3827}, {""uri"": ""http://data.europa.eu/esco/occupation/10469d70-78a3-4650-9e29-d04de13c62c1"", ""label"": ""embedded system designer"", ""score"": 0.3815}, {""uri"": ""http://data.europa.eu/esco/occupation/349ee6f6-c295-4c38-9b98-48765b55280e"", ""label"": ""cloud engineer"", ""score"": 0.3766}, {""uri"": ""http://data.europa.eu/esco/occupation/08edf4c5-3551-4690-9d09-f9b8b9194c90"", ""label"": ""automated fly bar operator"", ""score"": 0.3746}]",<0.50,6466,40,test
260925912805,SAP Ariba Lead,sap ariba lead,Krazy Mantra HR Solutions Pvt. Ltd,"gts, sap s hana, sap mm, ariba, abap, sap project management, project management, sap",,,0.4996,0.0,"[{""uri"": ""http://data.europa.eu/esco/occupation/08edf4c5-3551-4690-9d09-f9b8b9194c90"", ""label"": ""automated fly bar operator"", ""score"": 0.4996}, {""uri"": ""http://data.europa.eu/esco/occupation/73856e9e-eca2-44c2-bb3c-aaedf4b25979"", ""label"": ""insurance product manager"", ""score"": 0.47}, {""uri"": ""http://data.europa.eu/esco/occupation/30870ea4-5e8e-4b92-a9d5-65e3b97a9b30"", ""label"": ""raw materials warehouse specialist"", ""score"": 0.459}, {""uri"": ""http://data.europa.eu/esco/occupation/a317e9c2-62d5-4a24-8ad4-5cb7b9db3f3b"", ""label"": ""advanced physiotherapist"", ""score"": 0.4232}, {""uri"": ""http://data.europa.eu/esco/occupation/16bf6d6f-64ec-4f80-9070-f81a7b179d53"", ""label"": ""precision mechanics supervisor"", ""score"": 0.399}, {""uri"": ""http://data.europa.eu/esco/occupation/b0473a10-e3de-480c-a841-171f2356a074"", ""label"": ""aviation inspector"", ""score"": 0.3932}, {""uri"": ""http://data.europa.eu/esco/occupation/a9b20949-897b-481f-8642-d1f69263baff"", ""label"": ""industrial maintenance supervisor"", ""score"": 0.3837}, {""uri"": ""http://data.europa.eu/esco/occupation/5791a961-4717-4230-a245-a4082a675f04"", ""label"": ""automation engineering technician"", ""score"": 0.3758}, {""uri"": ""http://data.europa.eu/esco/occupation/37f7677a-97d1-420b-a8b0-09339472121f"", ""label"": ""machinery assembly supervisor"", ""score"": 0.3753}, {""uri"": ""http://data.europa.eu/esco/occupation/4b3201cb-ffc5-4f61-9fc3-5c0f0038fa5f"", ""label"": ""ICT business analysis manager"", ""score"": 0.3744}]",<0.50,6466,40,dev
230925014632,Hiring Now: International Voice Process | Freshers Welcome | Top MNC,now international voice process welcome top mnc,JobShop,"bpo voice, voice support, customer support, international voice process, international bpo, cca, bpo customer service, international call center",,,0.4751,0.16666666666666666,"[{""uri"": ""http://data.europa.eu/esco/occupation/56fa783a-cca4-42ef-8862-1fb6e43f215c"", ""label"": ""international forwarding operations coordinator"", ""score"": 0.5345}, {""uri"": ""http://data.europa.eu/esco/occupation/5c5b153e-4bf8-4f3d-973d-12fabf306d12"", ""label"": ""secretary general"", ""score"": 0.4806}, {""uri"": ""http://data.europa.eu/esco/occupation/2d3d7188-47ab-49b9-9045-e452d9db06f1"", ""label"": ""commercial director"", ""score"": 0.4751}, {""uri"": ""http://data.europa.eu/esco/occupation/fcaab37b-ada2-4832-a2fd-9d64362e0280"", ""label"": ""international student exchange coordinator"", ""score"": 0.4715}, {""uri"": ""http://data.europa.eu/esco/occupation/1da55a33-09b3-4ac7-818e-2a0fea68cecc"", ""label"": ""publishing rights manager"", ""score"": 0.4713}, {""uri"": ""http://data.europa.eu/esco/occupation/8914badc-df5e-4671-908e-de5bc795658b"", ""label"": ""import export manager in electronic and telecommunications equipment and parts"", ""score"": 0.4709}, {""uri"": ""http://data.europa.eu/esco/occupation/0917ab6b-18a8-4cfd-8e7a-843b88cf9457"", ""label"": ""branch manager"", ""score"": 0.4708}, {""uri"": ""http://data.europa.eu/esco/occupation/070e94a8-a933-4557-9b95-fefe7f4f1763"", ""label"": ""public employment service manager"", ""score"": 0.4657}, {""uri"": ""http://data.europa.eu/esco/occupation/b65530b8-0b50-49da-8e9e-331b161374a5"", ""label"": ""broadcast news editor"", ""score"": 0.4656}, {""uri"": ""http://data.europa.eu/esco/occupation/83588a0e-b63d-4483-a884-06f1e3a1a4be"", ""label"": ""translation agency manager"", ""score"": 0.4632}]",<0.50,6466,40,dev
240925920141,Customer Service - Professional- French - US/Canada shift,customer service professional french us/canada shift,Gratitude India Manpower Consultants Pvt. Ltd.,"application software, c++, customer service, computer systems, french, networking, computer networking, accounting",,,0.4913,0.125,"[{""uri"": ""http://data.europa.eu/esco/occupation/f57eb0cb-e67a-419c-9b7b-4abd811b7e2f"", ""label"": ""move coordinator"", ""score"": 0.5135}, {""uri"": ""http://data.europa.eu/esco/occupation/30ca97f4-a4fd-4189-a781-ac08f6b09b78"", ""label"": ""call centre analyst"", ""score"": 0.4975}, {""uri"": ""http://data.europa.eu/esco/occupation/0ededdc2-050a-4ec3-8e70-6295105fcd19"", ""label"": ""call centre agent"", ""score"": 0.4924}, {""uri"": ""http://data.europa.eu/esco/occupation/b7fc1cd1-0d6d-4e9e-8a9f-c3270201be81"", ""label"": ""foreign exchange cashier"", ""score"": 0.4913}, {""uri"": ""http://data.europa.eu/esco/occupation/3a4c4e33-ee34-4abe-ba5c-26f9037d292f"", ""label"": ""trade regional manager"", ""score"": 0.4836}, {""uri"": ""http://data.europa.eu/esco/occupation/7a031723-2b2c-4fdd-8ed5-30d67088b8b8"", ""label"": ""licensing manager"", ""score"": 0.4833}, {""uri"": ""http://data.europa.eu/esco/occupation/b7b75eb6-34bc-462d-b412-eed393cc1397"", ""label"": ""customer contact centre information clerk"", ""score"": 0.4829}, {""uri"": ""http://data.europa.eu/esco/occupation/fcaab37b-ada2-4832-a2fd-9d64362e0280"", ""label"": ""international student exchange coordinator"", ""score"": 0.4823}, {""uri"": ""http://data.europa.eu/esco/occupation/cd7b838c-51f6-41ec-9067-bb974c0f991b"", ""label"": ""communication manager"", ""score"": 0.4815}, {""uri"": ""http://data.europa.eu/esco/occupation/725090a7-9943-4dae-8079-a6999d21ddba"", ""label"": ""client relations manager"", ""score"": 0.4774}]",<0.50,6466,40,dev
290925018224,Store Incharge,store incharge,Globe Capacitors,"fifo, quality assurance, inventory management, store management, teamwork, stores, quality, assurance",,,0.448,0.1,"[{""uri"": ""http://data.europa.eu/esco/occupation/f8304b4c-1220-4979-b2dd-47d2a2f0734a"", ""label"": ""specialised antique dealer"", ""score"": 0.4897}, {""uri"": ""http://data.europa.eu/esco/occupation/71c3a49a-e55e-42ce-bd3f-31f37d3cfab6"", ""label"": ""store detective"", ""score"": 0.4792}, {""uri"": ""http://data.europa.eu/esco/occupation/e1416610-ad08-4f37-8b46-9f99632a5c0f"", ""label"": ""cabinet maker"", ""score"": 0.4706}, {""uri"": ""http://data.europa.eu/esco/occupation/bf89925d-00a1-4f94-ab3b-2148c887af33"", ""label"": ""retail entrepreneur"", ""score"": 0.4699}, {""uri"": ""http://data.europa.eu/esco/occupation/d8e5410b-5199-403f-8cbd-d32efb17a296"", ""label"": ""computer shop manager"", ""score"": 0.4581}, {""uri"": ""http://data.europa.eu/esco/occupation/31db6bd9-ee84-4a57-ac9e-87e243ba1c69"", ""label"": ""leather goods warehouse operator"", ""score"": 0.4538}, {""uri"": ""http://data.europa.eu/esco/occupation/1b949bae-882f-40ff-9fe7-3c8ede5e38b5"", ""label"": ""illustrator"", ""score"": 0.4536}, {""uri"": ""http://data.europa.eu/esco/occupation/9e81adde-9983-44fa-b74b-c548d0dbfbdd"", ""label"": ""shop manager"", ""score"": 0.448}, {""uri"": ""http://data.europa.eu/esco/occupation/87fd9791-0922-4da0-a984-f518aadf85ec"", ""label"": ""ammunition shop manager"", ""score"": 0.4411}, {""uri"": ""http://data.europa.eu/esco/occupation/d35f9e79-5778-43b4-8667-0e3ba1fcb19a"", ""label"": ""shelf filler"", ""score"": 0.4388}]",<0.50,6466,40,test
300925016345,Video KYC Operations,video kyc operations,Anand Rathi Global Finance (ARGFL),"kyc, video kyc, communication skills, client onboarding, kyc operations, document verification, kyc verification, documents",,,0.4895,0.0,"[{""uri"": ""http://data.europa.eu/esco/occupation/40260ee8-c94a-4dc8-a562-f9fbc2fe13b1"", ""label"": ""sewerage maintenance technician"", ""score"": 0.4895}, {""uri"": ""http://data.europa.eu/esco/occupation/061f56c6-36eb-4aa7-b5ef-98b7a569da1c"", ""label"": ""performance video operator"", ""score"": 0.4755}, {""uri"": ""http://data.europa.eu/esco/occupation/a59feab2-9bc9-4b25-97cf-995998164502"", ""label"": ""video technician"", ""score"": 0.4506}, {""uri"": ""http://data.europa.eu/esco/occupation/b21aac17-8237-4264-bc2c-0e315346fd8f"", ""label"": ""chemical plant control room operator"", ""score"": 0.4503}, {""uri"": ""http://data.europa.eu/esco/occupation/62979364-6fac-41f2-87ca-202bca19a6ab"", ""label"": ""computer-aided design operator"", ""score"": 0.4309}, {""uri"": ""http://data.europa.eu/esco/occupation/6fed206a-ac4d-492b-a81a-5a3a0f2b67bc"", ""label"": ""camera operator"", ""score"": 0.4226}, {""uri"": ""http://data.europa.eu/esco/occupation/e02d7c8a-1e38-4a67-a6e1-f580e550238f"", ""label"": ""music and video shop specialised seller"", ""score"": 0.4193}, {""uri"": ""http://data.europa.eu/esco/occupation/d6b339ed-8dc9-4281-8c91-c8287eceee40"", ""label"": ""rental service representative in video tapes and disks"", ""score"": 0.4128}, {""uri"": ""http://data.europa.eu/esco/occupation/09a9a956-db70-436f-8398-d85a17f6cdfe"", ""label"": ""presenter"", ""score"": 0.3951}, {""uri"": ""http://data.europa.eu/esco/occupation/7642cbcc-9839-47fb-b2cf-d4bb831d6c93"", ""label"": ""audio-visual technician"", ""score"": 0.3922}]",<0.50,6466,40,test
290925015795,Hiring For HSC Pass | Fresher & Exp | salary Upto 25K Apply Now.!,for hsc pass & exp salary upto 25k apply now,Call 2 Connect,"customer service, telesales, bpo voice, telecalling, customer care, bpo, cross selling, life insurance",,,0.4658,0.0,"[{""uri"": ""http://data.europa.eu/esco/occupation/4a13bafa-a2ac-4864-a278-176ea5969280"", ""label"": ""technical sales representative in hardware, plumbing and heating equipment"", ""score"": 0.4658}, {""uri"": ""http://data.europa.eu/esco/occupation/ba1e5427-46e0-4b6c-b196-5312d136dd3b"", ""label"": ""import export specialist in mining, construction, civil engineering machinery"", ""score"": 0.454}, {""uri"": ""http://data.europa.eu/esco/occupation/6e591f17-65c1-4a24-af2a-ca7862d4625e"", ""label"": ""technical sales representative in electronic and telecommunications equipment"", ""score"": 0.4525}, {""uri"": ""http://data.europa.eu/esco/occupation/b6f4573d-659f-49ca-a885-850a48d01913"", ""label"": ""technical sales representative in machinery and industrial equipment"", ""score"": 0.4487}, {""uri"": ""http://data.europa.eu/esco/occupation/2d6a1cc1-cd13-42c5-a2b1-f0183bd0d253"", ""label"": ""technical sales representative in agricultural machinery and equipment"", ""score"": 0.4486}, {""uri"": ""http://data.europa.eu/esco/occupation/1f97f6e6-0ac7-4e77-88ab-2e3801c5a223"", ""label"": ""heating, ventilation, air conditioning engineer"", ""score"": 0.4474}, {""uri"": ""http://data.europa.eu/esco/occupation/173a882d-0a14-4919-ac1b-23e8ee8273de"", ""label"": ""import export manager in hardware, plumbing and heating equipment and supplies"", ""score"": 0.4467}, {""uri"": ""http://data.europa.eu/esco/occupation/65beb253-61b0-4f8f-9c3c-49419913fd18"", ""label"": ""import export manager in dairy products and edible oils"", ""score"": 0.4465}, {""uri"": ""http://data.europa.eu/esco/occupation/52fcfdb9-9dcf-4591-aba5-45337f791a10"", ""label"": ""technical sales representative in mining and construction machinery"", ""score"": 0.4444}, {""uri"": ""http://data.europa.eu/esco/occupation/bf2ca3bb-5fa5-41d9-a039-949cad61616d"", ""label"": ""technical sales representative in chemical products"", ""score"": 0.4443}]",<0.50,6466,40,test
190825026112,Hiring For hindi voice process in yes bank(plada Role),for hindi voice process in yes bank,Plada Infotech Services,"communication skills, inbound voice process, fluent english, bpo voice, hindi speaking, hindi, voice process, voice support",,,0.3745,0.0,"[{""uri"": ""http://data.europa.eu/esco/occupation/c530b0ee-46f8-40fb-818c-d9b44b891cb9"", ""label"": ""banking products manager"", ""score"": 0.3745}, {""uri"": ""http://data.europa.eu/esco/occupation/d2d451cc-e839-4192-be54-d7724814aa03"", ""label"": ""corporate banking adviser"", ""score"": 0.3716}, {""uri"": ""http://data.europa.eu/esco/occupation/c85e39a4-2c40-413f-a171-45907ecdd599"", ""label"": ""talent agent"", ""score"": 0.3704}, {""uri"": ""http://data.europa.eu/esco/occupation/36095ccd-c62d-4f1f-8af7-1fd10618b044"", ""label"": ""sound editor"", ""score"": 0.364}, {""uri"": ""http://data.europa.eu/esco/occupation/490d0c6f-0dc8-4825-9f17-207749fb1785"", ""label"": ""ATM repair technician"", ""score"": 0.3611}, {""uri"": ""http://data.europa.eu/esco/occupation/23e692a9-a242-4d4f-988f-ed562f757864"", ""label"": ""interpreter"", ""score"": 0.3584}, {""uri"": ""http://data.europa.eu/esco/occupation/5e4d156a-1f05-4b2c-b0f0-5abb82d52ed6"", ""label"": ""bank account manager"", ""score"": 0.3572}, {""uri"": ""http://data.europa.eu/esco/occupation/0ededdc2-050a-4ec3-8e70-6295105fcd19"", ""label"": ""call centre agent"", ""score"": 0.3554}, {""uri"": ""http://data.europa.eu/esco/occupation/6353b3e8-e8f2-4ecb-b230-186927139892"", ""label"": ""data entry clerk"", ""score"": 0.3548}, {""uri"": ""http://data.europa.eu/esco/occupation/35e67944-231e-4bc9-8c69-560f203167ff"", ""label"": ""intelligence communications interceptor"", ""score"": 0.3534}]",<0.50,6466,40,dev
250925929484,Apache Spark Developer,apache spark developer,Krazy Mantra HR Solutions Pvt. Ltd,"hive, data processing, apache, troubleshooting, ssis, ssas, microsoft azure, power bi",,,0.4519,0.3333333333333333,"[{""uri"": ""http://data.europa.eu/esco/occupation/dbc88790-a8c1-4dc4-9507-8f9dcff9c990"", ""label"": ""engine designer"", ""score"": 0.4678}, {""uri"": ""http://data.europa.eu/esco/occupation/f2b15a0e-e65a-438a-affb-29b9d50b77d1"", ""label"": ""software developer"", ""score"": 0.4613}, {""uri"": ""http://data.europa.eu/esco/occupation/349ee6f6-c295-4c38-9b98-48765b55280e"", ""label"": ""cloud engineer"", ""score"": 0.4555}, {""uri"": ""http://data.europa.eu/esco/occupation/1562c7a3-c7d9-419d-b9b6-db26610bcf84"", ""label"": ""data warehouse designer"", ""score"": 0.4528}, {""uri"": ""http://data.europa.eu/esco/occupation/8bc48c43-d976-458a-9e3c-ee784572351d"", ""label"": ""industrial tool design engineer"", ""score"": 0.4519}, {""uri"": ""http://data.europa.eu/esco/occupation/781a6350-e686-45b9-b075-e4c8d5a05ff7"", ""label"": ""cloud software developer"", ""score"": 0.4226}, {""uri"": ""http://data.europa.eu/esco/occupation/04ba4d6c-957d-417f-bf63-5b9e015a9f86"", ""label"": ""software analyst"", ""score"": 0.4135}, {""uri"": ""http://data.europa.eu/esco/occupation/b11e1742-5e28-4270-b081-b0193d85ee7d"", ""label"": ""database developer"", ""score"": 0.4131}, {""uri"": ""http://data.europa.eu/esco/occupation/18a98579-f0b1-4dde-944f-1758dc113099"", ""label"": ""spark erosion machine operator"", ""score"": 0.3918}, {""uri"": ""http://data.europa.eu/esco/occupation/a7c1d23d-aeca-4bee-9a08-5993ed98b135"", ""label"": ""ICT system developer"", ""score"": 0.3899}]",<0.50,6466,40,test
290925012552,Hiring For Registered Nurses To Work in Qatar,for registered nurses to work in qatar,2coms,"medical, microsoft dynamics navision, nursing, navision, healthcare, sql, cal, microsoft dynamics nav",,,0.4597,0.25,"[{""uri"": ""http://data.europa.eu/esco/occupation/8289625a-c1c1-4a49-8ddd-37be4c3cd3fc"", ""label"": ""auxiliary nursing and midwifery vocational teacher"", ""score"": 0.4746}, {""uri"": ""http://data.europa.eu/esco/occupation/1bbaf82c-67ae-4beb-9a55-7298acf5b2af"", ""label"": ""nursing lecturer"", ""score"": 0.4597}, {""uri"": ""http://data.europa.eu/esco/occupation/95cda6a9-a70a-4a93-9442-11d573cb4a02"", ""label"": ""midwife"", ""score"": 0.4569}, {""uri"": ""http://data.europa.eu/esco/occupation/b3ebf55f-5e50-4262-946a-f08d7fbe29b2"", ""label"": ""healthcare specialist lecturer"", ""score"": 0.4559}, {""uri"": ""http://data.europa.eu/esco/occupation/18e14e61-495b-44cc-a7c6-df4c625934ba"", ""label"": ""specialist nurse"", ""score"": 0.4216}, {""uri"": ""http://data.europa.eu/esco/occupation/36494988-69d2-4420-9db4-eb56605ac983"", ""label"": ""advanced nurse practitioner"", ""score"": 0.4187}, {""uri"": ""http://data.europa.eu/esco/occupation/8d3e8aaa-791b-4c75-a465-f3f827028f50"", ""label"": ""nurse responsible for general care"", ""score"": 0.4104}, {""uri"": ""http://data.europa.eu/esco/occupation/87d0795a-d41f-47ee-979f-0ab7d73836e7"", ""label"": ""nurse assistant"", ""score"": 0.4013}]",<0.50,6466,40,test
290925008810,Senior Aurora/Postgre SQL DBA,aurora/postgre sql dba,JAGGAER,"database administration, aws aurora, postgresql, sql, dbms, aws, sql dba, senior",,,0.3774,0.8333333333333334,"[{""uri"": ""http://data.europa.eu/esco/occupation/3d190639-90f8-4402-b1b3-a104a17e0d67"", ""label"": ""database integrator"", ""score"": 0.3892}, {""uri"": ""http://data.europa.eu/esco/occupation/b11e1742-5e28-4270-b081-b0193d85ee7d"", ""label"": ""database developer"", ""score"": 0.3873}, {""uri"": ""http://data.europa.eu/esco/occupation/6353b3e8-e8f2-4ecb-b230-186927139892"", ""label"": ""data entry clerk"", ""score"": 0.3813}, {""uri"": ""http://data.europa.eu/esco/occupation/8c57af09-719c-42b3-be40-6ed4946236cc"", ""label"": ""database administrator"", ""score"": 0.3774}, {""uri"": ""http://data.europa.eu/esco/occupation/8d9ec84d-cf2d-4179-87bc-335cda54a427"", ""label"": ""database designer"", ""score"": 0.3739}, {""uri"": ""http://data.europa.eu/esco/occupation/d3edb8f8-3a06-47a0-8fb9-9b212c006aa2"", ""label"": ""data analyst"", ""score"": 0.3662}, {""uri"": ""http://data.europa.eu/esco/occupation/1562c7a3-c7d9-419d-b9b6-db26610bcf84"", ""label"": ""data warehouse designer"", ""score"": 0.3507}, {""uri"": ""http://data.europa.eu/esco/occupation/591c5063-69ce-4551-ba60-e2304111130f"", ""label"": ""aviation data communications manager"", ""score"": 0.3478}, {""uri"": ""http://data.europa.eu/esco/occupation/207d7b18-6540-432e-8aa6-785ed434572f"", ""label"": ""business intelligence manager"", ""score"": 0.3167}, {""uri"": ""http://data.europa.eu/esco/occupation/35fbb8cd-c044-49a1-850c-010481c99b4a"", ""label"": ""financial markets back office administrator"", ""score"": 0.3165}]",<0.50,6466,40,test
230925026831,Java Full Stake Developer,java full stake developer,Natobotics Technologies,"java spring mvc, html5b, spring boot, css3, hibernate, rest, jdbc, soap",,,0.4511,0.25,"[{""uri"": ""http://data.europa.eu/esco/occupation/f2b15a0e-e65a-438a-affb-29b9d50b77d1"", ""label"": ""software developer"", ""score"": 0.4775}, {""uri"": ""http://data.europa.eu/esco/occupation/bd272aee-adc9-4a06-a15c-a73b4b4a46a7"", ""label"": ""ICT application developer"", ""score"": 0.4656}, {""uri"": ""http://data.europa.eu/esco/occupation/10469d70-78a3-4650-9e29-d04de13c62c1"", ""label"": ""embedded system designer"", ""score"": 0.4628}, {""uri"": ""http://data.europa.eu/esco/occupation/04ba4d6c-957d-417f-bf63-5b9e015a9f86"", ""label"": ""software analyst"", ""score"": 0.4555}, {""uri"": ""http://data.europa.eu/esco/occupation/24135b84-cbdd-4d42-9ed2-02fd982d15b2"", ""label"": ""blockchain developer"", ""score"": 0.4547}, {""uri"": ""http://data.europa.eu/esco/occupation/24161923-e3e6-4096-b377-f1ee8a7ea31b"", ""label"": ""satellite engineer"", ""score"": 0.4524}, {""uri"": ""http://data.europa.eu/esco/occupation/57af9090-55b4-4911-b2d0-86db01c00b02"", ""label"": ""embedded systems software developer"", ""score"": 0.4518}, {""uri"": ""http://data.europa.eu/esco/occupation/a6517365-211c-456d-aca4-1a0115c7b1e1"", ""label"": ""e-learning architect"", ""score"": 0.4511}, {""uri"": ""http://data.europa.eu/esco/occupation/bb6198c4-1d3e-40b9-9cc4-ad2dd9d7c74b"", ""label"": ""industrial mobile devices software developer"", ""score"": 0.4498}, {""uri"": ""http://data.europa.eu/esco/occupation/ec5b72d1-0206-4179-9abd-570c66bc44b9"", ""label"": ""e-learning developer"", ""score"": 0.4472}]",<0.50,6466,40,test
230925032223,Google Sheets Automation Analyst,google sheets automation analyst,Prolegion,"automation, data analysis, scripting, google apps script, google sheets, analysis, google, data",,,0.4515,0.4166666666666667,"[{""uri"": ""http://data.europa.eu/esco/occupation/5791a961-4717-4230-a245-a4082a675f04"", ""label"": ""automation engineering technician"", ""score"": 0.5249}, {""uri"": ""http://data.europa.eu/esco/occupation/08edf4c5-3551-4690-9d09-f9b8b9194c90"", ""label"": ""automated fly bar operator"", ""score"": 0.4804}, {""uri"": ""http://data.europa.eu/esco/occupation/8213b4bc-60ce-4ffc-9e00-9758fb2003c6"", ""label"": ""monitoring and evaluation officer"", ""score"": 0.4673}, {""uri"": ""http://data.europa.eu/esco/occupation/42381741-f3a7-4b26-b35c-da6fad9f1cfd"", ""label"": ""product development engineering technician"", ""score"": 0.4617}, {""uri"": ""http://data.europa.eu/esco/occupation/d2e63d7e-2605-4af1-bb7d-b1ed9ad08825"", ""label"": ""statistical assistant"", ""score"": 0.4515}, {""uri"": ""http://data.europa.eu/esco/occupation/de80bbf0-447d-4a6a-845a-fdba4e0dc30c"", ""label"": ""brand manager"", ""score"": 0.4466}, {""uri"": ""http://data.europa.eu/esco/occupation/160c1469-bbb6-48d3-b2a7-db8b30d724b5"", ""label"": ""actuarial assistant"", ""score"": 0.4464}, {""uri"": ""http://data.europa.eu/esco/occupation/cc867bee-ab5c-427f-9244-f7a204d9574b"", ""label"": ""cloud DevOps engineer"", ""score"": 0.4436}, {""uri"": ""http://data.europa.eu/esco/occupation/bb609566-3ab6-44dd-8f48-cf0b15b96827"", ""label"": ""automation engineer"", ""score"": 0.4396}, {""uri"": ""http://data.europa.eu/esco/occupation/b5eaf231-77ad-4a86-8e54-15cc4398aad2"", ""label"": ""process engineer"", ""score"": 0.4371}]",<0.50,6466,40,dev
240925035528,Bulk hiring For IDFC | Marathi & Hindi - Fresher | Voice Process,bulk for idfc marathi & hindi voice process,Digitide,"customer service, voice process, outbound process, voice support, telecalling, inbound process, bpo, cce",,,0.4198,0.0,"[{""uri"": ""http://data.europa.eu/esco/occupation/f6f1a9c5-a956-4a10-98ad-b83525e843fb"", ""label"": ""bulk filler"", ""score"": 0.4198}, {""uri"": ""http://data.europa.eu/esco/occupation/16605833-c196-48d7-a6f5-bbdebdc353df"", ""label"": ""ICT presales engineer"", ""score"": 0.3627}, {""uri"": ""http://data.europa.eu/esco/occupation/3a17bd32-8a00-47cb-82aa-2b5660cf1192"", ""label"": ""audiology equipment specialised seller"", ""score"": 0.3604}, {""uri"": ""http://data.europa.eu/esco/occupation/e4f33b45-ee95-48b5-b2f8-e397aa14ed41"", ""label"": ""distribution centre dispatcher"", ""score"": 0.3535}, {""uri"": ""http://data.europa.eu/esco/occupation/4874fa37-0cd1-4a68-aed8-a838851f242d"", ""label"": ""language engineer"", ""score"": 0.35}, {""uri"": ""http://data.europa.eu/esco/occupation/35e67944-231e-4bc9-8c69-560f203167ff"", ""label"": ""intelligence communications interceptor"", ""score"": 0.3431}, {""uri"": ""http://data.europa.eu/esco/occupation/36095ccd-c62d-4f1f-8af7-1fd10618b044"", ""label"": ""sound editor"", ""score"": 0.3402}, {""uri"": ""http://data.europa.eu/esco/occupation/2a04a1df-a3b9-403e-a245-e7f93fdddd44"", ""label"": ""executive assistant"", ""score"": 0.3363}, {""uri"": ""http://data.europa.eu/esco/occupation/1a07bd7d-2e1d-4930-a84a-1a442b8f2a44"", ""label"": ""translator"", ""score"": 0.3337}, {""uri"": ""http://data.europa.eu/esco/occupation/0ededdc2-050a-4ec3-8e70-6295105fcd19"", ""label"": ""call centre agent"", ""score"": 0.3325}]",<0.50,6466,40,test
011025918804,Java Developer with Microservices,java developer with microservices,Capgemini,"sip protocol, microservices, java, telecom, grafana, kubernetes, continuous integration, hibernate",,,0.4878,0.5,"[{""uri"": ""http://data.europa.eu/esco/occupation/781a6350-e686-45b9-b075-e4c8d5a05ff7"", ""label"": ""cloud software developer"", ""score"": 0.4878}, {""uri"": ""http://data.europa.eu/esco/occupation/10469d70-78a3-4650-9e29-d04de13c62c1"", ""label"": ""embedded system designer"", ""score"": 0.4758}, {""uri"": ""http://data.europa.eu/esco/occupation/7f0fe7d3-54c6-41e9-88ba-9d4f0f1a46b4"", ""label"": ""microsystem engineer"", ""score"": 0.4718}, {""uri"": ""http://data.europa.eu/esco/occupation/57af9090-55b4-4911-b2d0-86db01c00b02"", ""label"": ""embedded systems software developer"", ""score"": 0.4602}, {""uri"": ""http://data.europa.eu/esco/occupation/c40a2919-48a9-40ea-b506-1f34f693496d"", ""label"": ""web developer"", ""score"": 0.459}, {""uri"": ""http://data.europa.eu/esco/occupation/349ee6f6-c295-4c38-9b98-48765b55280e"", ""label"": ""cloud engineer"", ""score"": 0.451}, {""uri"": ""http://data.europa.eu/esco/occupation/a7c1d23d-aeca-4bee-9a08-5993ed98b135"", ""label"": ""ICT system developer"", ""score"": 0.4479}, {""uri"": ""http://data.europa.eu/esco/occupation/f2b15a0e-e65a-438a-affb-29b9d50b77d1"", ""label"": ""software developer"", ""score"": 0.4475}, {""uri"": ""http://data.europa.eu/esco/occupation/bb6198c4-1d3e-40b9-9cc4-ad2dd9d7c74b"", ""label"": ""industrial mobile devices software developer"", ""score"": 0.4363}, {""uri"": ""http://data.europa.eu/esco/occupation/2ed56c3f-61d6-4f7e-9ef8-8849eb102e4c"", ""label"": ""mobile application developer"", ""score"": 0.4274}]",<0.50,6466,40,dev
240925017247,Tcs Hiring For IBM Sterling,tcs for ibm sterling,Tata Consultancy Services,"sftp, ibm sterling, sterling integrator, integrator, tcae, hiring",,,0.4029,0.0,"[{""uri"": ""http://data.europa.eu/esco/occupation/98e58946-3227-4f6c-a5d1-5892fe76883d"", ""label"": ""after-sales service technician"", ""score"": 0.4029}, {""uri"": ""http://data.europa.eu/esco/occupation/92bb3d8c-8a9f-4cd7-80ec-247bbf173004"", ""label"": ""computer hardware engineer"", ""score"": 0.3987}, {""uri"": ""http://data.europa.eu/esco/occupation/80a2aba7-ef7d-46ef-a8ec-15ff6131c0f1"", ""label"": ""traditional chinese medicine therapist"", ""score"": 0.394}, {""uri"": ""http://data.europa.eu/esco/occupation/976f752c-5f10-42ca-84fb-89aa529af04f"", ""label"": ""patient transport services driver"", ""score"": 0.3884}, {""uri"": ""http://data.europa.eu/esco/occupation/4dc6e03f-bfb0-4078-a453-01bd1cb735aa"", ""label"": ""computer and accessories specialised seller"", ""score"": 0.3862}, {""uri"": ""http://data.europa.eu/esco/occupation/8cb59bc4-1f39-477e-beea-effed12d186c"", ""label"": ""technical communicator"", ""score"": 0.385}, {""uri"": ""http://data.europa.eu/esco/occupation/7a0afb5e-f118-449a-82bd-d8b9230fd49f"", ""label"": ""tunnel boring machine operator"", ""score"": 0.3782}, {""uri"": ""http://data.europa.eu/esco/occupation/b2cac4bc-abb7-41b3-a515-2ad006b8ebf6"", ""label"": ""control panel tester"", ""score"": 0.3743}, {""uri"": ""http://data.europa.eu/esco/occupation/d8e5410b-5199-403f-8cbd-d32efb17a296"", ""label"": ""computer shop manager"", ""score"": 0.3738}, {""uri"": ""http://data.europa.eu/esco/occupation/18459eb0-5506-4692-9889-d1f9a2b989eb"", ""label"": ""engraving machine operator"", ""score"": 0.3713}]",<0.50,6466,40,dev
260925919664,Python+VBA,python+vba,Talent21,"vba, python, alteryx, tableau",,,0.3943,0.0,"[{""uri"": ""http://data.europa.eu/esco/occupation/08edf4c5-3551-4690-9d09-f9b8b9194c90"", ""label"": ""automated fly bar operator"", ""score"": 0.3943}, {""uri"": ""http://data.europa.eu/esco/occupation/5791a961-4717-4230-a245-a4082a675f04"", ""label"": ""automation engineering technician"", ""score"": 0.3015}, {""uri"": ""http://data.europa.eu/esco/occupation/6353b3e8-e8f2-4ecb-b230-186927139892"", ""label"": ""data entry clerk"", ""score"": 0.2815}, {""uri"": ""http://data.europa.eu/esco/occupation/869e3a85-6e4c-4e3c-b14f-a8399c1abd2d"", ""label"": ""automated assembly line operator"", ""score"": 0.259}, {""uri"": ""http://data.europa.eu/esco/occupation/3db35c88-bcb7-4de4-914a-9a9839a3c911"", ""label"": ""business administration vocational teacher"", ""score"": 0.2589}, {""uri"": ""http://data.europa.eu/esco/occupation/fbceeac6-798b-4307-a825-626707a753ad"", ""label"": ""calculation engineer"", ""score"": 0.2496}, {""uri"": ""http://data.europa.eu/esco/occupation/591d1758-3036-407a-91f7-e0e1f5c9deea"", ""label"": ""electronics and automation vocational teacher"", ""score"": 0.2487}, {""uri"": ""http://data.europa.eu/esco/occupation/bb609566-3ab6-44dd-8f48-cf0b15b96827"", ""label"": ""automation engineer"", ""score"": 0.2471}, {""uri"": ""http://data.europa.eu/esco/occupation/04ba4d6c-957d-417f-bf63-5b9e015a9f86"", ""label"": ""software analyst"", ""score"": 0.2429}, {""uri"": ""http://data.europa.eu/esco/occupation/d3edb8f8-3a06-47a0-8fb9-9b212c006aa2"", ""label"": ""data analyst"", ""score"": 0.2413}]",<0.50,6466,40,dev
230925923555,"Frontend Developer - React.js, JavaScript, and AEM",frontend developer react.js javascript and aem,Suzva Software Technologies,"javascript, aem, react.js, restful api, git, frontend development, html5, debugging",,,0.3872,0.25,"[{""uri"": ""http://data.europa.eu/esco/occupation/866c7813-2c03-47d7-9bdc-192cfbace57c"", ""label"": ""user interface developer"", ""score"": 0.3872}, {""uri"": ""http://data.europa.eu/esco/occupation/a7c1d23d-aeca-4bee-9a08-5993ed98b135"", ""label"": ""ICT system developer"", ""score"": 0.305}, {""uri"": ""http://data.europa.eu/esco/occupation/c40a2919-48a9-40ea-b506-1f34f693496d"", ""label"": ""web developer"", ""score"": 0.2654}, {""uri"": ""http://data.europa.eu/esco/occupation/18552245-3c36-4a52-b4c6-295cabb5c93b"", ""label"": ""gambling games developer"", ""score"": 0.262}, {""uri"": ""http://data.europa.eu/esco/occupation/59207c91-eefa-4f26-baae-9ea215320ed0"", ""label"": ""firework assembler"", ""score"": 0.2517}, {""uri"": ""http://data.europa.eu/esco/occupation/30ed83ba-cc89-4d9f-a59d-5c783c1da56e"", ""label"": ""web designer"", ""score"": 0.2424}, {""uri"": ""http://data.europa.eu/esco/occupation/dbc88790-a8c1-4dc4-9507-8f9dcff9c990"", ""label"": ""engine designer"", ""score"": 0.2389}, {""uri"": ""http://data.europa.eu/esco/occupation/08edf4c5-3551-4690-9d09-f9b8b9194c90"", ""label"": ""automated fly bar operator"", ""score"": 0.2278}, {""uri"": ""http://data.europa.eu/esco/occupation/bcba793e-44fe-45eb-b0fb-56772529cbab"", ""label"": ""editorial assistant"", ""score"": 0.2254}, {""uri"": ""http://data.europa.eu/esco/occupation/c8b296be-54ae-48cf-be21-031fa8457937"", ""label"": ""supply chain assistant"", ""score"": 0.2175}]",<0.50,6466,40,dev
220725031108,Sdet Test Lead,sdet test lead,Zuci Systems India,"test automation, java, selenium, cucumber, automation, software testing, sdet, automation testing",,,0.4558,0.4,"[{""uri"": ""http://data.europa.eu/esco/occupation/b2cac4bc-abb7-41b3-a515-2ad006b8ebf6"", ""label"": ""control panel tester"", ""score"": 0.4745}, {""uri"": ""http://data.europa.eu/esco/occupation/eb00745b-9abb-4bd8-8291-aade48af029d"", ""label"": ""material testing technician"", ""score"": 0.47}, {""uri"": ""http://data.europa.eu/esco/occupation/43eb6228-8241-47d6-875e-7ccc214291d5"", ""label"": ""battery test technician"", ""score"": 0.4567}, {""uri"": ""http://data.europa.eu/esco/occupation/106f79e4-6264-45f1-9e7a-297435cd684b"", ""label"": ""software tester"", ""score"": 0.4558}, {""uri"": ""http://data.europa.eu/esco/occupation/c2d36adb-ecf4-4823-980b-d84b0f11b2c8"", ""label"": ""battery simulation engineer"", ""score"": 0.4541}, {""uri"": ""http://data.europa.eu/esco/occupation/1c25fdb4-c6e2-4118-99a5-519e9657a2bd"", ""label"": ""electrical equipment inspector"", ""score"": 0.4463}, {""uri"": ""http://data.europa.eu/esco/occupation/dec7ed73-8688-4328-bc50-c72d31b25956"", ""label"": ""precision instrument assembler"", ""score"": 0.4411}, {""uri"": ""http://data.europa.eu/esco/occupation/7f46db3a-754b-4bda-b287-5932fa062ee9"", ""label"": ""power electronics engineer"", ""score"": 0.4332}, {""uri"": ""http://data.europa.eu/esco/occupation/2555a1bc-9f30-4371-9499-64793e48cd55"", ""label"": ""printed circuit board test technician"", ""score"": 0.43}, {""uri"": ""http://data.europa.eu/esco/occupation/c56bb750-db0b-487b-89f4-82dee6dcab09"", ""label"": ""covid tester"", ""score"": 0.424}]",<0.50,6466,40,dev
250925929504,SAP SD-  Professional Colgate,sap sd professional colgate,Krazy Mantra HR Solutions Pvt. Ltd,"business requirement analysis, project management, sampling, analyze business, merchandising, it business analysis, promotions, macros",,,0.4313,0.42857142857142855,"[{""uri"": ""http://data.europa.eu/esco/occupation/276a4ff1-a67c-4677-9f20-dc85f1060e1b"", ""label"": ""middle office analyst"", ""score"": 0.4574}, {""uri"": ""http://data.europa.eu/esco/occupation/d3edb8f8-3a06-47a0-8fb9-9b212c006aa2"", ""label"": ""data analyst"", ""score"": 0.4556}, {""uri"": ""http://data.europa.eu/esco/occupation/4b3201cb-ffc5-4f61-9fc3-5c0f0038fa5f"", ""label"": ""ICT business analysis manager"", ""score"": 0.4313}, {""uri"": ""http://data.europa.eu/esco/occupation/1242d99a-47f1-4a62-b884-33746db8a6ca"", ""label"": ""ICT help desk manager"", ""score"": 0.4271}, {""uri"": ""http://data.europa.eu/esco/occupation/29a36f21-da45-4a01-b015-cac4445e5025"", ""label"": ""soap chipper"", ""score"": 0.4252}, {""uri"": ""http://data.europa.eu/esco/occupation/f0ca39a8-1e30-487c-95f9-ef2d5e734adc"", ""label"": ""ICT operations manager"", ""score"": 0.425}, {""uri"": ""http://data.europa.eu/esco/occupation/60082a99-d8ef-4e84-9290-78902681b6ed"", ""label"": ""business analyst"", ""score"": 0.4249}, {""uri"": ""http://data.europa.eu/esco/occupation/39e06c20-d262-44f9-a6a8-a0f3ba9e887c"", ""label"": ""soap maker"", ""score"": 0.4213}, {""uri"": ""http://data.europa.eu/esco/occupation/8ae1e637-840b-4be0-a5df-8653375d8949"", ""label"": ""landfill supervisor"", ""score"": 0.4123}, {""uri"": ""http://data.europa.eu/esco/occupation/30ca97f4-a4fd-4189-a781-ac08f6b09b78"", ""label"": ""call centre analyst"", ""score"": 0.4119}]",<0.50,6466,40,dev
290925904339,Kneat csv professional,kneat csv professional,IDESLABS PRIVATE LIMITED,"data management, data validation, csv, data quality, regulations, visualforce, soql, sfdc",,,0.4742,0.3,"[{""uri"": ""http://data.europa.eu/esco/occupation/6353b3e8-e8f2-4ecb-b230-186927139892"", ""label"": ""data entry clerk"", ""score"": 0.4742}, {""uri"": ""http://data.europa.eu/esco/occupation/22f86890-f68b-402f-a711-3e6df4913271"", ""label"": ""typist"", ""score"": 0.4468}, {""uri"": ""http://data.europa.eu/esco/occupation/af355ac4-dd89-44df-99a6-bba70202d6fe"", ""label"": ""data entry supervisor"", ""score"": 0.3963}, {""uri"": ""http://data.europa.eu/esco/occupation/56fa783a-cca4-42ef-8862-1fb6e43f215c"", ""label"": ""international forwarding operations coordinator"", ""score"": 0.3941}, {""uri"": ""http://data.europa.eu/esco/occupation/7086d0ca-1e77-4690-89c9-7ed1a0478fa3"", ""label"": ""data quality specialist"", ""score"": 0.3763}, {""uri"": ""http://data.europa.eu/esco/occupation/30ca97f4-a4fd-4189-a781-ac08f6b09b78"", ""label"": ""call centre analyst"", ""score"": 0.3732}, {""uri"": ""http://data.europa.eu/esco/occupation/d2e63d7e-2605-4af1-bb7d-b1ed9ad08825"", ""label"": ""statistical assistant"", ""score"": 0.3664}, {""uri"": ""http://data.europa.eu/esco/occupation/d3edb8f8-3a06-47a0-8fb9-9b212c006aa2"", ""label"": ""data analyst"", ""score"": 0.3631}, {""uri"": ""http://data.europa.eu/esco/occupation/258e46f9-0075-4a2e-adae-1ff0477e0f30"", ""label"": ""data scientist"", ""score"": 0.3618}, {""uri"": ""http://data.europa.eu/esco/occupation/61b859ed-24d8-48cf-9c1b-67d7a6c62bb5"", ""label"": ""import export specialist"", ""score"": 0.3612}]",<0.50,6466,40,dev
230925011903,OpenShift Admin- L2 Support,openshift admin support,Nomiso,"ceph storage, openshift, ci/cd, l2 support, openshift administration, linux administration, ceph, prometheus",,,0.4751,1.0,"[{""uri"": ""http://data.europa.eu/esco/occupation/cc867bee-ab5c-427f-9244-f7a204d9574b"", ""label"": ""cloud DevOps engineer"", ""score"": 0.4828}, {""uri"": ""http://data.europa.eu/esco/occupation/d2e63d7e-2605-4af1-bb7d-b1ed9ad08825"", ""label"": ""statistical assistant"", ""score"": 0.4813}, {""uri"": ""http://data.europa.eu/esco/occupation/9e2e6e1e-363b-4e1b-a673-7bc0f7343300"", ""label"": ""ICT system administrator"", ""score"": 0.4751}, {""uri"": ""http://data.europa.eu/esco/occupation/781a6350-e686-45b9-b075-e4c8d5a05ff7"", ""label"": ""cloud software developer"", ""score"": 0.4736}, {""uri"": ""http://data.europa.eu/esco/occupation/c6bd511a-d966-4df9-a48e-4f800354f268"", ""label"": ""operations manager"", ""score"": 0.4658}, {""uri"": ""http://data.europa.eu/esco/occupation/8a3498c7-470a-4067-b48e-f330d9b702e8"", ""label"": ""securities underwriter"", ""score"": 0.4546}, {""uri"": ""http://data.europa.eu/esco/occupation/9729c0f3-c9bc-482e-ac59-a82ec3b67ba3"", ""label"": ""data centre operator"", ""score"": 0.4463}, {""uri"": ""http://data.europa.eu/esco/occupation/57e87533-e523-4ee5-bf21-94a39fcc279b"", ""label"": ""health safety and environmental manager"", ""score"": 0.4452}, {""uri"": ""http://data.europa.eu/esco/occupation/0464b062-cea6-4164-b10d-956c61956ae7"", ""label"": ""ICT security administrator"", ""score"": 0.4265}, {""uri"": ""http://data.europa.eu/esco/occupation/64c7d461-152c-477f-a8e2-c2c537e9d617"", ""label"": ""ICT network technician"", ""score"": 0.4207}]",<0.50,6466,40,dev
290925004426,Genpact Inviting Applications For Order To Cash - Hyderabad,genpact inviting applications for order to cash hyderabad,Genpact,"order to cash, accounts receivable, o2c cash application, billing, fna, commerce, cash applications, o2c billing",,,0.4067,0.0,"[{""uri"": ""http://data.europa.eu/esco/occupation/6353b3e8-e8f2-4ecb-b230-186927139892"", ""label"": ""data entry clerk"", ""score"": 0.4067}, {""uri"": ""http://data.europa.eu/esco/occupation/4f5e4fb1-58bd-4abd-bb06-4af9203a1518"", ""label"": ""filing machine operator"", ""score"": 0.378}, {""uri"": ""http://data.europa.eu/esco/occupation/73357956-f607-4baa-9ce6-03beb9b39da2"", ""label"": ""sales processor"", ""score"": 0.3638}, {""uri"": ""http://data.europa.eu/esco/occupation/50a66df6-c141-4b4a-937a-d3bc55737ae3"", ""label"": ""debt collector"", ""score"": 0.36}, {""uri"": ""http://data.europa.eu/esco/occupation/53a362a4-4c83-4ce2-837f-d1faba4cd247"", ""label"": ""bid manager"", ""score"": 0.3472}, {""uri"": ""http://data.europa.eu/esco/occupation/de99886e-59e3-432d-ba53-9652dbe378d6"", ""label"": ""programme funding manager"", ""score"": 0.3465}, {""uri"": ""http://data.europa.eu/esco/occupation/91f93dc4-1b71-4053-b6fb-c579ec19303a"", ""label"": ""procurement department manager"", ""score"": 0.3447}, {""uri"": ""http://data.europa.eu/esco/occupation/490d0c6f-0dc8-4825-9f17-207749fb1785"", ""label"": ""ATM repair technician"", ""score"": 0.3436}, {""uri"": ""http://data.europa.eu/esco/occupation/d2d451cc-e839-4192-be54-d7724814aa03"", ""label"": ""corporate banking adviser"", ""score"": 0.3377}, {""uri"": ""http://data.europa.eu/esco/occupation/f5cb9901-86fc-48d0-9cde-667fbe8cef3a"", ""label"": ""hand packer"", ""score"": 0.337}]",<0.50,6466,40,test
031025013319,F2F- 11th Oct - OIC Developer (Technical)-pune,f2f 11th oct oic developer pune,Jade Global,"oic, vbcs, oracle fusion, development, fusion, oracle, technical",,,0.4706,0.0,"[{""uri"": ""http://data.europa.eu/esco/occupation/16605833-c196-48d7-a6f5-bbdebdc353df"", ""label"": ""ICT presales engineer"", ""score"": 0.4706}, {""uri"": ""http://data.europa.eu/esco/occupation/a44a1dc5-be08-4840-8bd5-770c4ac1ca6d"", ""label"": ""ICT security technician"", ""score"": 0.4517}, {""uri"": ""http://data.europa.eu/esco/occupation/9e1e8379-6377-4969-b141-0d2337218fc9"", ""label"": ""economic development coordinator"", ""score"": 0.4436}, {""uri"": ""http://data.europa.eu/esco/occupation/a7c1d23d-aeca-4bee-9a08-5993ed98b135"", ""label"": ""ICT system developer"", ""score"": 0.4427}, {""uri"": ""http://data.europa.eu/esco/occupation/f2b15a0e-e65a-438a-affb-29b9d50b77d1"", ""label"": ""software developer"", ""score"": 0.4373}, {""uri"": ""http://data.europa.eu/esco/occupation/fd1c83b3-60d5-4a5f-86c5-94dc2842c246"", ""label"": ""integrated circuit design engineer"", ""score"": 0.4292}, {""uri"": ""http://data.europa.eu/esco/occupation/60082a99-d8ef-4e84-9290-78902681b6ed"", ""label"": ""business analyst"", ""score"": 0.429}, {""uri"": ""http://data.europa.eu/esco/occupation/a6517365-211c-456d-aca4-1a0115c7b1e1"", ""label"": ""e-learning architect"", ""score"": 0.4205}, {""uri"": ""http://data.europa.eu/esco/occupation/555235ce-8c45-409b-a6c9-83e69c2d2bce"", ""label"": ""military engineer"", ""score"": 0.4165}, {""uri"": ""http://data.europa.eu/esco/occupation/866c7813-2c03-47d7-9bdc-192cfbace57c"", ""label"": ""user interface developer"", ""score"": 0.4142}]",<0.50,6466,40,dev
260925919459,SAP BW Hana Professional,sap bw hana professional,IDESLABS PRIVATE LIMITED,"sap abap hana, sap implementation, data modeling, sap bw, abap, sap byd, sap, maintain documentation",,,0.4455,0.4,"[{""uri"": ""http://data.europa.eu/esco/occupation/276a4ff1-a67c-4677-9f20-dc85f1060e1b"", ""label"": ""middle office analyst"", ""score"": 0.4924}, {""uri"": ""http://data.europa.eu/esco/occupation/d3edb8f8-3a06-47a0-8fb9-9b212c006aa2"", ""label"": ""data analyst"", ""score"": 0.4818}, {""uri"": ""http://data.europa.eu/esco/occupation/b76178c0-a03a-4793-b079-1e61e636c521"", ""label"": ""business developer"", ""score"": 0.4663}, {""uri"": ""http://data.europa.eu/esco/occupation/102e75c8-3b47-4964-9b47-30a980aed25c"", ""label"": ""ICT disaster recovery analyst"", ""score"": 0.4663}, {""uri"": ""http://data.europa.eu/esco/occupation/1562c7a3-c7d9-419d-b9b6-db26610bcf84"", ""label"": ""data warehouse designer"", ""score"": 0.4465}, {""uri"": ""http://data.europa.eu/esco/occupation/04ba4d6c-957d-417f-bf63-5b9e015a9f86"", ""label"": ""software analyst"", ""score"": 0.4455}, {""uri"": ""http://data.europa.eu/esco/occupation/f0ca39a8-1e30-487c-95f9-ef2d5e734adc"", ""label"": ""ICT operations manager"", ""score"": 0.4399}, {""uri"": ""http://data.europa.eu/esco/occupation/207d7b18-6540-432e-8aa6-785ed434572f"", ""label"": ""business intelligence manager"", ""score"": 0.4389}, {""uri"": ""http://data.europa.eu/esco/occupation/a330b100-e651-4db1-bcf0-e9cbc025c614"", ""label"": ""process officer"", ""score"": 0.4375}, {""uri"": ""http://data.europa.eu/esco/occupation/4f49df98-98b8-4a9e-98ad-9c5557817eba"", ""label"": ""strategic planning manager"", ""score"": 0.437}]",<0.50,6466,40,test
290925502826,PGT,pgt,Edu Expert,"com, tgt, bed, teaching english, biology, mathematics, tutoring, teaching",,,0.4511,0.2,"[{""uri"": ""http://data.europa.eu/esco/occupation/e139b0a3-3bc5-4c33-bfbf-51ac20ac12fa"", ""label"": ""radiation therapist"", ""score"": 0.5269}, {""uri"": ""http://data.europa.eu/esco/occupation/047108c3-f987-40a4-bef0-f2b3407ec16a"", ""label"": ""medical physics expert"", ""score"": 0.4511}, {""uri"": ""http://data.europa.eu/esco/occupation/8a0afc76-4a09-449a-9e7b-a33495889f95"", ""label"": ""chief product officer"", ""score"": 0.4447}, {""uri"": ""http://data.europa.eu/esco/occupation/5ccb2c34-e860-43a5-9869-342487518115"", ""label"": ""project support officer"", ""score"": 0.4416}, {""uri"": ""http://data.europa.eu/esco/occupation/771a47c9-9cf4-4368-9752-2a1ea5a783d7"", ""label"": ""private detective"", ""score"": 0.4123}, {""uri"": ""http://data.europa.eu/esco/occupation/f756fdab-7726-4c48-bfcc-94ff8810fc08"", ""label"": ""kitchen porter"", ""score"": 0.4112}, {""uri"": ""http://data.europa.eu/esco/occupation/976f752c-5f10-42ca-84fb-89aa529af04f"", ""label"": ""patient transport services driver"", ""score"": 0.405}, {""uri"": ""http://data.europa.eu/esco/occupation/006cc1f9-2841-41c3-991a-dc3f2f3bd533"", ""label"": ""physiotherapist"", ""score"": 0.3945}, {""uri"": ""http://data.europa.eu/esco/occupation/066fe11d-10e4-4fec-bd27-3e78797500b9"", ""label"": ""enameller"", ""score"": 0.3841}, {""uri"": ""http://data.europa.eu/esco/occupation/7ed2e153-8da8-4c0d-b4c5-3402c623f34b"", ""label"": ""postman/postwoman"", ""score"": 0.3822}]",<0.50,6466,40,dev
250925036776,Hiring For  Upselling Process || UPTO 6.5 LPA CTC ||Gurugram,for upselling process upto 6.5 lpa ctc gurugram,Kisam Enterprises,"customer service, international sales, upselling, sales, international bpo, bpo, customer service executive, inbound sales",,,0.4523,0.25,"[{""uri"": ""http://data.europa.eu/esco/occupation/d46a0f9d-4474-46f8-b59d-7970da915b94"", ""label"": ""hardware, plumbing and heating equipment and supplies distribution manager"", ""score"": 0.4684}, {""uri"": ""http://data.europa.eu/esco/occupation/243f3b7e-cd7a-419a-94c0-d4f2040f09af"", ""label"": ""computers, computer peripheral equipment and software distribution manager"", ""score"": 0.4661}, {""uri"": ""http://data.europa.eu/esco/occupation/032d4115-03ec-49c9-853d-678f8a41969b"", ""label"": ""electronic and telecommunications equipment and parts distribution manager"", ""score"": 0.4601}, {""uri"": ""http://data.europa.eu/esco/occupation/7c2fbf7d-b934-4f62-8167-0ed90fb2a16f"", ""label"": ""rolling stock engineer"", ""score"": 0.4588}, {""uri"": ""http://data.europa.eu/esco/occupation/7bc02fa7-7aaa-41a6-be5b-ab7a7b6684d3"", ""label"": ""gas distribution engineer"", ""score"": 0.457}, {""uri"": ""http://data.europa.eu/esco/occupation/d1974e0c-8f92-473b-a32d-f0616c08b1ff"", ""label"": ""precision mechanic"", ""score"": 0.4563}, {""uri"": ""http://data.europa.eu/esco/occupation/4e3fede9-5522-4624-91bc-b59c79fada02"", ""label"": ""packing machinery engineer"", ""score"": 0.4557}, {""uri"": ""http://data.europa.eu/esco/occupation/4dc6e03f-bfb0-4078-a453-01bd1cb735aa"", ""label"": ""computer and accessories specialised seller"", ""score"": 0.4523}, {""uri"": ""http://data.europa.eu/esco/occupation/13b12b2d-e223-46f5-a6c0-cb77fe37f03a"", ""label"": ""textile industry machinery distribution manager"", ""score"": 0.4352}, {""uri"": ""http://data.europa.eu/esco/occupation/b5eaf231-77ad-4a86-8e54-15cc4398aad2"", ""label"": ""process engineer"", ""score"": 0.4327}]",<0.50,6466,40,dev
290925024517,Hindi Voice Process,hindi voice process,Hexaware Technologies,"hindi, hindi call center, center, voice, voice process, process, calling",,,0.415,0.1,"[{""uri"": ""http://data.europa.eu/esco/occupation/35e67944-231e-4bc9-8c69-560f203167ff"", ""label"": ""intelligence communications interceptor"", ""score"": 0.4371}, {""uri"": ""http://data.europa.eu/esco/occupation/c85e39a4-2c40-413f-a171-45907ecdd599"", ""label"": ""talent agent"", ""score"": 0.4346}, {""uri"": ""http://data.europa.eu/esco/occupation/1a07bd7d-2e1d-4930-a84a-1a442b8f2a44"", ""label"": ""translator"", ""score"": 0.4293}, {""uri"": ""http://data.europa.eu/esco/occupation/5ff7a990-a306-40c2-9224-b2bf7f15b2f9"", ""label"": ""music producer"", ""score"": 0.4225}, {""uri"": ""http://data.europa.eu/esco/occupation/e89e330c-daa3-48f0-b34e-04e3344ea8dc"", ""label"": ""voice-over artist"", ""score"": 0.415}, {""uri"": ""http://data.europa.eu/esco/occupation/2800e788-57b4-49f7-9c00-6c35e12cfb8e"", ""label"": ""puppeteer"", ""score"": 0.4095}, {""uri"": ""http://data.europa.eu/esco/occupation/5a91a8bc-eb18-4c7e-847d-96cbcce5a47a"", ""label"": ""speechwriter"", ""score"": 0.4004}, {""uri"": ""http://data.europa.eu/esco/occupation/36095ccd-c62d-4f1f-8af7-1fd10618b044"", ""label"": ""sound editor"", ""score"": 0.4004}, {""uri"": ""http://data.europa.eu/esco/occupation/a9c7a04d-807a-41b5-b441-87c73c73c9c5"", ""label"": ""linguist"", ""score"": 0.397}, {""uri"": ""http://data.europa.eu/esco/occupation/5d5fde2c-47ce-4dcd-99f0-ba651b7b908f"", ""label"": ""medical transcriptionist"", ""score"": 0.3774}]",<0.50,6466,40,dev
110925010963,Ca Fresher - Indirect Tax,ca indirect tax,Acme Services,"indirect taxation, litigation support, gst compliance, gstr 9, gstr 9c, gst reconciliation, gst return, gst audit",,,0.3949,0.5,"[{""uri"": ""http://data.europa.eu/esco/occupation/c766198e-5b9c-4c85-9fef-be27c783ab19"", ""label"": ""tax inspector"", ""score"": 0.3949}, {""uri"": ""http://data.europa.eu/esco/occupation/fc35b7ca-ecec-40d7-91b5-5065f662d955"", ""label"": ""airport director"", ""score"": 0.3594}, {""uri"": ""http://data.europa.eu/esco/occupation/59c22779-4d89-4bc9-ba8b-d64bea236723"", ""label"": ""tax advisor"", ""score"": 0.3507}, {""uri"": ""http://data.europa.eu/esco/occupation/84fabf82-4abf-4f41-99aa-55718a2e500b"", ""label"": ""tax clerk"", ""score"": 0.349}, {""uri"": ""http://data.europa.eu/esco/occupation/4a39fddb-17e7-4431-be03-613edab8d1c8"", ""label"": ""tax compliance officer"", ""score"": 0.3217}, {""uri"": ""http://data.europa.eu/esco/occupation/b3e459a2-0103-4182-8882-c255d474a7ff"", ""label"": ""tax policy analyst"", ""score"": 0.3131}, {""uri"": ""http://data.europa.eu/esco/occupation/12ff7f9c-c5b5-4d4a-b585-c350dd1400eb"", ""label"": ""business economics researcher"", ""score"": 0.2998}, {""uri"": ""http://data.europa.eu/esco/occupation/dab60fc6-c16e-4de7-b969-b323784f5a49"", ""label"": ""category manager"", ""score"": 0.2818}, {""uri"": ""http://data.europa.eu/esco/occupation/974d4eab-fbee-4c52-b16e-73bdd8c25b53"", ""label"": ""lawyer"", ""score"": 0.2721}, {""uri"": ""http://data.europa.eu/esco/occupation/50a66df6-c141-4b4a-937a-d3bc55737ae3"", ""label"": ""debt collector"", ""score"": 0.2717}]",<0.50,6466,40,dev
250925916925,SAP PPQM Professional,sap ppqm professional,IDESLABS PRIVATE LIMITED,"sap, sap pp, troubleshooting, sap pp qm, technical documentation, it business analysis, project management, macros",,,0.4775,0.2,"[{""uri"": ""http://data.europa.eu/esco/occupation/7f0d69cf-8b02-4a84-865a-37585dea9b43"", ""label"": ""broadcasting programme director"", ""score"": 0.5348}, {""uri"": ""http://data.europa.eu/esco/occupation/03632d98-0ae3-4dd2-941c-3b48de9a0219"", ""label"": ""performance production manager"", ""score"": 0.5113}, {""uri"": ""http://data.europa.eu/esco/occupation/aeb7c6bd-22c9-43c2-8551-a1cc2560584f"", ""label"": ""forecast manager"", ""score"": 0.5082}, {""uri"": ""http://data.europa.eu/esco/occupation/f0ca39a8-1e30-487c-95f9-ef2d5e734adc"", ""label"": ""ICT operations manager"", ""score"": 0.4929}, {""uri"": ""http://data.europa.eu/esco/occupation/e5257110-e7f1-453a-a2dc-bd374945bc4a"", ""label"": ""leather goods production manager"", ""score"": 0.4775}, {""uri"": ""http://data.europa.eu/esco/occupation/6482664d-48f4-4ff4-9346-584ac0e2f729"", ""label"": ""footwear production manager"", ""score"": 0.4775}, {""uri"": ""http://data.europa.eu/esco/occupation/3c136897-4e0e-41ef-bb57-d8152323b93a"", ""label"": ""business service manager"", ""score"": 0.4771}, {""uri"": ""http://data.europa.eu/esco/occupation/788a9895-a39a-4a83-be90-e006e2f8dce5"", ""label"": ""pipeline superintendent"", ""score"": 0.4716}, {""uri"": ""http://data.europa.eu/esco/occupation/9f508305-80ce-4111-8722-f2c9b4a44890"", ""label"": ""product manager"", ""score"": 0.4699}, {""uri"": ""http://data.europa.eu/esco/occupation/1488589a-7b83-471d-b094-492f5616f4e0"", ""label"": ""product development manager"", ""score"": 0.4699}]",<0.50,6466,40,dev
260925501790,Trend Micro L1,trend micro,Vision Beyond Resources India Private Limited,"analytical skills, malware analysis, security analyst, antivirus, vulnerability, trend micro, troubleshooting, security operations",,,0.4225,0.625,"[{""uri"": ""http://data.europa.eu/esco/occupation/7f0fe7d3-54c6-41e9-88ba-9d4f0f1a46b4"", ""label"": ""microsystem engineer"", ""score"": 0.4622}, {""uri"": ""http://data.europa.eu/esco/occupation/26e1add0-da3f-4ed6-aa91-791cb550146f"", ""label"": ""microsystem engineering technician"", ""score"": 0.4397}, {""uri"": ""http://data.europa.eu/esco/occupation/0ce5a9f4-e00a-4bbe-b255-3c63407167a4"", ""label"": ""cyber incident responder"", ""score"": 0.4225}, {""uri"": ""http://data.europa.eu/esco/occupation/82616669-cc82-4455-9332-a2df209e9f3e"", ""label"": ""microelectronics smart manufacturing engineer"", ""score"": 0.4159}, {""uri"": ""http://data.europa.eu/esco/occupation/574f46e2-e48d-4cde-a7b1-877004ea4c52"", ""label"": ""hardware and paint shop manager"", ""score"": 0.4009}, {""uri"": ""http://data.europa.eu/esco/occupation/7b4744a8-a4e3-4104-9b74-4ec54108af7b"", ""label"": ""microelectronics designer"", ""score"": 0.3964}, {""uri"": ""http://data.europa.eu/esco/occupation/1c5a896a-e010-4217-a29a-c44db26e25da"", ""label"": ""embedded systems security engineer"", ""score"": 0.3901}, {""uri"": ""http://data.europa.eu/esco/occupation/d8e5410b-5199-403f-8cbd-d32efb17a296"", ""label"": ""computer shop manager"", ""score"": 0.3889}, {""uri"": ""http://data.europa.eu/esco/occupation/9db7d74c-b46d-45c0-b611-6bcb7456ecc6"", ""label"": ""ICT research manager"", ""score"": 0.3873}, {""uri"": ""http://data.europa.eu/esco/occupation/0ea36a48-a27d-4515-b61f-3cab395cf60f"", ""label"": ""microelectronics engineering technician"", ""score"": 0.3833}]",<0.50,6466,40,test
250925024309,BTP ABAP Developer,btp abap developer,Baranwal Consultancy and Services,"btp, rap, odata, java, api integration, mobile development, cds views, event mesh",,,0.4843,0.25,"[{""uri"": ""http://data.europa.eu/esco/occupation/b76178c0-a03a-4793-b079-1e61e636c521"", ""label"": ""business developer"", ""score"": 0.5226}, {""uri"": ""http://data.europa.eu/esco/occupation/60082a99-d8ef-4e84-9290-78902681b6ed"", ""label"": ""business analyst"", ""score"": 0.5124}, {""uri"": ""http://data.europa.eu/esco/occupation/fde4372d-8293-42de-afbb-8b5a9b274fe7"", ""label"": ""application engineer"", ""score"": 0.5016}, {""uri"": ""http://data.europa.eu/esco/occupation/04ba4d6c-957d-417f-bf63-5b9e015a9f86"", ""label"": ""software analyst"", ""score"": 0.4843}, {""uri"": ""http://data.europa.eu/esco/occupation/a330b100-e651-4db1-bcf0-e9cbc025c614"", ""label"": ""process officer"", ""score"": 0.4801}, {""uri"": ""http://data.europa.eu/esco/occupation/01ffb917-98dc-48c1-91ad-93c4104e791d"", ""label"": ""biomedical engineer"", ""score"": 0.4546}, {""uri"": ""http://data.europa.eu/esco/occupation/6a29d804-f775-446c-bec7-35fc4e28ac97"", ""label"": ""business consultant"", ""score"": 0.446}, {""uri"": ""http://data.europa.eu/esco/occupation/d3edb8f8-3a06-47a0-8fb9-9b212c006aa2"", ""label"": ""data analyst"", ""score"": 0.444}, {""uri"": ""http://data.europa.eu/esco/occupation/d0aa0792-4345-474b-9365-686cf4869d2e"", ""label"": ""software architect"", ""score"": 0.4389}, {""uri"": ""http://data.europa.eu/esco/occupation/12ff7f9c-c5b5-4d4a-b585-c350dd1400eb"", ""label"": ""business economics researcher"", ""score"": 0.4356}]",<0.50,6466,40,test
270925006207,Urgent Requirement : Bajaj Allianz Life Insurance || Banca - RM - 3.5L,requirement bajaj allianz life insurance banca rm 3.5l,Hirva Hr Solutions,"sales, banca, hni, cross sales, sales and marketing, bancassurance, insurance sales, credit cards",,,0.4477,0.16666666666666666,"[{""uri"": ""http://data.europa.eu/esco/occupation/594170bc-5663-40b0-97ef-c9f1ad51b2a0"", ""label"": ""insurance agency manager"", ""score"": 0.4554}, {""uri"": ""http://data.europa.eu/esco/occupation/e937449a-d9e0-4ab7-9ea5-4d3ac673be6d"", ""label"": ""insurance underwriter"", ""score"": 0.4527}, {""uri"": ""http://data.europa.eu/esco/occupation/a198de8c-24b1-4002-982f-a57ae6d6c19c"", ""label"": ""insurance broker"", ""score"": 0.4477}, {""uri"": ""http://data.europa.eu/esco/occupation/1e331638-3f66-4641-9c49-56a94235f94c"", ""label"": ""insurance rating analyst"", ""score"": 0.43}, {""uri"": ""http://data.europa.eu/esco/occupation/b09acdda-6680-49d1-a411-129610ee3bc0"", ""label"": ""corporate risk manager"", ""score"": 0.4128}, {""uri"": ""http://data.europa.eu/esco/occupation/7bcafcd7-3f35-4a72-849c-c92b334927fd"", ""label"": ""insurance risk consultant"", ""score"": 0.4128}, {""uri"": ""http://data.europa.eu/esco/occupation/942211c1-b534-4a14-ae85-38ea44c2d14b"", ""label"": ""insurance claims manager"", ""score"": 0.4004}, {""uri"": ""http://data.europa.eu/esco/occupation/73856e9e-eca2-44c2-bb3c-aaedf4b25979"", ""label"": ""insurance product manager"", ""score"": 0.3951}, {""uri"": ""http://data.europa.eu/esco/occupation/068c2787-58ff-468e-bbb6-c4e5dd6ee482"", ""label"": ""actuarial consultant"", ""score"": 0.3861}, {""uri"": ""http://data.europa.eu/esco/occupation/9a39a143-d93c-4093-ba3b-47fb67ade318"", ""label"": ""insurance clerk"", ""score"": 0.3782}]",<0.50,6466,40,dev
300925010972,Power Bi Power Apps Developer,power bi power apps developer,Tech Mahindra,"power bi, dax, power query, powerapps, sql, power bi dashboards, data visualization, data modeling",,,0.4457,0.5,"[{""uri"": ""http://data.europa.eu/esco/occupation/f2b15a0e-e65a-438a-affb-29b9d50b77d1"", ""label"": ""software developer"", ""score"": 0.4851}, {""uri"": ""http://data.europa.eu/esco/occupation/207d7b18-6540-432e-8aa6-785ed434572f"", ""label"": ""business intelligence manager"", ""score"": 0.4838}, {""uri"": ""http://data.europa.eu/esco/occupation/04ba4d6c-957d-417f-bf63-5b9e015a9f86"", ""label"": ""software analyst"", ""score"": 0.4761}, {""uri"": ""http://data.europa.eu/esco/occupation/fde4372d-8293-42de-afbb-8b5a9b274fe7"", ""label"": ""application engineer"", ""score"": 0.4605}, {""uri"": ""http://data.europa.eu/esco/occupation/349ee6f6-c295-4c38-9b98-48765b55280e"", ""label"": ""cloud engineer"", ""score"": 0.4567}, {""uri"": ""http://data.europa.eu/esco/occupation/bd272aee-adc9-4a06-a15c-a73b4b4a46a7"", ""label"": ""ICT application developer"", ""score"": 0.4549}, {""uri"": ""http://data.europa.eu/esco/occupation/d3edb8f8-3a06-47a0-8fb9-9b212c006aa2"", ""label"": ""data analyst"", ""score"": 0.4457}, {""uri"": ""http://data.europa.eu/esco/occupation/e859428d-6dbd-406b-bb2e-d5a0ae21df29"", ""label"": ""event electrician"", ""score"": 0.4446}, {""uri"": ""http://data.europa.eu/esco/occupation/2ed56c3f-61d6-4f7e-9ef8-8849eb102e4c"", ""label"": ""mobile application developer"", ""score"": 0.4441}, {""uri"": ""http://data.europa.eu/esco/occupation/b76178c0-a03a-4793-b079-1e61e636c521"", ""label"": ""business developer"", ""score"": 0.4441}]",<0.50,6466,40,dev
240925908226,Senior Tibco Developer,tibco developer,Net Connect,"xsd, tibco bw, tibco administrator, xml, tibco ems, sap bi, soa, web services",,,0.4808,0.5,"[{""uri"": ""http://data.europa.eu/esco/occupation/8bc48c43-d976-458a-9e3c-ee784572351d"", ""label"": ""industrial tool design engineer"", ""score"": 0.5329}, {""uri"": ""http://data.europa.eu/esco/occupation/866c7813-2c03-47d7-9bdc-192cfbace57c"", ""label"": ""user interface developer"", ""score"": 0.4817}, {""uri"": ""http://data.europa.eu/esco/occupation/f2b15a0e-e65a-438a-affb-29b9d50b77d1"", ""label"": ""software developer"", ""score"": 0.4808}, {""uri"": ""http://data.europa.eu/esco/occupation/5c082067-ea18-4ccb-8c43-e70b18ad8120"", ""label"": ""computer numerical control machine operator"", ""score"": 0.4787}, {""uri"": ""http://data.europa.eu/esco/occupation/b9711647-463f-4991-a858-d5de66ff2f83"", ""label"": ""property developer"", ""score"": 0.4745}, {""uri"": ""http://data.europa.eu/esco/occupation/d0aa0792-4345-474b-9365-686cf4869d2e"", ""label"": ""software architect"", ""score"": 0.4735}, {""uri"": ""http://data.europa.eu/esco/occupation/d89b23c2-d042-4ca6-a917-109fe5a0b30c"", ""label"": ""curriculum administrator"", ""score"": 0.4671}, {""uri"": ""http://data.europa.eu/esco/occupation/8cb59bc4-1f39-477e-beea-effed12d186c"", ""label"": ""technical communicator"", ""score"": 0.4636}, {""uri"": ""http://data.europa.eu/esco/occupation/04ba4d6c-957d-417f-bf63-5b9e015a9f86"", ""label"": ""software analyst"", ""score"": 0.4571}, {""uri"": ""http://data.europa.eu/esco/occupation/a7c1d23d-aeca-4bee-9a08-5993ed98b135"", ""label"": ""ICT system developer"", ""score"": 0.4559}]",<0.50,6466,40,test
230925023188,Assamese - Domestic Voice Process,assamese domestic voice process,Orion,"malayalam, domestic bpo, communication skills, voice process, interpersonal skills, domestic voice process, assamese, bpo",,,0.4199,0.0,"[{""uri"": ""http://data.europa.eu/esco/occupation/3a17bd32-8a00-47cb-82aa-2b5660cf1192"", ""label"": ""audiology equipment specialised seller"", ""score"": 0.4199}, {""uri"": ""http://data.europa.eu/esco/occupation/35e67944-231e-4bc9-8c69-560f203167ff"", ""label"": ""intelligence communications interceptor"", ""score"": 0.4017}, {""uri"": ""http://data.europa.eu/esco/occupation/a9c7a04d-807a-41b5-b441-87c73c73c9c5"", ""label"": ""linguist"", ""score"": 0.3687}, {""uri"": ""http://data.europa.eu/esco/occupation/23e692a9-a242-4d4f-988f-ed562f757864"", ""label"": ""interpreter"", ""score"": 0.3601}, {""uri"": ""http://data.europa.eu/esco/occupation/03b55cb5-9735-4582-8e20-2b1cb76635cb"", ""label"": ""audiology equipment shop manager"", ""score"": 0.3557}, {""uri"": ""http://data.europa.eu/esco/occupation/ac60ed89-da6d-4f1a-93ee-1031789c7796"", ""label"": ""court reporter"", ""score"": 0.3514}, {""uri"": ""http://data.europa.eu/esco/occupation/b065b637-5cb5-44d9-8c39-08004b51734e"", ""label"": ""acoustical engineer"", ""score"": 0.347}, {""uri"": ""http://data.europa.eu/esco/occupation/a1cf1406-3632-494c-bff3-0bd5d5327d8f"", ""label"": ""survey enumerator"", ""score"": 0.346}, {""uri"": ""http://data.europa.eu/esco/occupation/acf69cab-8629-45c8-ae10-c8fb15f474b6"", ""label"": ""anthropologist"", ""score"": 0.3424}, {""uri"": ""http://data.europa.eu/esco/occupation/fb0c7da2-6d0e-4a3f-be3e-344f58f0e82d"", ""label"": ""modern languages teacher secondary school"", ""score"": 0.3421}]",<0.50,6466,40,test
250925929916,TDSC - Motor Control Algorithms professional,tdsc motor control algorithms professional,Krazy Mantra HR Solutions Pvt. Ltd,"algorithms, motor control, rtos, arm cortex, embedded c, matlab, simulink, c++",,,0.4145,0.3333333333333333,"[{""uri"": ""http://data.europa.eu/esco/occupation/8f9b20ff-86b3-478c-8054-73a220973d6f"", ""label"": ""automated cable vehicle controller"", ""score"": 0.4545}, {""uri"": ""http://data.europa.eu/esco/occupation/5001506f-dd7d-4801-92ac-6f7e93b45133"", ""label"": ""industrial robot controller"", ""score"": 0.4458}, {""uri"": ""http://data.europa.eu/esco/occupation/77abfaec-a250-4765-95fa-6091e8da1bba"", ""label"": ""electromechanical engineer"", ""score"": 0.4446}, {""uri"": ""http://data.europa.eu/esco/occupation/a1c9f8b7-c4ce-4b15-ac3c-3378c300d8f2"", ""label"": ""milling machine operator"", ""score"": 0.4286}, {""uri"": ""http://data.europa.eu/esco/occupation/06461fc3-1274-40a1-9322-dfc2753f5eea"", ""label"": ""spinning textile operator"", ""score"": 0.4223}, {""uri"": ""http://data.europa.eu/esco/occupation/5c082067-ea18-4ccb-8c43-e70b18ad8120"", ""label"": ""computer numerical control machine operator"", ""score"": 0.4145}, {""uri"": ""http://data.europa.eu/esco/occupation/f56e33a3-01bb-46ba-98f4-d47aa242b983"", ""label"": ""road transport division manager"", ""score"": 0.4042}, {""uri"": ""http://data.europa.eu/esco/occupation/63042e8f-dd59-47fe-87f3-3b2ce21f196a"", ""label"": ""lathe and turning machine operator"", ""score"": 0.4025}, {""uri"": ""http://data.europa.eu/esco/occupation/e9640041-ca34-4955-aa8c-629717d0dcda"", ""label"": ""tram controller"", ""score"": 0.3962}, {""uri"": ""http://data.europa.eu/esco/occupation/5979893a-0a30-447b-8f33-1ea405600583"", ""label"": ""powertrain engineer"", ""score"": 0.3874}]",<0.50,6466,40,test
031025003132,Urgent hiring For SAP FSCM,for sap fscm,Capgemini,"sap fscm, collection management, credit management, fscm, dispute management, collections, sap, credit",,,0.4898,0.0,"[{""uri"": ""http://data.europa.eu/esco/occupation/c227dcff-dd84-487e-a171-da3d919129bb"", ""label"": ""student financial support coordinator"", ""score"": 0.4898}, {""uri"": ""http://data.europa.eu/esco/occupation/c01cdf85-3ce0-4d12-ae86-e4e63493fafa"", ""label"": ""financial broker"", ""score"": 0.4801}, {""uri"": ""http://data.europa.eu/esco/occupation/5e5b1b61-1351-4d3b-a293-deb3661715dd"", ""label"": ""financial controller"", ""score"": 0.4698}, {""uri"": ""http://data.europa.eu/esco/occupation/bcc2c1db-f969-4355-bebf-4878ff6c2a94"", ""label"": ""service manager"", ""score"": 0.4672}, {""uri"": ""http://data.europa.eu/esco/occupation/d96de969-d43d-4082-8559-7fc35484a217"", ""label"": ""relationship banking manager"", ""score"": 0.4651}, {""uri"": ""http://data.europa.eu/esco/occupation/1242d99a-47f1-4a62-b884-33746db8a6ca"", ""label"": ""ICT help desk manager"", ""score"": 0.4585}, {""uri"": ""http://data.europa.eu/esco/occupation/6833077e-e521-4605-bc1a-893f4b3d811c"", ""label"": ""textile product developer"", ""score"": 0.4577}, {""uri"": ""http://data.europa.eu/esco/occupation/30ca97f4-a4fd-4189-a781-ac08f6b09b78"", ""label"": ""call centre analyst"", ""score"": 0.4508}, {""uri"": ""http://data.europa.eu/esco/occupation/109e0a5d-203d-4af6-8f70-692111335ec3"", ""label"": ""quality services manager"", ""score"": 0.4497}, {""uri"": ""http://data.europa.eu/esco/occupation/e5a63940-57d3-4065-8713-74b4e2c93063"", ""label"": ""product and services manager"", ""score"": 0.4472}]",<0.50,6466,40,test
031025004716,Senior Software Engineer - .net core + ReactJs,software engineer .net core + reactjs,Rishabh Software,".net core, reactjs, c#, restful api, rest, react.js, core, software",,,0.4636,0.16666666666666666,"[{""uri"": ""http://data.europa.eu/esco/occupation/a7c1d23d-aeca-4bee-9a08-5993ed98b135"", ""label"": ""ICT system developer"", ""score"": 0.4636}, {""uri"": ""http://data.europa.eu/esco/occupation/866c7813-2c03-47d7-9bdc-192cfbace57c"", ""label"": ""user interface developer"", ""score"": 0.3904}, {""uri"": ""http://data.europa.eu/esco/occupation/349ee6f6-c295-4c38-9b98-48765b55280e"", ""label"": ""cloud engineer"", ""score"": 0.3661}, {""uri"": ""http://data.europa.eu/esco/occupation/30ed83ba-cc89-4d9f-a59d-5c783c1da56e"", ""label"": ""web designer"", ""score"": 0.3634}, {""uri"": ""http://data.europa.eu/esco/occupation/c40a2919-48a9-40ea-b506-1f34f693496d"", ""label"": ""web developer"", ""score"": 0.3624}, {""uri"": ""http://data.europa.eu/esco/occupation/9f508305-80ce-4111-8722-f2c9b4a44890"", ""label"": ""product manager"", ""score"": 0.3548}, {""uri"": ""http://data.europa.eu/esco/occupation/dbc88790-a8c1-4dc4-9507-8f9dcff9c990"", ""label"": ""engine designer"", ""score"": 0.3539}, {""uri"": ""http://data.europa.eu/esco/occupation/781a6350-e686-45b9-b075-e4c8d5a05ff7"", ""label"": ""cloud software developer"", ""score"": 0.3508}, {""uri"": ""http://data.europa.eu/esco/occupation/f2b15a0e-e65a-438a-affb-29b9d50b77d1"", ""label"": ""software developer"", ""score"": 0.3393}, {""uri"": ""http://data.europa.eu/esco/occupation/8bc48c43-d976-458a-9e3c-ee784572351d"", ""label"": ""industrial tool design engineer"", ""score"": 0.3328}]",<0.50,6466,40,test
250925931921,"Snowflake, DBT, SQL, Kafka Professional",snowflake dbt sql kafka professional,Krazy Mantra HR Solutions Pvt. Ltd,"sql, data lake, snowflake, kafka, agile, hive, data warehousing, datafactory",,,0.3098,0.6666666666666666,"[{""uri"": ""http://data.europa.eu/esco/occupation/1562c7a3-c7d9-419d-b9b6-db26610bcf84"", ""label"": ""data warehouse designer"", ""score"": 0.3618}, {""uri"": ""http://data.europa.eu/esco/occupation/8d9ec84d-cf2d-4179-87bc-335cda54a427"", ""label"": ""database designer"", ""score"": 0.3442}, {""uri"": ""http://data.europa.eu/esco/occupation/d3edb8f8-3a06-47a0-8fb9-9b212c006aa2"", ""label"": ""data analyst"", ""score"": 0.3368}, {""uri"": ""http://data.europa.eu/esco/occupation/b11e1742-5e28-4270-b081-b0193d85ee7d"", ""label"": ""database developer"", ""score"": 0.3156}, {""uri"": ""http://data.europa.eu/esco/occupation/8c57af09-719c-42b3-be40-6ed4946236cc"", ""label"": ""database administrator"", ""score"": 0.3148}, {""uri"": ""http://data.europa.eu/esco/occupation/340b04fd-6312-47e5-80ff-28222a343864"", ""label"": ""fisheries engineering technician"", ""score"": 0.3126}, {""uri"": ""http://data.europa.eu/esco/occupation/3d190639-90f8-4402-b1b3-a104a17e0d67"", ""label"": ""database integrator"", ""score"": 0.3098}, {""uri"": ""http://data.europa.eu/esco/occupation/f0ca39a8-1e30-487c-95f9-ef2d5e734adc"", ""label"": ""ICT operations manager"", ""score"": 0.3043}, {""uri"": ""http://data.europa.eu/esco/occupation/7086d0ca-1e77-4690-89c9-7ed1a0478fa3"", ""label"": ""data quality specialist"", ""score"": 0.2972}, {""uri"": ""http://data.europa.eu/esco/occupation/591c5063-69ce-4551-ba60-e2304111130f"", ""label"": ""aviation data communications manager"", ""score"": 0.2892}]",<0.50,6466,40,dev
